base,geno,aster,septin_along,lifetime_s,speed_nm_s,outward
S9-AA-NOC-washout-dish1-001,AA,0,0.573,19.62,306.4,0
S9-AA-NOC-washout-dish1-001,AA,0,0.22,18.53,350.6,0
S9-AA-NOC-washout-dish1-001,AA,0,0.83,6.54,201.0,0
S9-AA-NOC-washout-dish1-001,AA,0,0.23,15.26,254.5,0
S9-AA-NOC-washout-dish1-001,AA,0,0.912,13.08,110.5,0
S9-AA-NOC-washout-dish1-001,AA,0,0.974,119.9,88.8,0
S9-AA-NOC-washout-dish1-001,AA,0,0.963,47.96,192.5,1
S9-AA-NOC-washout-dish1-001,AA,0,0.93,18.53,245.3,0
S9-AA-NOC-washout-dish1-001,AA,0,0.979,31.61,247.3,0
S9-AA-NOC-washout-dish1-001,AA,0,0.512,9.81,91.7,0
S9-AA-NOC-washout-dish1-001,AA,0,0.584,9.81,366.8,0
S9-AA-NOC-washout-dish1-001,AA,0,0.436,7.63,362.0,1
S9-AA-NOC-washout-dish1-001,AA,0,0.464,4.36,198.3,0
S9-AA-NOC-washout-dish1-001,AA,0,0.596,5.45,381.8,0
S9-AA-NOC-washout-dish1-001,AA,0,0.909,20.71,339.2,0
S9-AA-NOC-washout-dish1-001,AA,0,0.921,4.36,337.6,0
S9-AA-NOC-washout-dish1-001,AA,0,0.58,45.78,143.8,0
S9-AA-NOC-washout-dish1-001,AA,0,0.426,6.54,303.7,1
S9-AA-NOC-washout-dish1-001,AA,0,0.734,21.8,231.9,0
S9-AA-NOC-washout-dish1-001,AA,0,0.628,6.54,346.9,1
S9-AA-NOC-washout-dish1-001,AA,0,0.725,6.54,217.4,0
S9-AA-NOC-washout-dish1-001,AA,0,0.678,10.9,237.2,0
S9-AA-NOC-washout-dish1-001,AA,0,0.303,11.99,332.2,1
S9-AA-NOC-washout-dish1-001,AA,0,0.753,6.54,355.0,0
S9-AA-NOC-washout-dish1-001,AA,0,0.783,5.45,273.4,0
S9-AA-NOC-washout-dish1-001,AA,0,0.556,9.81,250.2,0
S9-AA-NOC-washout-dish1-001,AA,0,0.994,4.36,223.0,1
S9-AA-NOC-washout-dish1-001,AA,0,0.311,10.9,356.1,0
S9-AA-NOC-washout-dish1-001,AA,0,0.175,7.63,317.1,0
S9-AA-NOC-washout-dish1-001,AA,0,0.784,23.98,194.0,1
S9-AA-NOC-washout-dish1-001,AA,0,0.12,13.08,258.6,0
S9-AA-NOC-washout-dish1-001,AA,0,0.414,19.62,196.3,1
S9-AA-NOC-washout-dish1-001,AA,0,0.818,13.08,266.3,0
S9-AA-NOC-washout-dish1-001,AA,0,0.189,8.72,392.1,1
S9-AA-NOC-washout-dish1-001,AA,0,0.723,8.72,331.4,0
S9-AA-NOC-washout-dish1-001,AA,0,0.543,11.99,265.1,0
S9-AA-NOC-washout-dish1-001,AA,0,0.551,57.77,210.4,1
S9-AA-NOC-washout-dish1-001,AA,0,0.211,4.36,322.1,1
S9-AA-NOC-washout-dish1-001,AA,0,0.749,16.35,274.6,1
S9-AA-NOC-washout-dish1-001,AA,0,0.12,4.36,433.9,0
S9-AA-NOC-washout-dish1-001,AA,0,0.419,8.72,365.7,1
S9-AA-NOC-washout-dish1-001,AA,0,0.589,7.63,219.7,1
S9-AA-NOC-washout-dish1-001,AA,0,0.701,4.36,191.7,1
S9-AA-NOC-washout-dish1-001,AA,0,0.356,4.36,261.6,0
S9-AA-NOC-washout-dish1-001,AA,0,0.588,4.36,318.7,0
S9-AA-NOC-washout-dish1-001,AA,0,0.644,8.72,314.2,1
S9-AA-NOC-washout-dish1-001,AA,0,0.671,6.54,263.2,0
S9-AA-NOC-washout-dish1-001,AA,0,0.625,5.45,237.0,0
S9-AA-NOC-washout-dish1-001,AA,0,0.111,4.36,334.7,0
S9-AA-NOC-washout-dish1-001,AA,0,0.532,9.81,238.5,1
S9-AA-NOC-washout-dish1-001,AA,0,0.225,9.81,332.3,0
S9-AA-NOC-washout-dish1-001,AA,0,0.703,7.63,246.0,0
S9-AA-NOC-washout-dish1-001,AA,0,0.624,7.63,189.6,1
S9-AA-NOC-washout-dish1-001,AA,0,0.495,5.45,263.1,0
S9-AA-NOC-washout-dish1-001,AA,0,0.674,16.35,223.0,1
S9-AA-NOC-washout-dish1-001,AA,0,0.969,11.99,290.9,0
S9-AA-NOC-washout-dish1-001,AA,0,0.297,5.45,392.8,1
S9-AA-NOC-washout-dish1-001,AA,0,0.444,6.54,504.0,0
S9-AA-NOC-washout-dish1-001,AA,0,0.731,16.35,314.5,0
S9-AA-NOC-washout-dish1-001,AA,0,0.239,9.81,263.0,0
S9-AA-NOC-washout-dish1-001,AA,0,0.689,9.81,294.4,1
S9-AA-NOC-washout-dish1-001,AA,0,0.716,18.53,245.7,0
S9-AA-NOC-washout-dish1-001,AA,0,0.712,5.45,421.4,1
S9-AA-NOC-washout-dish1-001,AA,0,0.68,29.43,106.8,0
S9-AA-NOC-washout-dish1-001,AA,0,0.193,4.36,186.6,1
S9-AA-NOC-washout-dish1-001,AA,0,0.279,4.36,361.8,1
S9-AA-NOC-washout-dish1-001,AA,0,0.632,5.45,135.0,1
S9-AA-NOC-washout-dish1-001,AA,0,0.601,7.63,284.5,0
S9-AA-NOC-washout-dish1-001,AA,0,0.245,6.54,229.4,0
S9-AA-NOC-washout-dish1-001,AA,0,0.584,8.72,312.7,0
S9-AA-NOC-washout-dish1-001,AA,0,0.554,7.63,273.7,1
S9-AA-NOC-washout-dish1-001,AA,0,0.78,14.17,301.0,0
S9-AA-NOC-washout-dish1-001,AA,0,0.936,8.72,96.1,1
S9-AA-NOC-washout-dish1-001,AA,0,0.477,5.45,289.6,0
S9-AA-NOC-washout-dish1-001,AA,0,0.526,11.99,270.3,0
S9-AA-NOC-washout-dish1-001,AA,0,0.537,5.45,367.2,1
S9-AA-NOC-washout-dish1-001,AA,0,0.542,7.63,364.2,1
S9-AA-NOC-washout-dish1-001,AA,0,0.48,4.36,314.2,0
S9-AA-NOC-washout-dish1-001,AA,0,0.632,22.89,203.6,0
S9-AA-NOC-washout-dish1-001,AA,0,0.207,5.45,350.9,0
S9-AA-NOC-washout-dish1-001,AA,0,0.559,23.98,221.1,1
S9-AA-NOC-washout-dish1-001,AA,0,0.69,22.89,238.9,1
S9-AA-NOC-washout-dish1-001,AA,0,0.465,4.36,483.8,0
S9-AA-NOC-washout-dish1-001,AA,0,0.575,6.54,263.2,0
S9-AA-NOC-washout-dish1-001,AA,0,0.389,4.36,231.9,0
S9-AA-NOC-washout-dish1-001,AA,0,0.836,26.16,203.5,0
S9-AA-NOC-washout-dish1-001,AA,0,0.544,4.36,407.0,0
S9-AA-NOC-washout-dish1-001,AA,0,0.874,6.54,296.1,1
S9-AA-NOC-washout-dish1-001,AA,0,0.764,11.99,303.1,0
S9-AA-NOC-washout-dish1-001,AA,0,0.922,10.9,255.6,1
S9-AA-NOC-washout-dish1-001,AA,0,0.801,4.36,399.3,1
S9-AA-NOC-washout-dish1-001,AA,0,0.904,11.99,327.0,0
S9-AA-NOC-washout-dish1-001,AA,0,0.83,16.35,152.8,0
S9-AA-NOC-washout-dish1-001,AA,0,0.73,14.17,303.2,0
S9-AA-NOC-washout-dish1-001,AA,0,0.236,10.9,311.8,1
S9-AA-NOC-washout-dish1-001,AA,0,0.714,7.63,355.9,0
S9-AA-NOC-washout-dish1-001,AA,0,0.331,6.54,280.9,0
S9-AA-NOC-washout-dish1-001,AA,0,0.704,4.36,239.9,0
S9-AA-NOC-washout-dish1-001,AA,0,0.269,6.54,270.9,0
S9-AA-NOC-washout-dish1-001,AA,0,0.96,5.45,257.8,1
S9-AA-NOC-washout-dish1-001,AA,0,0.473,4.36,269.9,1
S9-AA-NOC-washout-dish1-001,AA,0,0.506,7.63,299.3,1
S9-AA-NOC-washout-dish1-001,AA,0,0.716,7.63,438.5,0
S9-AA-NOC-washout-dish1-001,AA,0,0.988,37.06,228.8,1
S9-AA-NOC-washout-dish1-001,AA,0,0.769,7.63,323.2,1
S9-AA-NOC-washout-dish1-001,AA,0,0.442,14.17,317.4,0
S9-AA-NOC-washout-dish1-001,AA,0,0.646,5.45,291.2,0
S9-AA-NOC-washout-dish1-001,AA,0,0.582,8.72,211.1,0
S9-AA-NOC-washout-dish1-001,AA,0,0.61,14.17,353.6,1
S9-AA-NOC-washout-dish1-001,AA,0,0.662,4.36,479.4,0
S9-AA-NOC-washout-dish1-001,AA,0,0.679,10.9,266.4,1
S9-AA-NOC-washout-dish1-001,AA,0,0.81,4.36,280.2,0
S9-AA-NOC-washout-dish1-001,AA,0,0.469,5.45,258.9,0
S9-AA-NOC-washout-dish1-001,AA,0,0.482,7.63,265.0,1
S9-AA-NOC-washout-dish1-001,AA,0,0.439,85.02,113.8,1
S9-AA-NOC-washout-dish1-001,AA,0,0.377,6.54,312.3,0
S9-AA-NOC-washout-dish1-001,AA,0,0.517,6.54,272.2,0
S9-AA-NOC-washout-dish1-001,AA,0,0.525,4.36,384.4,1
S9-AA-NOC-washout-dish1-001,AA,0,0.215,5.45,416.3,1
S9-AA-NOC-washout-dish1-001,AA,0,0.729,5.45,281.3,0
S9-AA-NOC-washout-dish1-001,AA,0,0.129,8.72,415.0,0
S9-AA-NOC-washout-dish1-001,AA,0,0.683,4.36,258.3,0
S9-AA-NOC-washout-dish1-001,AA,0,0.147,5.45,387.5,1
S9-AA-NOC-washout-dish1-001,AA,0,0.705,4.36,298.1,0
S9-AA-NOC-washout-dish1-001,AA,0,0.424,5.45,429.4,1
S9-AA-NOC-washout-dish1-001,AA,0,0.573,4.36,286.8,1
S9-AA-NOC-washout-dish1-001,AA,0,0.595,15.26,159.5,0
S9-AA-NOC-washout-dish1-001,AA,0,0.873,10.9,209.5,1
S9-AA-NOC-washout-dish1-001,AA,0,0.461,22.89,172.2,1
S9-AA-NOC-washout-dish1-001,AA,0,0.474,7.63,254.5,1
S9-AA-NOC-washout-dish1-001,AA,0,0.882,5.45,236.2,0
S9-AA-NOC-washout-dish1-001,AA,0,0.756,10.9,289.6,0
S9-AA-NOC-washout-dish1-001,AA,0,0.539,5.45,223.7,0
S9-AA-NOC-washout-dish1-001,AA,0,0.603,8.72,162.9,1
S9-AA-NOC-washout-dish1-001,AA,0,0.712,11.99,284.0,0
S9-AA-NOC-washout-dish1-001,AA,0,0.58,4.36,340.2,0
S9-AA-NOC-washout-dish1-001,AA,0,0.671,6.54,332.3,0
S9-AA-NOC-washout-dish1-001,AA,0,0.736,7.63,179.3,0
S9-AA-NOC-washout-dish1-001,AA,0,0.503,5.45,222.2,1
S9-AA-NOC-washout-dish1-001,AA,0,0.421,5.45,479.4,0
S9-AA-NOC-washout-dish1-001,AA,0,0.607,5.45,309.9,1
S9-AA-NOC-washout-dish1-001,AA,0,0.674,7.63,291.4,0
S9-AA-NOC-washout-dish1-001,AA,0,0.539,18.53,242.7,1
S9-AA-NOC-washout-dish1-001,AA,0,0.256,4.36,423.4,0
S9-AA-NOC-washout-dish1-001,AA,0,0.847,13.08,295.9,0
S9-AA-NOC-washout-dish1-001,AA,0,0.693,11.99,231.6,0
S9-AA-NOC-washout-dish1-001,AA,0,0.424,5.45,302.0,0
S9-AA-NOC-washout-dish1-001,AA,0,0.702,10.9,213.5,1
S9-AA-NOC-washout-dish1-001,AA,0,0.784,4.36,443.3,1
S9-AA-NOC-washout-dish1-001,AA,0,0.496,4.36,443.1,0
S9-AA-NOC-washout-dish1-001,AA,0,0.957,35.97,157.9,0
S9-AA-NOC-washout-dish1-001,AA,0,0.472,18.53,324.8,1
S9-AA-NOC-washout-dish1-001,AA,0,0.714,7.63,216.1,0
S9-AA-NOC-washout-dish1-001,AA,0,0.918,15.26,320.3,0
S9-AA-NOC-washout-dish1-001,AA,0,0.626,18.53,310.6,1
S9-AA-NOC-washout-dish1-001,AA,0,0.431,7.63,290.6,1
S9-AA-NOC-washout-dish1-001,AA,0,0.634,7.63,383.0,0
S9-AA-NOC-washout-dish1-001,AA,0,0.87,8.72,182.5,0
S9-AA-NOC-washout-dish1-001,AA,0,0.979,23.98,207.8,1
S9-AA-NOC-washout-dish1-001,AA,0,0.947,15.26,192.7,1
S9-AA-NOC-washout-dish1-001,AA,0,0.348,7.63,393.0,0
S9-AA-NOC-washout-dish1-001,AA,0,0.428,5.45,278.1,0
S9-AA-NOC-washout-dish1-001,AA,0,0.813,9.81,238.4,0
S9-AA-NOC-washout-dish1-001,AA,0,0.306,8.72,349.6,0
S9-AA-NOC-washout-dish1-001,AA,0,0.728,38.15,189.4,1
S9-AA-NOC-washout-dish1-001,AA,0,0.696,15.26,332.3,1
S9-AA-NOC-washout-dish1-001,AA,0,0.706,10.9,209.8,0
S9-AA-NOC-washout-dish1-001,AA,0,0.664,6.54,391.5,0
S9-AA-NOC-washout-dish1-001,AA,0,0.194,5.45,347.8,1
S9-AA-NOC-washout-dish1-001,AA,0,0.115,4.36,375.2,1
S9-AA-NOC-washout-dish1-001,AA,0,0.523,7.63,222.9,1
S9-AA-NOC-washout-dish1-001,AA,0,0.717,5.45,292.5,0
S9-AA-NOC-washout-dish1-001,AA,0,0.537,4.36,305.5,0
S9-AA-NOC-washout-dish1-001,AA,0,0.701,7.63,391.1,0
S9-AA-NOC-washout-dish1-001,AA,0,0.661,13.08,287.8,0
S9-AA-NOC-washout-dish1-001,AA,0,0.497,16.35,364.3,0
S9-AA-NOC-washout-dish1-001,AA,0,0.84,7.63,260.8,1
S9-AA-NOC-washout-dish1-001,AA,0,0.683,21.8,297.9,0
S9-AA-NOC-washout-dish1-001,AA,0,0.599,13.08,331.4,0
S9-AA-NOC-washout-dish1-001,AA,0,0.915,9.81,311.8,0
S9-AA-NOC-washout-dish1-001,AA,0,0.795,11.99,165.5,1
S9-AA-NOC-washout-dish1-001,AA,0,0.584,8.72,443.4,1
S9-AA-NOC-washout-dish1-001,AA,0,0.645,10.9,391.7,1
S9-AA-NOC-washout-dish1-001,AA,0,0.256,4.36,272.4,0
S9-AA-NOC-washout-dish1-001,AA,0,0.879,6.54,203.9,1
S9-AA-NOC-washout-dish1-001,AA,0,0.622,5.45,344.1,0
S9-AA-NOC-washout-dish1-001,AA,0,0.481,4.36,361.6,1
S9-AA-NOC-washout-dish1-001,AA,0,0.639,5.45,449.9,0
S9-AA-NOC-washout-dish1-001,AA,0,0.443,5.45,391.4,0
S9-AA-NOC-washout-dish1-001,AA,0,0.902,6.54,386.0,0
S9-AA-NOC-washout-dish1-001,AA,0,0.825,19.62,256.2,1
S9-AA-NOC-washout-dish1-001,AA,0,0.094,4.36,284.8,0
S9-AA-NOC-washout-dish1-001,AA,0,0.354,4.36,363.0,0
S9-AA-NOC-washout-dish1-001,AA,0,0.26,4.36,278.5,1
S9-AA-NOC-washout-dish1-001,AA,0,0.314,11.99,151.0,0
S9-AA-NOC-washout-dish1-001,AA,0,0.406,37.06,216.9,0
S9-AA-NOC-washout-dish1-001,AA,0,0.254,4.36,435.8,1
S9-AA-NOC-washout-dish1-001,AA,0,0.338,6.54,201.6,1
S9-AA-NOC-washout-dish1-001,AA,0,0.936,9.81,119.3,0
S9-AA-NOC-washout-dish1-001,AA,0,0.957,4.36,325.5,0
S9-AA-NOC-washout-dish1-001,AA,0,0.163,4.36,460.0,0
S9-AA-NOC-washout-dish1-001,AA,0,0.498,19.62,245.6,0
S9-AA-NOC-washout-dish1-001,AA,0,0.436,5.45,230.6,1
S9-AA-NOC-washout-dish1-001,AA,0,0.12,4.36,343.4,0
S9-AA-NOC-washout-dish1-001,AA,0,0.182,4.36,315.8,0
S9-AA-NOC-washout-dish1-001,AA,0,0.714,9.81,359.9,1
S9-AA-NOC-washout-dish1-001,AA,0,0.594,5.45,224.2,0
S9-AA-NOC-washout-dish1-001,AA,0,0.433,6.54,198.8,0
S9-AA-NOC-washout-dish1-001,AA,0,0.786,5.45,404.1,0
S9-AA-NOC-washout-dish1-001,AA,0,0.55,8.72,409.2,0
S9-AA-NOC-washout-dish1-001,AA,0,0.337,4.36,194.7,1
S9-AA-NOC-washout-dish1-001,AA,0,0.776,4.36,266.4,0
S9-AA-NOC-washout-dish1-001,AA,0,0.686,7.63,286.5,1
S9-AA-NOC-washout-dish1-001,AA,0,0.412,21.8,197.2,1
S9-AA-NOC-washout-dish1-001,AA,0,0.175,8.72,387.8,0
S9-AA-NOC-washout-dish1-001,AA,0,0.652,7.63,399.8,1
S9-AA-NOC-washout-dish1-001,AA,0,0.618,4.36,298.8,1
S9-AA-NOC-washout-dish1-001,AA,0,0.746,25.07,230.7,1
S9-AA-NOC-washout-dish1-001,AA,0,0.951,7.63,205.5,1
S9-AA-NOC-washout-dish1-001,AA,0,0.849,5.45,161.0,1
S9-AA-NOC-washout-dish1-001,AA,0,0.528,19.62,342.7,1
S9-AA-NOC-washout-dish1-001,AA,0,0.68,26.16,269.6,1
S9-AA-NOC-washout-dish1-001,AA,0,0.66,4.36,337.3,0
S9-AA-NOC-washout-dish1-001,AA,0,0.111,4.36,382.0,0
S9-AA-NOC-washout-dish1-001,AA,0,0.57,6.54,424.3,1
S9-AA-NOC-washout-dish1-001,AA,0,0.936,34.88,103.5,1
S9-AA-NOC-washout-dish1-001,AA,0,0.838,4.36,210.1,1
S9-AA-NOC-washout-dish1-001,AA,0,0.265,5.45,408.3,0
S9-AA-NOC-washout-dish1-001,AA,0,0.494,21.8,343.4,1
S9-AA-NOC-washout-dish1-001,AA,0,0.6,4.36,421.6,0
S9-AA-NOC-washout-dish1-001,AA,0,0.256,7.63,311.7,1
S9-AA-NOC-washout-dish1-001,AA,0,0.697,4.36,345.4,0
S9-AA-NOC-washout-dish1-001,AA,0,0.508,4.36,441.4,1
S9-AA-NOC-washout-dish1-001,AA,0,0.126,9.81,402.8,0
S9-AA-NOC-washout-dish1-001,AA,0,0.985,9.81,186.6,0
S9-AA-NOC-washout-dish1-001,AA,0,0.628,6.54,328.9,1
S9-AA-NOC-washout-dish1-001,AA,0,0.646,4.36,462.8,0
S9-AA-NOC-washout-dish1-001,AA,0,0.327,13.08,332.0,0
S9-AA-NOC-washout-dish1-001,AA,0,0.86,23.98,273.0,1
S9-AA-NOC-washout-dish1-001,AA,0,0.634,5.45,327.2,0
S9-AA-NOC-washout-dish1-001,AA,0,0.279,4.36,265.3,0
S9-AA-NOC-washout-dish1-001,AA,0,0.559,4.36,361.9,1
S9-AA-NOC-washout-dish1-001,AA,0,0.188,4.36,441.9,1
S9-AA-NOC-washout-dish1-001,AA,0,0.689,6.54,177.7,0
S9-AA-NOC-washout-dish1-001,AA,0,0.884,15.26,286.2,1
S9-AA-NOC-washout-dish1-001,AA,0,0.5,6.54,378.0,0
S9-AA-NOC-washout-dish1-001,AA,0,0.593,17.44,224.1,0
S9-AA-NOC-washout-dish1-001,AA,0,0.196,15.26,279.9,1
S9-AA-NOC-washout-dish1-001,AA,0,0.422,4.36,526.9,1
S9-AA-NOC-washout-dish1-001,AA,0,0.164,8.72,256.1,1
S9-AA-NOC-washout-dish1-001,AA,0,0.567,21.8,247.4,0
S9-AA-NOC-washout-dish1-001,AA,0,0.062,7.63,489.5,0
S9-AA-NOC-washout-dish1-001,AA,0,0.986,18.53,194.0,0
S9-AA-NOC-washout-dish1-001,AA,0,0.742,11.99,351.8,1
S9-AA-NOC-washout-dish1-001,AA,0,0.499,8.72,230.9,0
S9-AA-NOC-washout-dish1-001,AA,0,0.629,13.08,252.6,0
S9-AA-NOC-washout-dish1-001,AA,0,0.298,13.08,286.6,0
S9-AA-NOC-washout-dish1-001,AA,0,0.636,5.45,414.3,1
S9-AA-NOC-washout-dish1-001,AA,0,0.575,7.63,306.4,0
S9-AA-NOC-washout-dish1-001,AA,0,0.311,4.36,257.1,1
S9-AA-NOC-washout-dish1-001,AA,0,0.833,6.54,289.7,0
S9-AA-NOC-washout-dish1-001,AA,0,0.719,14.17,230.5,0
S9-AA-NOC-washout-dish1-001,AA,0,0.104,8.72,253.1,0
S9-AA-NOC-washout-dish1-001,AA,0,0.224,5.45,353.7,0
S9-AA-NOC-washout-dish1-001,AA,0,0.607,38.15,225.6,0
S9-AA-NOC-washout-dish1-001,AA,0,0.499,4.36,344.9,1
S9-AA-NOC-washout-dish1-001,AA,0,0.729,11.99,383.6,0
S9-AA-NOC-washout-dish1-001,AA,0,0.981,6.54,205.6,1
S9-AA-NOC-washout-dish1-001,AA,0,0.145,4.36,268.0,1
S9-AA-NOC-washout-dish1-001,AA,0,0.462,4.36,296.9,0
S9-AA-NOC-washout-dish1-001,AA,0,0.77,7.63,390.1,1
S9-AA-NOC-washout-dish1-001,AA,0,0.851,4.36,375.1,1
S9-AA-NOC-washout-dish1-001,AA,0,0.744,18.53,249.7,0
S9-AA-NOC-washout-dish1-001,AA,0,0.383,6.54,388.8,0
S9-AA-NOC-washout-dish1-001,AA,0,0.584,13.08,173.4,0
S9-AA-NOC-washout-dish1-001,AA,0,0.809,10.9,229.7,1
S9-AA-NOC-washout-dish1-001,AA,0,0.922,31.61,200.0,1
S9-AA-NOC-washout-dish1-001,AA,0,0.233,5.45,297.4,0
S9-AA-NOC-washout-dish1-001,AA,0,0.72,13.08,302.9,0
S9-AA-NOC-washout-dish1-001,AA,0,0.803,4.36,368.0,0
S9-AA-NOC-washout-dish1-001,AA,0,0.936,9.81,332.7,1
S9-AA-NOC-washout-dish1-001,AA,0,0.595,4.36,394.5,0
S9-AA-NOC-washout-dish1-001,AA,0,0.621,20.71,322.5,0
S9-AA-NOC-washout-dish1-001,AA,0,0.395,5.45,349.3,1
S9-AA-NOC-washout-dish1-001,AA,0,0.315,11.99,233.0,0
S9-AA-NOC-washout-dish1-001,AA,0,0.379,29.43,191.9,0
S9-AA-NOC-washout-dish1-001,AA,0,0.919,6.54,380.3,0
S9-AA-NOC-washout-dish1-001,AA,0,0.907,15.26,276.2,0
S9-AA-NOC-washout-dish1-001,AA,0,0.683,5.45,260.6,0
S9-AA-NOC-washout-dish1-001,AA,0,0.689,27.25,164.8,0
S9-AA-NOC-washout-dish1-001,AA,0,0.468,4.36,340.9,1
S9-AA-NOC-washout-dish1-001,AA,0,0.814,4.36,382.3,1
S9-AA-NOC-washout-dish1-001,AA,0,0.148,6.54,219.3,1
S9-AA-NOC-washout-dish1-001,AA,0,0.718,28.34,246.2,0
S9-AA-NOC-washout-dish1-001,AA,0,0.859,7.63,273.8,1
S9-AA-NOC-washout-dish1-001,AA,0,0.782,5.45,433.4,0
S9-AA-NOC-washout-dish1-001,AA,0,0.975,15.26,194.3,0
S9-AA-NOC-washout-dish1-001,AA,0,0.749,14.17,304.7,1
S9-AA-NOC-washout-dish1-001,AA,0,0.791,5.45,218.5,1
S9-AA-NOC-washout-dish1-001,AA,0,0.823,23.98,209.7,1
S9-AA-NOC-washout-dish1-001,AA,0,0.258,13.08,286.4,0
S9-AA-NOC-washout-dish1-001,AA,0,0.489,18.53,183.0,1
S9-AA-NOC-washout-dish1-001,AA,0,0.987,11.99,191.7,0
S9-AA-NOC-washout-dish1-001,AA,0,0.296,5.45,218.9,0
S9-AA-NOC-washout-dish1-001,AA,0,0.76,27.25,151.6,0
S9-AA-NOC-washout-dish1-001,AA,0,0.618,5.45,427.5,1
S9-AA-NOC-washout-dish1-001,AA,0,0.68,4.36,298.9,1
S9-AA-NOC-washout-dish1-001,AA,0,0.026,14.17,224.7,1
S9-AA-NOC-washout-dish1-001,AA,0,0.399,15.26,231.1,0
S9-AA-NOC-washout-dish1-001,AA,0,0.515,4.36,278.1,0
S9-AA-NOC-washout-dish1-001,AA,0,0.706,7.63,195.2,1
S9-AA-NOC-washout-dish1-001,AA,0,0.637,23.98,211.5,0
S9-AA-NOC-washout-dish1-001,AA,0,0.699,9.81,238.6,1
S9-AA-NOC-washout-dish1-001,AA,0,0.337,5.45,310.7,1
S9-AA-NOC-washout-dish1-001,AA,0,0.811,5.45,474.6,0
S9-AA-NOC-washout-dish1-001,AA,0,0.355,5.45,347.4,0
S9-AA-NOC-washout-dish1-001,AA,0,0.925,18.53,189.5,0
S9-AA-NOC-washout-dish1-001,AA,0,0.434,6.54,297.6,1
S9-AA-NOC-washout-dish1-001,AA,0,0.975,13.08,196.9,0
S9-AA-NOC-washout-dish1-001,AA,0,0.145,17.44,231.7,0
S9-AA-NOC-washout-dish1-001,AA,0,0.809,15.26,251.9,0
S9-AA-NOC-washout-dish1-001,AA,0,0.159,5.45,293.2,1
S9-AA-NOC-washout-dish1-001,AA,0,0.501,11.99,302.1,0
S9-AA-NOC-washout-dish1-001,AA,0,0.906,8.72,382.5,0
S9-AA-NOC-washout-dish1-001,AA,0,0.619,6.54,311.2,0
S9-AA-NOC-washout-dish1-001,AA,0,0.921,7.63,268.9,1
S9-AA-NOC-washout-dish1-001,AA,0,0.978,13.08,120.3,1
S9-AA-NOC-washout-dish1-001,AA,0,0.967,14.17,280.0,1
S9-AA-NOC-washout-dish1-001,AA,0,0.61,4.36,278.8,1
S9-AA-NOC-washout-dish1-001,AA,0,0.176,11.99,323.0,1
S9-AA-NOC-washout-dish1-001,AA,0,0.552,9.81,288.5,1
S9-AA-NOC-washout-dish1-001,AA,0,0.776,11.99,187.3,0
S9-AA-NOC-washout-dish1-001,AA,0,0.256,10.9,190.2,0
S9-AA-NOC-washout-dish1-001,AA,0,0.303,4.36,226.0,0
S9-AA-NOC-washout-dish1-001,AA,0,0.271,6.54,356.8,1
S9-AA-NOC-washout-dish1-001,AA,0,0.711,13.08,198.1,0
S9-AA-NOC-washout-dish1-001,AA,0,0.403,7.63,347.4,0
S9-AA-NOC-washout-dish1-001,AA,0,0.585,5.45,297.2,0
S9-AA-NOC-washout-dish1-001,AA,0,0.383,9.81,295.8,0
S9-AA-NOC-washout-dish1-001,AA,0,0.935,7.63,295.4,0
S9-AA-NOC-washout-dish1-001,AA,0,0.307,7.63,385.1,0
S9-AA-NOC-washout-dish1-001,AA,0,0.12,5.45,237.3,0
S9-AA-NOC-washout-dish1-001,AA,0,0.238,4.36,256.6,0
S9-AA-NOC-washout-dish1-001,AA,0,0.86,6.54,339.7,0
S9-AA-NOC-washout-dish1-001,AA,0,0.754,5.45,320.0,0
S9-AA-NOC-washout-dish1-001,AA,0,0.59,4.36,339.4,0
S9-AA-NOC-washout-dish1-001,AA,0,0.651,4.36,287.3,0
S9-AA-NOC-washout-dish1-001,AA,0,0.824,4.36,395.6,0
S9-AA-NOC-washout-dish1-001,AA,0,0.254,5.45,266.1,0
S9-AA-NOC-washout-dish1-004,AA,0,0.715,13.08,144.1,0
S9-AA-NOC-washout-dish1-004,AA,0,0.965,119.9,92.7,0
S9-AA-NOC-washout-dish1-004,AA,0,0.894,43.6,117.7,0
S9-AA-NOC-washout-dish1-004,AA,0,0.759,25.07,151.6,0
S9-AA-NOC-washout-dish1-004,AA,0,0.663,40.33,120.7,0
S9-AA-NOC-washout-dish1-004,AA,0,0.256,119.9,98.5,0
S9-AA-NOC-washout-dish1-004,AA,0,0.562,117.72,92.5,1
S9-AA-NOC-washout-dish1-004,AA,0,0.238,19.62,145.5,1
S9-AA-NOC-washout-dish1-004,AA,0,0.678,13.08,200.3,1
S9-AA-NOC-washout-dish1-004,AA,0,0.464,119.9,64.8,1
S9-AA-NOC-washout-dish1-004,AA,0,0.291,5.45,193.1,0
S9-AA-NOC-washout-dish1-004,AA,0,0.759,19.62,163.4,0
S9-AA-NOC-washout-dish1-004,AA,0,0.362,23.98,197.9,1
S9-AA-NOC-washout-dish1-004,AA,0,0.78,5.45,180.9,1
S9-AA-NOC-washout-dish1-004,AA,0,0.435,25.07,180.3,0
S9-AA-NOC-washout-dish1-004,AA,0,0.751,11.99,142.9,0
S9-AA-NOC-washout-dish1-004,AA,0,0.819,17.44,162.1,1
S9-AA-NOC-washout-dish1-004,AA,0,0.855,27.25,142.7,1
S9-AA-NOC-washout-dish1-004,AA,0,0.458,35.97,168.7,0
S9-AA-NOC-washout-dish1-004,AA,0,0.75,15.26,184.6,1
S9-AA-NOC-washout-dish1-004,AA,0,0.57,13.08,233.0,0
S9-AA-NOC-washout-dish1-004,AA,0,0.915,5.45,148.1,0
S9-AA-NOC-washout-dish1-004,AA,0,0.623,15.26,118.1,0
S9-AA-NOC-washout-dish1-004,AA,0,0.583,6.54,120.5,0
S9-AA-NOC-washout-dish1-004,AA,0,0.734,14.17,137.9,0
S9-AA-NOC-washout-dish1-004,AA,0,0.77,32.7,151.7,0
S9-AA-NOC-washout-dish1-004,AA,0,0.416,56.68,130.9,0
S9-AA-NOC-washout-dish1-004,AA,0,0.529,13.08,192.7,0
S9-AA-NOC-washout-dish1-004,AA,0,0.456,7.63,158.9,0
S9-AA-NOC-washout-dish1-004,AA,0,0.699,10.9,153.7,1
S9-AA-NOC-washout-dish1-004,AA,0,0.507,10.9,254.3,0
S9-AA-NOC-washout-dish1-004,AA,0,0.516,10.9,145.1,1
S9-AA-NOC-washout-dish1-004,AA,0,0.455,22.89,140.8,1
S9-AA-NOC-washout-dish1-004,AA,0,0.879,31.61,136.8,1
S9-AA-NOC-washout-dish1-004,AA,0,0.674,16.35,243.1,0
S9-AA-NOC-washout-dish1-004,AA,0,0.811,15.26,215.6,0
S9-AA-NOC-washout-dish1-004,AA,0,0.612,73.03,128.8,0
S9-AA-NOC-washout-dish1-004,AA,0,0.689,11.99,106.0,0
S9-AA-NOC-washout-dish1-004,AA,0,0.763,25.07,92.5,1
S9-AA-NOC-washout-dish1-004,AA,0,0.458,8.72,62.1,1
S9-AA-NOC-washout-dish1-004,AA,0,0.501,11.99,165.5,1
S9-AA-NOC-washout-dish1-004,AA,0,0.205,27.25,95.2,0
S9-AA-NOC-washout-dish1-004,AA,0,0.342,58.86,147.8,1
S9-AA-NOC-washout-dish1-004,AA,0,0.964,13.08,273.5,0
S9-AA-NOC-washout-dish1-004,AA,0,0.907,30.52,172.4,1
S9-AA-NOC-washout-dish1-004,AA,0,0.727,6.54,238.3,0
S9-AA-NOC-washout-dish1-004,AA,0,0.826,5.45,172.6,0
S9-AA-NOC-washout-dish1-004,AA,0,0.374,6.54,226.5,0
S9-AA-NOC-washout-dish1-004,AA,0,0.702,6.54,290.1,1
S9-AA-NOC-washout-dish1-004,AA,0,0.967,46.87,106.3,1
S9-AA-NOC-washout-dish1-004,AA,0,0.954,7.63,164.1,0
S9-AA-NOC-washout-dish1-004,AA,0,0.855,9.81,238.5,1
S9-AA-NOC-washout-dish1-004,AA,0,0.69,15.26,148.9,1
S9-AA-NOC-washout-dish1-004,AA,0,0.204,6.54,118.9,1
S9-AA-NOC-washout-dish1-004,AA,0,0.784,6.54,336.6,0
S9-AA-NOC-washout-dish1-004,AA,0,0.762,6.54,105.3,0
S9-AA-NOC-washout-dish1-004,AA,0,0.298,7.63,148.7,1
S9-AA-NOC-washout-dish1-004,AA,0,0.497,5.45,231.1,0
S9-AA-NOC-washout-dish1-004,AA,0,0.271,9.81,75.7,1
S9-AA-NOC-washout-dish1-004,AA,0,0.648,6.54,326.9,0
S9-AA-NOC-washout-dish1-004,AA,0,0.406,6.54,149.7,0
S9-AA-NOC-washout-dish1-004,AA,0,0.373,20.71,111.3,1
S9-AA-NOC-washout-dish1-004,AA,0,0.578,14.17,119.1,0
S9-AA-NOC-washout-dish1-004,AA,0,0.419,8.72,236.7,0
S9-AA-NOC-washout-dish1-004,AA,0,0.564,13.08,249.3,1
S9-AA-NOC-washout-dish1-004,AA,0,0.834,17.44,131.8,1
S9-AA-NOC-washout-dish1-004,AA,0,0.723,13.08,154.5,1
S9-AA-NOC-washout-dish1-004,AA,0,0.939,11.99,143.2,1
S9-AA-NOC-washout-dish1-004,AA,0,0.986,8.72,254.6,1
S9-AA-NOC-washout-dish1-004,AA,0,0.585,5.45,131.1,0
S9-AA-NOC-washout-dish1-004,AA,0,0.905,5.45,121.8,1
S9-AA-NOC-washout-dish1-004,AA,1,0.756,25.07,155.6,1
S9-AA-NOC-washout-dish1-004,AA,1,0.136,10.9,145.2,0
S9-AA-NOC-washout-dish1-004,AA,1,0.132,6.54,262.5,1
S9-AA-NOC-washout-dish1-004,AA,1,0.458,90.47,88.7,0
S9-AA-NOC-washout-dish1-004,AA,1,0.66,4.36,271.7,1
S9-AA-NOC-washout-dish1-004,AA,1,0.749,4.36,351.2,0
S9-AA-NOC-washout-dish1-004,AA,1,0.854,5.45,293.8,0
S9-AA-NOC-washout-dish1-004,AA,1,0.805,11.99,175.1,0
S9-AA-NOC-washout-dish1-004,AA,1,0.476,41.42,89.9,0
S9-AA-NOC-washout-dish1-004,AA,1,0.486,10.9,146.4,1
S9-AA-NOC-washout-dish1-004,AA,1,0.209,16.35,116.1,1
S9-AA-NOC-washout-dish1-004,AA,1,0.632,119.9,74.3,0
S9-AA-NOC-washout-dish1-004,AA,1,0.311,27.25,88.4,0
S9-AA-NOC-washout-dish1-004,AA,1,0.475,11.99,183.9,1
S9-AA-NOC-washout-dish1-004,AA,1,0.778,6.54,317.2,1
S9-AA-NOC-washout-dish1-004,AA,1,0.974,25.07,141.7,1
S9-AA-NOC-washout-dish1-004,AA,1,0.474,4.36,215.4,0
S9-AA-NOC-washout-dish1-004,AA,1,0.739,10.9,289.6,0
S9-AA-NOC-washout-dish1-004,AA,1,0.541,13.08,175.9,1
S9-AA-NOC-washout-dish1-004,AA,1,0.722,4.36,142.8,0
S9-AA-NOC-washout-dish1-004,AA,1,0.23,6.54,147.6,0
S9-AA-NOC-washout-dish1-004,AA,1,0.558,16.35,215.8,0
S9-AA-NOC-washout-dish1-004,AA,1,0.449,10.9,276.9,0
S9-AA-NOC-washout-dish1-004,AA,1,0.966,16.35,162.3,1
S9-AA-NOC-washout-dish1-004,AA,1,0.125,104.64,94.4,0
S9-AA-NOC-washout-dish1-004,AA,1,0.866,47.96,134.0,0
S9-AA-NOC-washout-dish1-004,AA,1,0.221,17.44,184.9,0
S9-AA-NOC-washout-dish1-004,AA,1,0.644,16.35,224.0,1
S9-AA-NOC-washout-dish1-004,AA,1,0.389,9.81,245.0,0
S9-AA-NOC-washout-dish1-004,AA,1,0.837,6.54,288.4,1
S9-AA-NOC-washout-dish1-004,AA,1,0.778,19.62,240.0,0
S9-AA-NOC-washout-dish1-004,AA,1,0.873,27.25,158.1,1
S9-AA-NOC-washout-dish1-004,AA,1,0.606,9.81,183.2,1
S9-AA-NOC-washout-dish1-004,AA,1,0.436,22.89,165.5,1
S9-AA-NOC-washout-dish1-004,AA,1,0.171,32.7,130.3,0
S9-AA-NOC-washout-dish1-004,AA,1,0.789,6.54,325.3,1
S9-AA-NOC-washout-dish1-004,AA,1,0.295,14.17,221.6,0
S9-AA-NOC-washout-dish1-004,AA,1,0.979,8.72,166.0,0
S9-AA-NOC-washout-dish1-004,AA,1,0.273,6.54,278.3,0
S9-AA-NOC-washout-dish1-004,AA,1,0.757,13.08,192.0,0
S9-AA-NOC-washout-dish1-004,AA,1,0.714,5.45,191.8,0
S9-AA-NOC-washout-dish1-004,AA,1,0.287,18.53,245.9,0
S9-AA-NOC-washout-dish1-004,AA,1,0.955,10.9,301.2,1
S9-AA-NOC-washout-dish1-004,AA,1,0.953,19.62,184.8,1
S9-AA-NOC-washout-dish1-004,AA,1,0.758,13.08,177.4,0
S9-AA-NOC-washout-dish1-004,AA,1,0.671,13.08,147.3,0
S9-AA-NOC-washout-dish1-004,AA,1,0.33,4.36,400.1,1
S9-AA-NOC-washout-dish1-004,AA,1,0.983,18.53,159.8,1
S9-AA-NOC-washout-dish1-004,AA,1,0.809,51.23,162.8,1
S9-AA-NOC-washout-dish1-004,AA,1,0.503,7.63,166.8,0
S9-AA-NOC-washout-dish1-004,AA,1,0.514,18.53,181.6,1
S9-AA-NOC-washout-dish1-004,AA,1,0.118,7.63,223.1,0
S9-AA-NOC-washout-dish1-004,AA,1,0.258,10.9,173.1,0
S9-AA-NOC-washout-dish1-004,AA,1,0.159,4.36,167.0,0
S9-AA-NOC-washout-dish1-004,AA,1,0.963,8.72,191.0,0
S9-AA-NOC-washout-dish1-004,AA,1,0.754,6.54,194.2,1
S9-AA-NOC-washout-dish1-004,AA,1,0.431,4.36,226.0,0
S9-AA-NOC-washout-dish1-004,AA,1,0.89,21.8,207.6,1
S9-AA-NOC-washout-dish1-004,AA,1,0.387,5.45,248.9,1
S9-AA-NOC-washout-dish1-004,AA,1,0.271,5.45,130.9,0
S9-AA-NOC-washout-dish1-004,AA,1,0.917,39.24,96.9,1
S9-AA-NOC-washout-dish1-004,AA,1,0.595,7.63,180.1,0
S9-AA-NOC-washout-dish1-004,AA,1,0.383,6.54,179.0,0
S9-AA-NOC-washout-dish1-004,AA,1,0.137,5.45,110.1,1
S9-AA-NOC-washout-dish1-005,AA,0,0.482,4.36,180.5,0
S9-AA-NOC-washout-dish1-005,AA,0,0.059,5.45,153.8,0
S9-AA-NOC-washout-dish1-005,AA,0,0.461,26.16,234.5,1
S9-AA-NOC-washout-dish1-005,AA,0,0.845,9.81,200.8,0
S9-AA-NOC-washout-dish1-005,AA,0,0.3,7.63,187.6,0
S9-AA-NOC-washout-dish1-005,AA,0,0.242,8.72,335.8,0
S9-AA-NOC-washout-dish1-005,AA,0,0.285,19.62,259.8,1
S9-AA-NOC-washout-dish1-005,AA,0,0.945,14.17,159.8,0
S9-AA-NOC-washout-dish1-005,AA,0,0.168,16.35,260.1,1
S9-AA-NOC-washout-dish1-005,AA,0,0.833,6.54,348.8,1
S9-AA-NOC-washout-dish1-005,AA,0,0.937,7.63,213.0,0
S9-AA-NOC-washout-dish1-005,AA,0,0.409,9.81,230.3,1
S9-AA-NOC-washout-dish1-005,AA,0,0.869,8.72,284.7,1
S9-AA-NOC-washout-dish1-005,AA,0,0.04,11.99,216.4,0
S9-AA-NOC-washout-dish1-005,AA,0,0.706,7.63,171.0,1
S9-AA-NOC-washout-dish1-005,AA,0,0.976,25.07,180.3,1
S9-AA-NOC-washout-dish1-005,AA,0,0.889,23.98,309.7,0
S9-AA-NOC-washout-dish1-005,AA,0,0.675,21.8,228.1,1
S9-AA-NOC-washout-dish1-005,AA,0,0.966,47.96,163.3,1
S9-AA-NOC-washout-dish1-005,AA,0,0.723,38.15,199.0,1
S9-AA-NOC-washout-dish1-005,AA,0,0.416,4.36,162.8,1
S9-AA-NOC-washout-dish1-005,AA,0,0.686,15.26,234.1,0
S9-AA-NOC-washout-dish1-005,AA,0,0.648,4.36,130.8,0
S9-AA-NOC-washout-dish1-005,AA,0,0.596,6.54,336.7,0
S9-AA-NOC-washout-dish1-005,AA,0,0.878,59.95,77.7,0
S9-AA-NOC-washout-dish1-005,AA,0,0.7,29.43,190.4,0
S9-AA-NOC-washout-dish1-005,AA,0,0.294,25.07,286.2,0
S9-AA-NOC-washout-dish1-005,AA,0,0.852,5.45,212.0,1
S9-AA-NOC-washout-dish1-005,AA,0,0.502,10.9,138.4,1
S9-AA-NOC-washout-dish1-005,AA,0,0.14,9.81,278.9,0
S9-AA-NOC-washout-dish1-005,AA,0,0.191,4.36,379.3,0
S9-AA-NOC-washout-dish1-005,AA,0,0.947,5.45,194.5,0
S9-AA-NOC-washout-dish1-005,AA,0,0.553,5.45,225.9,1
S9-AA-NOC-washout-dish1-005,AA,0,0.725,19.62,191.0,0
S9-AA-NOC-washout-dish1-005,AA,0,0.321,7.63,291.4,0
S9-AA-NOC-washout-dish1-005,AA,0,0.274,6.54,185.4,1
S9-AA-NOC-washout-dish1-005,AA,0,0.509,19.62,279.8,1
S9-AA-NOC-washout-dish1-005,AA,0,0.36,11.99,241.4,0
S9-AA-NOC-washout-dish1-005,AA,0,0.416,10.9,334.1,0
S9-AA-NOC-washout-dish1-005,AA,0,0.826,21.8,261.4,1
S9-AA-NOC-washout-dish1-005,AA,0,0.529,14.17,201.8,0
S9-AA-NOC-washout-dish1-005,AA,0,0.118,7.63,250.3,1
S9-AA-NOC-washout-dish1-005,AA,0,0.383,19.62,200.4,0
S9-AA-NOC-washout-dish1-005,AA,0,0.724,6.54,172.9,0
S9-AA-NOC-washout-dish1-005,AA,0,0.626,4.36,186.5,0
S9-AA-NOC-washout-dish1-005,AA,0,0.504,6.54,282.1,1
S9-AA-NOC-washout-dish1-005,AA,0,0.618,46.87,228.1,0
S9-AA-NOC-washout-dish1-005,AA,0,0.897,6.54,276.7,0
S9-AA-NOC-washout-dish1-005,AA,0,0.62,5.45,402.9,1
S9-AA-NOC-washout-dish1-005,AA,0,0.546,5.45,357.0,1
S9-AA-NOC-washout-dish1-005,AA,0,0.794,5.45,222.9,1
S9-AA-NOC-washout-dish1-005,AA,0,0.33,5.45,274.9,0
S9-AA-NOC-washout-dish1-005,AA,0,0.293,21.8,206.0,0
S9-AA-NOC-washout-dish1-005,AA,0,0.567,7.63,201.7,1
S9-AA-NOC-washout-dish1-005,AA,0,0.385,8.72,181.6,0
S9-AA-NOC-washout-dish1-005,AA,0,0.281,7.63,302.0,1
S9-AA-NOC-washout-dish1-005,AA,0,0.276,22.89,310.4,1
S9-AA-NOC-washout-dish1-005,AA,0,0.293,65.4,179.2,0
S9-AA-NOC-washout-dish1-005,AA,0,0.296,9.81,289.4,1
S9-AA-NOC-washout-dish1-005,AA,0,0.718,21.8,193.9,1
S9-AA-NOC-washout-dish1-005,AA,0,0.499,21.8,260.8,0
S9-AA-NOC-washout-dish1-005,AA,0,0.261,7.63,282.3,0
S9-AA-NOC-washout-dish1-005,AA,0,0.201,5.45,322.6,0
S9-AA-NOC-washout-dish1-005,AA,0,0.981,41.42,158.3,1
S9-AA-NOC-washout-dish1-005,AA,0,0.46,7.63,244.3,1
S9-AA-NOC-washout-dish1-005,AA,0,0.637,9.81,298.1,1
S9-AA-NOC-washout-dish1-005,AA,0,0.564,7.63,293.0,0
S9-AA-NOC-washout-dish1-005,AA,0,0.586,31.61,109.6,0
S9-AA-NOC-washout-dish1-005,AA,0,0.976,40.33,179.5,1
S9-AA-NOC-washout-dish1-005,AA,0,0.529,19.62,222.5,0
S9-AA-NOC-washout-dish1-005,AA,0,0.717,8.72,275.9,0
S9-AA-NOC-washout-dish1-005,AA,0,0.368,11.99,333.4,0
S9-AA-NOC-washout-dish1-005,AA,0,0.429,7.63,381.8,1
S9-AA-NOC-washout-dish1-005,AA,0,0.438,25.07,192.9,0
S9-AA-NOC-washout-dish1-005,AA,0,0.711,7.63,185.9,0
S9-AA-NOC-washout-dish1-005,AA,0,0.771,8.72,143.4,1
S9-AA-NOC-washout-dish1-005,AA,0,0.563,9.81,181.7,0
S9-AA-NOC-washout-dish1-005,AA,0,0.036,22.89,157.1,1
S9-AA-NOC-washout-dish1-005,AA,0,0.394,5.45,311.2,0
S9-AA-NOC-washout-dish1-005,AA,0,0.472,9.81,346.6,1
S9-AA-NOC-washout-dish1-005,AA,0,0.594,10.9,272.7,1
S9-AA-NOC-washout-dish1-005,AA,0,0.151,6.54,174.4,0
S9-AA-NOC-washout-dish1-005,AA,0,0.548,4.36,239.9,0
S9-AA-NOC-washout-dish1-005,AA,0,0.234,4.36,432.6,0
S9-AA-NOC-washout-dish1-005,AA,0,0.696,22.89,231.9,1
S9-AA-NOC-washout-dish1-005,AA,0,0.131,16.35,343.3,1
S9-AA-NOC-washout-dish1-005,AA,0,0.152,4.36,464.9,1
S9-AA-NOC-washout-dish1-005,AA,0,0.698,5.45,320.9,0
S9-AA-NOC-washout-dish1-005,AA,0,0.673,13.08,279.5,0
S9-AA-NOC-washout-dish1-005,AA,0,0.708,8.72,282.2,0
S9-AA-NOC-washout-dish1-005,AA,0,0.468,44.69,275.5,0
S9-AA-NOC-washout-dish1-005,AA,0,0.261,11.99,161.4,1
S9-AA-NOC-washout-dish1-005,AA,0,0.224,21.8,245.6,1
S9-AA-NOC-washout-dish1-005,AA,0,0.841,28.34,130.3,1
S9-AA-NOC-washout-dish1-005,AA,0,0.684,5.45,201.9,1
S9-AA-NOC-washout-dish1-005,AA,0,0.872,7.63,269.2,0
S9-AA-NOC-washout-dish1-005,AA,0,0.32,5.45,306.4,0
S9-AA-NOC-washout-dish1-005,AA,0,0.751,8.72,220.7,0
S9-AA-NOC-washout-dish1-005,AA,0,0.189,53.41,109.2,0
S9-AA-NOC-washout-dish1-005,AA,0,0.61,6.54,229.4,0
S9-AA-NOC-washout-dish1-005,AA,0,0.99,28.34,227.2,0
S9-AA-NOC-washout-dish1-005,AA,0,0.428,75.21,233.8,1
S9-AA-NOC-washout-dish1-005,AA,0,0.746,28.34,214.0,0
S9-AA-NOC-washout-dish1-005,AA,0,0.684,10.9,203.8,1
S9-AA-NOC-washout-dish1-005,AA,0,0.328,5.45,331.1,1
S9-AA-NOC-washout-dish1-005,AA,0,0.541,9.81,246.3,1
S9-AA-NOC-washout-dish1-005,AA,0,0.782,9.81,187.8,0
S9-AA-NOC-washout-dish1-005,AA,0,0.613,15.26,181.2,0
S9-AA-NOC-washout-dish1-005,AA,0,0.748,13.08,321.2,1
S9-AA-NOC-washout-dish1-005,AA,0,0.217,18.53,185.7,1
S9-AA-NOC-washout-dish1-005,AA,0,0.15,9.81,250.9,0
S9-AA-NOC-washout-dish1-005,AA,0,0.999,4.36,254.7,0
S9-AA-NOC-washout-dish1-005,AA,0,0.507,7.63,283.1,0
S9-AA-NOC-washout-dish1-005,AA,0,0.196,7.63,353.8,0
S9-AA-NOC-washout-dish1-005,AA,0,0.392,4.36,283.7,0
S9-AA-NOC-washout-dish1-005,AA,0,0.812,16.35,212.4,1
S9-AA-NOC-washout-dish1-005,AA,0,0.707,15.26,199.7,1
S9-AA-NOC-washout-dish1-005,AA,0,0.57,7.63,223.5,1
S9-AA-NOC-washout-dish1-005,AA,0,0.97,33.79,256.3,0
S9-AA-NOC-washout-dish1-005,AA,0,0.455,10.9,207.4,1
S9-AA-NOC-washout-dish1-005,AA,0,0.493,5.45,231.1,0
S9-AA-NOC-washout-dish1-005,AA,0,0.852,8.72,185.7,0
S9-AA-NOC-washout-dish1-005,AA,0,0.369,4.36,296.7,1
S9-AA-NOC-washout-dish1-005,AA,0,0.937,47.96,161.7,0
S9-AA-NOC-washout-dish1-005,AA,0,0.279,77.39,211.6,1
S9-AA-NOC-washout-dish1-005,AA,0,0.754,6.54,305.4,0
S9-AA-NOC-washout-dish1-005,AA,0,0.738,17.44,208.0,0
S9-AA-NOC-washout-dish1-005,AA,0,0.76,21.8,257.6,0
S9-AA-NOC-washout-dish1-005,AA,0,0.752,4.36,259.1,0
S9-AA-NOC-washout-dish1-005,AA,0,0.488,7.63,325.4,0
S9-AA-NOC-washout-dish1-005,AA,0,0.685,7.63,221.3,1
S9-AA-NOC-washout-dish1-005,AA,0,0.636,54.5,244.6,0
S9-AA-NOC-washout-dish1-005,AA,0,0.209,21.8,155.9,0
S9-AA-NOC-washout-dish1-005,AA,0,0.737,14.17,285.2,0
S9-AA-NOC-washout-dish1-005,AA,0,0.778,6.54,148.7,0
S9-AA-NOC-washout-dish1-005,AA,0,0.636,4.36,419.3,0
S9-AA-NOC-washout-dish1-005,AA,0,0.404,8.72,256.5,0
S9-AA-NOC-washout-dish1-005,AA,0,0.749,28.34,172.6,1
S9-AA-NOC-washout-dish1-005,AA,0,0.612,49.05,257.2,1
S9-AA-NOC-washout-dish1-005,AA,0,0.269,6.54,242.8,0
S9-AA-NOC-washout-dish1-005,AA,0,0.349,7.63,249.2,0
S9-AA-NOC-washout-dish1-005,AA,0,0.787,5.45,219.5,0
S9-AA-NOC-washout-dish1-005,AA,0,0.406,6.54,314.4,1
S9-AA-NOC-washout-dish1-005,AA,0,0.502,16.35,257.2,0
S9-AA-NOC-washout-dish1-005,AA,0,0.803,5.45,416.3,0
S9-AA-NOC-washout-dish1-005,AA,0,0.851,33.79,164.8,0
S9-AA-NOC-washout-dish1-005,AA,0,0.325,4.36,228.0,0
S9-AA-NOC-washout-dish1-005,AA,0,0.571,16.35,311.8,1
S9-AA-NOC-washout-dish1-005,AA,0,0.486,13.08,234.6,1
S9-AA-NOC-washout-dish1-005,AA,0,0.687,11.99,224.3,1
S9-AA-NOC-washout-dish1-005,AA,0,0.566,17.44,263.7,0
S9-AA-NOC-washout-dish1-005,AA,0,0.115,4.36,337.3,1
S9-AA-NOC-washout-dish1-005,AA,0,0.102,10.9,344.3,0
S9-AA-NOC-washout-dish1-005,AA,0,0.279,42.51,203.1,0
S9-AA-NOC-washout-dish1-005,AA,0,0.069,4.36,318.9,1
S9-AA-NOC-washout-dish1-005,AA,0,0.269,7.63,246.1,1
S9-AA-NOC-washout-dish1-005,AA,0,0.6,4.36,282.9,1
S9-AA-NOC-washout-dish1-005,AA,0,0.421,17.44,180.7,0
S9-AA-NOC-washout-dish1-005,AA,0,0.336,4.36,283.8,0
S9-AA-NOC-washout-dish1-005,AA,0,0.493,5.45,393.6,1
S9-AA-NOC-washout-dish1-005,AA,0,0.947,7.63,302.7,0
S9-AA-NOC-washout-dish1-005,AA,0,0.637,21.8,278.6,0
S9-AA-NOC-washout-dish1-005,AA,0,0.217,13.08,184.9,0
S9-AA-NOC-washout-dish1-005,AA,0,0.272,6.54,282.3,0
S9-AA-NOC-washout-dish1-005,AA,0,0.317,5.45,437.3,0
S9-AA-NOC-washout-dish1-005,AA,0,0.109,4.36,218.0,0
S9-AA-NOC-washout-dish1-005,AA,0,0.437,6.54,297.7,1
S9-AA-NOC-washout-dish1-005,AA,0,0.283,18.53,220.7,1
S9-AA-NOC-washout-dish1-005,AA,0,0.825,33.79,185.2,1
S9-AA-NOC-washout-dish1-005,AA,0,0.618,57.77,139.2,0
S9-AA-NOC-washout-dish1-005,AA,0,0.304,16.35,201.7,1
S9-AA-NOC-washout-dish1-005,AA,0,0.944,43.6,221.3,0
S9-AA-NOC-washout-dish1-005,AA,0,0.719,4.36,274.5,1
S9-AA-NOC-washout-dish1-005,AA,0,0.424,7.63,220.5,1
S9-AA-NOC-washout-dish1-005,AA,0,0.489,8.72,242.2,0
S9-AA-NOC-washout-dish1-005,AA,0,0.693,16.35,243.8,0
S9-AA-NOC-washout-dish1-005,AA,0,0.67,8.72,313.7,1
S9-AA-NOC-washout-dish1-005,AA,0,0.061,11.99,161.0,1
S9-AA-NOC-washout-dish1-005,AA,0,0.476,4.36,187.8,0
S9-AA-NOC-washout-dish1-005,AA,0,0.559,26.16,183.5,1
S9-AA-NOC-washout-dish1-005,AA,0,0.958,4.36,174.1,1
S9-AA-NOC-washout-dish1-005,AA,0,0.339,6.54,231.3,0
S9-AA-NOC-washout-dish1-005,AA,0,0.983,13.08,194.6,0
S9-AA-NOC-washout-dish1-005,AA,0,0.162,10.9,250.9,0
S9-AA-NOC-washout-dish1-005,AA,0,0.127,23.98,216.4,1
S9-AA-NOC-washout-dish1-005,AA,0,0.802,28.34,233.5,1
S9-AA-NOC-washout-dish1-005,AA,0,0.765,11.99,225.5,0
S9-AA-NOC-washout-dish1-005,AA,0,0.968,7.63,228.7,0
S9-AA-NOC-washout-dish1-005,AA,0,0.417,29.43,156.6,1
S9-AA-NOC-washout-dish1-005,AA,0,0.487,4.36,198.6,0
S9-AA-NOC-washout-dish1-005,AA,0,0.207,31.61,269.2,1
S9-AA-NOC-washout-dish1-005,AA,0,0.361,4.36,238.8,0
S9-AA-NOC-washout-dish1-005,AA,0,0.926,14.17,251.6,0
S9-AA-NOC-washout-dish1-005,AA,0,0.601,10.9,290.6,0
S9-AA-NOC-washout-dish1-005,AA,0,0.883,56.68,169.0,0
S9-AA-NOC-washout-dish1-005,AA,0,0.722,10.9,210.4,0
S9-AA-NOC-washout-dish1-005,AA,0,0.706,58.86,164.3,0
S9-AA-NOC-washout-dish1-005,AA,0,0.265,5.45,264.2,1
S9-AA-NOC-washout-dish1-005,AA,0,0.298,6.54,230.0,1
S9-AA-NOC-washout-dish1-005,AA,0,0.724,6.54,291.1,0
S9-AA-NOC-washout-dish1-005,AA,0,0.37,11.99,320.9,1
S9-AA-NOC-washout-dish1-005,AA,0,0.597,5.45,215.5,0
S9-AA-NOC-washout-dish1-005,AA,0,0.482,8.72,228.5,1
S9-AA-NOC-washout-dish1-005,AA,0,0.743,8.72,260.7,0
S9-AA-NOC-washout-dish1-005,AA,0,0.41,14.17,197.7,0
S9-AA-NOC-washout-dish1-005,AA,0,0.529,14.17,160.3,0
S9-AA-NOC-washout-dish1-005,AA,0,0.245,6.54,291.1,0
S9-AA-NOC-washout-dish1-005,AA,0,0.34,8.72,223.9,0
S9-AA-NOC-washout-dish1-005,AA,0,0.619,4.36,279.5,0
S9-AA-NOC-washout-dish1-005,AA,0,0.685,7.63,300.2,0
S9-AA-NOC-washout-dish1-005,AA,0,0.492,5.45,305.5,0
S9-AA-NOC-washout-dish1-005,AA,0,0.242,4.36,492.4,0
S9-AA-NOC-washout-dish1-005,AA,0,0.972,6.54,244.1,1
S9-AA-NOC-washout-dish1-005,AA,0,0.68,11.99,242.6,1
S9-AA-NOC-washout-dish1-005,AA,0,0.742,42.51,173.2,0
S9-AA-NOC-washout-dish1-005,AA,0,0.346,8.72,194.0,0
S9-AA-NOC-washout-dish1-005,AA,0,0.67,4.36,288.1,0
S9-AA-NOC-washout-dish1-005,AA,0,0.784,4.36,290.6,0
S9-AA-NOC-washout-dish1-005,AA,0,0.011,4.36,286.7,0
S9-AA-NOC-washout-dish1-005,AA,0,0.892,23.98,191.3,0
S9-AA-NOC-washout-dish1-005,AA,0,0.733,7.63,321.2,1
S9-AA-NOC-washout-dish1-005,AA,0,0.282,13.08,143.9,1
S9-AA-NOC-washout-dish1-005,AA,0,0.332,38.15,246.2,0
S9-AA-NOC-washout-dish1-005,AA,0,0.752,4.36,281.1,0
S9-AA-NOC-washout-dish1-005,AA,0,0.74,9.81,288.7,0
S9-AA-NOC-washout-dish1-005,AA,0,0.82,10.9,272.9,0
S9-AA-NOC-washout-dish1-005,AA,0,0.398,14.17,220.8,0
S9-AA-NOC-washout-dish1-005,AA,0,0.884,14.17,236.4,1
S9-AA-NOC-washout-dish1-005,AA,0,0.075,14.17,132.8,0
S9-AA-NOC-washout-dish1-005,AA,0,0.719,8.72,265.4,0
S9-AA-NOC-washout-dish1-005,AA,0,0.458,6.54,269.9,1
S9-AA-NOC-washout-dish1-005,AA,0,0.341,10.9,259.6,0
S9-AA-NOC-washout-dish1-005,AA,0,0.253,4.36,442.8,0
S9-AA-NOC-washout-dish1-005,AA,0,0.264,18.53,336.2,0
S9-AA-NOC-washout-dish1-005,AA,0,0.101,27.25,229.3,0
S9-AA-NOC-washout-dish1-005,AA,0,0.55,20.71,197.7,1
S9-AA-NOC-washout-dish1-005,AA,0,0.452,5.45,434.1,0
S9-AA-NOC-washout-dish1-005,AA,0,0.014,4.36,349.8,0
S9-AA-NOC-washout-dish1-005,AA,0,0.951,20.71,239.4,0
S9-AA-NOC-washout-dish1-005,AA,0,0.442,13.08,231.6,0
S9-AA-NOC-washout-dish1-005,AA,0,0.017,4.36,266.9,0
S9-AA-NOC-washout-dish1-005,AA,0,0.047,7.63,219.4,0
S9-AA-NOC-washout-dish1-005,AA,0,0.349,5.45,313.9,0
S9-AA-NOC-washout-dish1-005,AA,0,0.299,5.45,320.0,0
S9-AA-NOC-washout-dish1-005,AA,0,0.55,5.45,316.8,0
S9-AA-NOC-washout-dish1-005,AA,0,0.696,5.45,269.7,1
S9-AA-NOC-washout-dish1-005,AA,0,0.943,29.43,156.0,0
S9-AA-NOC-washout-dish1-005,AA,0,0.925,7.63,192.3,1
S9-AA-NOC-washout-dish1-005,AA,0,0.614,11.99,209.9,0
S9-AA-NOC-washout-dish1-005,AA,0,0.426,37.06,198.1,0
S9-AA-NOC-washout-dish1-005,AA,0,0.24,4.36,311.0,1
S9-AA-NOC-washout-dish1-005,AA,0,0.168,7.63,373.9,1
S9-AA-NOC-washout-dish1-005,AA,0,0.349,9.81,269.8,0
S9-AA-NOC-washout-dish1-005,AA,0,0.597,6.54,239.3,0
S9-AA-NOC-washout-dish1-005,AA,0,0.763,6.54,170.1,0
S9-AA-NOC-washout-dish1-005,AA,0,0.924,19.62,217.6,0
S9-AA-NOC-washout-dish1-005,AA,0,0.22,8.72,242.4,1
S9-AA-NOC-washout-dish1-005,AA,0,0.219,23.98,217.7,1
S9-AA-NOC-washout-dish1-005,AA,0,0.555,7.63,293.2,0
S9-AA-NOC-washout-dish1-005,AA,0,0.234,7.63,307.0,0
S9-AA-NOC-washout-dish1-005,AA,0,0.653,11.99,297.6,0
S9-AA-NOC-washout-dish1-005,AA,0,0.936,7.63,212.3,1
S9-AA-NOC-washout-dish1-005,AA,0,0.699,14.17,241.4,0
S9-AA-NOC-washout-dish1-005,AA,0,0.469,29.43,182.0,1
S9-AA-NOC-washout-dish1-005,AA,0,0.644,14.17,124.1,0
S9-AA-NOC-washout-dish1-005,AA,0,0.632,11.99,180.0,0
S9-AA-NOC-washout-dish1-005,AA,0,0.628,4.36,183.4,0
S9-AA-NOC-washout-dish1-005,AA,0,0.958,4.36,379.1,0
S9-AA-NOC-washout-dish1-005,AA,0,0.858,11.99,158.1,0
S9-AA-NOC-washout-dish1-005,AA,0,0.454,17.44,231.5,1
S9-AA-NOC-washout-dish1-005,AA,0,0.69,6.54,206.3,1
S9-AA-NOC-washout-dish1-005,AA,0,0.136,16.35,178.1,1
S9-AA-NOC-washout-dish1-005,AA,0,0.937,20.71,153.9,0
S9-AA-NOC-washout-dish1-005,AA,0,0.44,4.36,396.0,1
S9-AA-NOC-washout-dish1-005,AA,0,0.249,7.63,128.4,1
S9-AA-NOC-washout-dish1-005,AA,0,0.312,5.45,185.5,1
S9-AA-NOC-washout-dish1-005,AA,0,0.536,4.36,244.6,0
S9-AA-NOC-washout-dish1-005,AA,0,0.572,9.81,365.5,1
S9-AA-NOC-washout-dish1-005,AA,0,0.757,14.17,298.4,1
S9-AA-NOC-washout-dish1-005,AA,0,0.416,11.99,221.6,1
S9-AA-NOC-washout-dish1-005,AA,0,0.324,10.9,189.7,1
S9-AA-NOC-washout-dish1-005,AA,0,0.924,5.45,102.0,1
S9-AA-NOC-washout-dish1-005,AA,0,0.724,22.89,204.1,1
S9-AA-NOC-washout-dish1-005,AA,0,0.127,18.53,230.5,0
S9-AA-NOC-washout-dish1-005,AA,0,0.442,22.89,179.9,0
S9-AA-NOC-washout-dish1-005,AA,0,0.772,4.36,282.0,0
S9-AA-NOC-washout-dish1-005,AA,0,0.79,10.9,279.3,0
S9-AA-NOC-washout-dish1-005,AA,0,0.929,19.62,229.7,0
S9-AA-NOC-washout-dish1-005,AA,0,0.099,6.54,151.9,0
S9-AA-NOC-washout-dish1-005,AA,0,0.546,18.53,259.3,0
S9-AA-NOC-washout-dish1-005,AA,0,0.69,15.26,162.9,0
S9-AA-NOC-washout-dish1-005,AA,0,0.577,5.45,363.4,0
S9-AA-NOC-washout-dish1-005,AA,0,0.359,5.45,205.5,0
S9-AA-NOC-washout-dish1-005,AA,0,0.218,7.63,276.9,0
S9-AA-NOC-washout-dish1-005,AA,0,0.7,11.99,292.5,0
S9-AA-NOC-washout-dish1-005,AA,0,0.66,14.17,229.1,0
S9-AA-NOC-washout-dish1-005,AA,0,0.631,17.44,172.7,1
S9-AA-NOC-washout-dish1-005,AA,0,0.355,4.36,208.1,0
S9-AA-NOC-washout-dish1-005,AA,0,0.322,14.17,271.6,0
S9-AA-NOC-washout-dish1-005,AA,0,0.828,15.26,205.8,0
S9-AA-NOC-washout-dish1-005,AA,0,0.372,6.54,265.7,0
S9-AA-NOC-washout-dish1-005,AA,0,0.23,5.45,378.6,0
S9-AA-NOC-washout-dish1-005,AA,0,0.101,14.17,247.6,0
S9-AA-NOC-washout-dish1-005,AA,0,0.528,7.63,217.7,0
S9-AA-NOC-washout-dish1-005,AA,0,0.3,11.99,183.9,0
S9-AA-NOC-washout-dish1-005,AA,0,0.659,10.9,301.6,1
S9-AA-NOC-washout-dish1-005,AA,0,0.674,10.9,328.7,1
S9-AA-NOC-washout-dish1-005,AA,0,0.374,10.9,266.8,0
S9-AA-NOC-washout-dish1-005,AA,0,0.781,4.36,227.8,0
S9-AA-NOC-washout-dish1-005,AA,0,0.595,10.9,229.5,0
S9-AA-NOC-washout-dish1-005,AA,0,0.13,7.63,165.6,0
S9-AA-NOC-washout-dish1-005,AA,0,0.26,8.72,224.8,0
S9-AA-NOC-washout-dish1-005,AA,0,0.305,8.72,96.0,0
S9-AA-NOC-washout-dish1-005,AA,0,0.838,9.81,197.1,1
S9-AA-NOC-washout-dish1-005,AA,0,0.094,9.81,231.4,0
S9-AA-NOC-washout-dish1-005,AA,0,0.247,8.72,219.8,0
S9-AA-NOC-washout-dish1-005,AA,0,0.27,7.63,294.9,0
S9-AA-NOC-washout-dish1-005,AA,0,0.297,4.36,366.8,0
S9-AA-NOC-washout-dish1-005,AA,0,0.612,7.63,259.0,1
S9-AA-NOC-washout-dish1-005,AA,0,0.539,6.54,244.7,0
S9-AA-NOC-washout-dish1-005,AA,0,0.732,4.36,419.5,0
S9-AA-NOC-washout-dish1-005,AA,0,0.035,4.36,326.9,1
S9-AA-NOC-washout-dish1-005,AA,0,0.601,5.45,267.8,1
S9-AA-NOC-washout-dish1-005,AA,0,0.856,5.45,249.8,1
S9-AA-NOC-washout-dish1-005,AA,0,0.668,4.36,256.6,0
S9-AA-NOC-washout-dish1-005,AA,0,0.91,4.36,249.0,0
S9-AA-NOC-washout-dish1-006,AA,0,0.102,20.71,142.2,1
S9-AA-NOC-washout-dish1-006,AA,0,0.653,16.35,187.0,0
S9-AA-NOC-washout-dish1-006,AA,0,0.434,25.07,295.3,1
S9-AA-NOC-washout-dish1-006,AA,0,0.66,11.99,164.7,0
S9-AA-NOC-washout-dish1-006,AA,0,0.74,4.36,321.4,1
S9-AA-NOC-washout-dish1-006,AA,0,0.818,16.35,176.4,1
S9-AA-NOC-washout-dish1-006,AA,0,0.402,59.95,258.9,1
S9-AA-NOC-washout-dish1-006,AA,0,0.392,5.45,366.1,0
S9-AA-NOC-washout-dish1-006,AA,0,0.397,39.24,225.5,1
S9-AA-NOC-washout-dish1-006,AA,0,0.935,18.53,269.6,0
S9-AA-NOC-washout-dish1-006,AA,0,0.059,16.35,225.8,0
S9-AA-NOC-washout-dish1-006,AA,0,0.291,9.81,240.6,0
S9-AA-NOC-washout-dish1-006,AA,0,0.207,4.36,275.1,0
S9-AA-NOC-washout-dish1-006,AA,0,0.697,55.59,172.6,1
S9-AA-NOC-washout-dish1-006,AA,0,0.706,10.9,212.6,0
S9-AA-NOC-washout-dish1-006,AA,0,0.715,9.81,259.3,0
S9-AA-NOC-washout-dish1-006,AA,0,0.546,16.35,227.1,0
S9-AA-NOC-washout-dish1-006,AA,0,0.979,10.9,245.6,1
S9-AA-NOC-washout-dish1-006,AA,0,0.224,7.63,264.7,0
S9-AA-NOC-washout-dish1-006,AA,0,0.139,8.72,203.9,1
S9-AA-NOC-washout-dish1-006,AA,0,0.594,16.35,210.6,0
S9-AA-NOC-washout-dish1-006,AA,0,0.638,15.26,332.5,0
S9-AA-NOC-washout-dish1-006,AA,0,0.867,4.36,250.3,0
S9-AA-NOC-washout-dish1-006,AA,0,0.463,10.9,195.6,0
S9-AA-NOC-washout-dish1-006,AA,0,0.927,9.81,226.8,0
S9-AA-NOC-washout-dish1-006,AA,0,0.23,28.34,266.9,1
S9-AA-NOC-washout-dish1-006,AA,0,0.269,52.32,164.4,1
S9-AA-NOC-washout-dish1-006,AA,0,0.109,17.44,194.5,0
S9-AA-NOC-washout-dish1-006,AA,0,0.661,13.08,239.8,0
S9-AA-NOC-washout-dish1-006,AA,0,0.471,20.71,282.0,0
S9-AA-NOC-washout-dish1-006,AA,0,0.384,4.36,415.9,1
S9-AA-NOC-washout-dish1-006,AA,0,0.851,16.35,292.5,0
S9-AA-NOC-washout-dish1-006,AA,0,0.43,43.6,192.0,1
S9-AA-NOC-washout-dish1-006,AA,0,0.919,9.81,299.7,1
S9-AA-NOC-washout-dish1-006,AA,0,0.251,15.26,187.8,0
S9-AA-NOC-washout-dish1-006,AA,0,0.26,7.63,201.9,1
S9-AA-NOC-washout-dish1-006,AA,0,0.06,5.45,341.5,0
S9-AA-NOC-washout-dish1-006,AA,0,0.475,4.36,292.5,1
S9-AA-NOC-washout-dish1-006,AA,0,0.431,11.99,349.7,0
S9-AA-NOC-washout-dish1-006,AA,0,0.948,67.58,194.4,1
S9-AA-NOC-washout-dish1-006,AA,0,0.936,17.44,247.2,1
S9-AA-NOC-washout-dish1-006,AA,0,0.527,28.34,251.1,0
S9-AA-NOC-washout-dish1-006,AA,0,0.429,5.45,188.2,0
S9-AA-NOC-washout-dish1-006,AA,0,0.271,46.87,227.1,0
S9-AA-NOC-washout-dish1-006,AA,0,0.613,30.52,249.3,1
S9-AA-NOC-washout-dish1-006,AA,0,0.506,28.34,271.3,0
S9-AA-NOC-washout-dish1-006,AA,0,0.065,6.54,244.9,0
S9-AA-NOC-washout-dish1-006,AA,0,0.55,14.17,254.5,0
S9-AA-NOC-washout-dish1-006,AA,0,0.928,17.44,313.2,1
S9-AA-NOC-washout-dish1-006,AA,0,0.743,6.54,297.4,1
S9-AA-NOC-washout-dish1-006,AA,0,0.433,4.36,211.6,0
S9-AA-NOC-washout-dish1-006,AA,0,0.217,8.72,243.3,0
S9-AA-NOC-washout-dish1-006,AA,0,0.678,13.08,208.1,0
S9-AA-NOC-washout-dish1-006,AA,0,0.32,7.63,175.8,1
S9-AA-NOC-washout-dish1-006,AA,0,0.603,4.36,282.8,0
S9-AA-NOC-washout-dish1-006,AA,0,0.321,4.36,353.3,1
S9-AA-NOC-washout-dish1-006,AA,0,0.626,20.71,290.6,0
S9-AA-NOC-washout-dish1-006,AA,0,0.494,5.45,318.0,1
S9-AA-NOC-washout-dish1-006,AA,0,0.579,10.9,255.9,0
S9-AA-NOC-washout-dish1-006,AA,0,0.6,7.63,264.2,0
S9-AA-NOC-washout-dish1-006,AA,0,0.189,6.54,270.1,0
S9-AA-NOC-washout-dish1-006,AA,0,0.893,6.54,303.4,1
S9-AA-NOC-washout-dish1-006,AA,0,0.328,5.45,256.6,0
S9-AA-NOC-washout-dish1-006,AA,0,0.56,16.35,164.4,0
S9-AA-NOC-washout-dish1-006,AA,0,0.88,6.54,285.2,1
S9-AA-NOC-washout-dish1-006,AA,0,0.528,19.62,327.8,0
S9-AA-NOC-washout-dish1-006,AA,0,0.349,15.26,343.6,1
S9-AA-NOC-washout-dish1-006,AA,0,0.398,7.63,317.5,1
S9-AA-NOC-washout-dish1-006,AA,0,0.792,20.71,276.8,0
S9-AA-NOC-washout-dish1-006,AA,0,0.195,4.36,286.2,0
S9-AA-NOC-washout-dish1-006,AA,0,0.243,9.81,300.0,0
S9-AA-NOC-washout-dish1-006,AA,0,0.58,13.08,273.8,1
S9-AA-NOC-washout-dish1-006,AA,0,0.527,11.99,217.1,1
S9-AA-NOC-washout-dish1-006,AA,0,0.691,5.45,155.9,0
S9-AA-NOC-washout-dish1-006,AA,0,0.228,7.63,111.2,0
S9-AA-NOC-washout-dish1-006,AA,0,0.677,5.45,359.9,0
S9-AA-NOC-washout-dish1-006,AA,0,0.611,28.34,225.6,0
S9-AA-NOC-washout-dish1-006,AA,0,0.667,35.97,219.6,1
S9-AA-NOC-washout-dish1-006,AA,0,0.832,7.63,357.3,1
S9-AA-NOC-washout-dish1-006,AA,0,0.748,15.26,255.7,1
S9-AA-NOC-washout-dish1-006,AA,0,0.833,4.36,446.2,1
S9-AA-NOC-washout-dish1-006,AA,0,0.739,22.89,200.4,0
S9-AA-NOC-washout-dish1-006,AA,0,0.311,17.44,234.3,0
S9-AA-NOC-washout-dish1-006,AA,0,0.716,22.89,282.1,1
S9-AA-NOC-washout-dish1-006,AA,0,0.415,10.9,275.4,1
S9-AA-NOC-washout-dish1-006,AA,0,0.528,5.45,336.0,1
S9-AA-NOC-washout-dish1-006,AA,0,0.554,5.45,159.1,0
S9-AA-NOC-washout-dish1-006,AA,0,0.075,7.63,254.6,0
S9-AA-NOC-washout-dish1-006,AA,0,0.359,10.9,286.0,0
S9-AA-NOC-washout-dish1-006,AA,0,0.502,20.71,213.6,1
S9-AA-NOC-washout-dish1-006,AA,0,0.402,7.63,287.3,1
S9-AA-NOC-washout-dish1-006,AA,0,0.85,4.36,239.5,0
S9-AA-NOC-washout-dish1-006,AA,0,0.714,8.72,313.6,0
S9-AA-NOC-washout-dish1-006,AA,0,0.291,22.89,239.5,1
S9-AA-NOC-washout-dish1-006,AA,0,0.402,4.36,369.3,1
S9-AA-NOC-washout-dish1-006,AA,0,0.263,4.36,177.8,1
S9-AA-NOC-washout-dish1-006,AA,0,0.404,10.9,254.5,0
S9-AA-NOC-washout-dish1-006,AA,0,0.467,5.45,417.2,1
S9-AA-NOC-washout-dish1-006,AA,0,0.171,5.45,258.1,0
S9-AA-NOC-washout-dish1-006,AA,0,0.072,4.36,289.6,1
S9-AA-NOC-washout-dish1-006,AA,0,0.844,9.81,285.0,0
S9-AA-NOC-washout-dish1-006,AA,0,0.898,7.63,383.6,1
S9-AA-NOC-washout-dish1-006,AA,0,0.5,20.71,257.4,0
S9-AA-NOC-washout-dish1-006,AA,0,0.743,17.44,281.7,0
S9-AA-NOC-washout-dish1-006,AA,0,0.751,7.63,222.7,0
S9-AA-NOC-washout-dish1-006,AA,0,0.593,6.54,158.3,1
S9-AA-NOC-washout-dish1-006,AA,0,0.707,10.9,143.7,1
S9-AA-NOC-washout-dish1-006,AA,0,0.682,8.72,280.5,0
S9-AA-NOC-washout-dish1-006,AA,0,0.648,9.81,331.2,1
S9-AA-NOC-washout-dish1-006,AA,0,0.983,6.54,374.9,1
S9-AA-NOC-washout-dish1-006,AA,0,0.383,41.42,237.7,1
S9-AA-NOC-washout-dish1-006,AA,0,0.454,11.99,293.9,0
S9-AA-NOC-washout-dish1-006,AA,0,0.139,27.25,215.0,1
S9-AA-NOC-washout-dish1-006,AA,0,0.684,14.17,342.0,0
S9-AA-NOC-washout-dish1-006,AA,0,0.813,8.72,262.7,1
S9-AA-NOC-washout-dish1-006,AA,0,0.421,10.9,282.1,0
S9-AA-NOC-washout-dish1-006,AA,0,0.826,23.98,211.3,0
S9-AA-NOC-washout-dish1-006,AA,0,0.249,6.54,260.9,0
S9-AA-NOC-washout-dish1-006,AA,0,0.389,13.08,295.3,1
S9-AA-NOC-washout-dish1-006,AA,0,0.556,30.52,231.8,0
S9-AA-NOC-washout-dish1-006,AA,0,0.713,31.61,264.5,1
S9-AA-NOC-washout-dish1-006,AA,0,0.511,5.45,344.9,0
S9-AA-NOC-washout-dish1-006,AA,0,0.498,8.72,230.5,1
S9-AA-NOC-washout-dish1-006,AA,0,0.5,7.63,206.9,0
S9-AA-NOC-washout-dish1-006,AA,0,0.126,7.63,176.4,0
S9-AA-NOC-washout-dish1-006,AA,0,0.439,9.81,378.6,0
S9-AA-NOC-washout-dish1-006,AA,0,0.64,11.99,243.1,1
S9-AA-NOC-washout-dish1-006,AA,0,0.163,6.54,290.5,0
S9-AA-NOC-washout-dish1-006,AA,0,0.727,10.9,221.0,1
S9-AA-NOC-washout-dish1-006,AA,0,0.972,6.54,150.8,0
S9-AA-NOC-washout-dish1-006,AA,0,0.833,5.45,390.5,0
S9-AA-NOC-washout-dish1-006,AA,0,0.436,10.9,227.5,0
S9-AA-NOC-washout-dish1-006,AA,0,0.901,83.93,123.8,0
S9-AA-NOC-washout-dish1-006,AA,0,0.668,6.54,291.0,0
S9-AA-NOC-washout-dish1-006,AA,0,0.254,29.43,209.8,0
S9-AA-NOC-washout-dish1-006,AA,0,0.583,7.63,276.3,0
S9-AA-NOC-washout-dish1-006,AA,0,0.463,9.81,114.0,1
S9-AA-NOC-washout-dish1-006,AA,0,0.807,5.45,271.8,0
S9-AA-NOC-washout-dish1-006,AA,0,0.237,4.36,233.5,0
S9-AA-NOC-washout-dish1-006,AA,0,0.298,15.26,253.9,1
S9-AA-NOC-washout-dish1-006,AA,0,0.382,10.9,249.6,1
S9-AA-NOC-washout-dish1-006,AA,0,0.342,10.9,252.1,0
S9-AA-NOC-washout-dish1-006,AA,0,0.422,10.9,252.3,1
S9-AA-NOC-washout-dish1-006,AA,0,0.746,27.25,294.8,0
S9-AA-NOC-washout-dish1-006,AA,0,0.755,10.9,245.2,0
S9-AA-NOC-washout-dish1-006,AA,0,0.058,15.26,251.9,1
S9-AA-NOC-washout-dish1-006,AA,0,0.069,4.36,348.6,0
S9-AA-NOC-washout-dish1-006,AA,0,0.893,9.81,235.2,0
S9-AA-NOC-washout-dish1-006,AA,0,0.162,27.25,168.7,1
S9-AA-NOC-washout-dish1-006,AA,0,0.343,4.36,276.5,1
S9-AA-NOC-washout-dish1-006,AA,0,0.72,8.72,175.7,1
S9-AA-NOC-washout-dish1-006,AA,0,0.439,9.81,290.0,0
S9-AA-NOC-washout-dish1-006,AA,0,0.456,5.45,408.0,1
S9-AA-NOC-washout-dish1-006,AA,0,0.034,5.45,231.5,0
S9-AA-NOC-washout-dish1-006,AA,0,0.413,9.81,334.0,0
S9-AA-NOC-washout-dish1-006,AA,0,0.813,22.89,221.5,1
S9-AA-NOC-washout-dish1-006,AA,0,0.42,4.36,368.0,1
S9-AA-NOC-washout-dish1-006,AA,0,0.637,5.45,95.0,0
S9-AA-NOC-washout-dish1-006,AA,0,0.47,32.7,219.4,1
S9-AA-NOC-washout-dish1-006,AA,0,0.285,14.17,155.9,1
S9-AA-NOC-washout-dish1-006,AA,0,0.114,9.81,240.2,0
S9-AA-NOC-washout-dish1-006,AA,0,0.289,14.17,290.7,0
S9-AA-NOC-washout-dish1-006,AA,0,0.246,11.99,273.4,0
S9-AA-NOC-washout-dish1-006,AA,0,0.172,17.44,187.9,1
S9-AA-NOC-washout-dish1-006,AA,0,0.734,22.89,235.9,0
S9-AA-NOC-washout-dish1-006,AA,0,0.701,14.17,304.5,0
S9-AA-NOC-washout-dish1-006,AA,0,0.953,8.72,206.6,1
S9-AA-NOC-washout-dish1-006,AA,0,0.394,13.08,212.2,1
S9-AA-NOC-washout-dish1-006,AA,0,0.631,22.89,236.2,1
S9-AA-NOC-washout-dish1-006,AA,0,0.457,27.25,241.2,0
S9-AA-NOC-washout-dish1-006,AA,0,0.783,34.88,239.3,1
S9-AA-NOC-washout-dish1-006,AA,0,0.574,9.81,280.0,0
S9-AA-NOC-washout-dish1-006,AA,0,0.682,22.89,239.0,1
S9-AA-NOC-washout-dish1-006,AA,0,0.89,11.99,325.2,1
S9-AA-NOC-washout-dish1-006,AA,0,0.89,20.71,255.0,1
S9-AA-NOC-washout-dish1-006,AA,0,0.554,8.72,294.7,0
S9-AA-NOC-washout-dish1-006,AA,0,0.396,5.45,319.9,1
S9-AA-NOC-washout-dish1-006,AA,0,0.691,15.26,219.9,0
S9-AA-NOC-washout-dish1-006,AA,0,0.809,9.81,216.3,0
S9-AA-NOC-washout-dish1-006,AA,0,0.411,4.36,526.0,1
S9-AA-NOC-washout-dish1-006,AA,0,0.536,6.54,197.4,0
S9-AA-NOC-washout-dish1-006,AA,0,0.828,9.81,167.2,0
S9-AA-NOC-washout-dish1-006,AA,0,0.358,9.81,306.3,1
S9-AA-NOC-washout-dish1-006,AA,0,0.462,6.54,383.8,1
S9-AA-NOC-washout-dish1-006,AA,0,0.331,8.72,263.1,0
S9-AA-NOC-washout-dish1-006,AA,0,0.53,19.62,201.0,0
S9-AA-NOC-washout-dish1-006,AA,0,0.882,16.35,217.8,0
S9-AA-NOC-washout-dish1-006,AA,0,0.93,5.45,325.0,1
S9-AA-NOC-washout-dish1-006,AA,0,0.389,9.81,179.1,0
S9-AA-NOC-washout-dish1-006,AA,0,0.437,4.36,320.5,1
S9-AA-NOC-washout-dish1-006,AA,0,0.105,6.54,363.7,1
S9-AA-NOC-washout-dish1-006,AA,0,0.578,9.81,299.6,0
S9-AA-NOC-washout-dish1-006,AA,0,0.313,19.62,245.4,1
S9-AA-NOC-washout-dish1-006,AA,0,0.14,8.72,229.3,1
S9-AA-NOC-washout-dish1-006,AA,0,0.801,8.72,285.8,0
S9-AA-NOC-washout-dish1-006,AA,0,0.829,5.45,255.9,0
S9-AA-NOC-washout-dish1-006,AA,0,0.579,14.17,313.1,0
S9-AA-NOC-washout-dish1-006,AA,0,0.346,14.17,201.5,1
S9-AA-NOC-washout-dish1-006,AA,0,0.63,8.72,212.9,0
S9-AA-NOC-washout-dish1-006,AA,0,0.655,18.53,279.8,0
S9-AA-NOC-washout-dish1-006,AA,0,0.488,5.45,155.3,0
S9-AA-NOC-washout-dish1-006,AA,0,0.599,4.36,369.3,1
S9-AA-NOC-washout-dish1-006,AA,0,0.412,15.26,242.5,1
S9-AA-NOC-washout-dish1-006,AA,0,0.445,4.36,213.6,1
S9-AA-NOC-washout-dish1-006,AA,0,0.66,15.26,274.2,1
S9-AA-NOC-washout-dish1-006,AA,0,0.762,9.81,153.4,0
S9-AA-NOC-washout-dish1-006,AA,0,0.676,18.53,204.0,1
S9-AA-NOC-washout-dish1-006,AA,0,0.069,6.54,257.6,0
S9-AA-NOC-washout-dish1-006,AA,0,0.442,5.45,351.6,1
S9-AA-NOC-washout-dish1-006,AA,0,0.069,32.7,162.0,0
S9-AA-NOC-washout-dish1-006,AA,0,0.197,11.99,268.3,0
S9-AA-NOC-washout-dish1-006,AA,0,0.804,8.72,309.3,1
S9-AA-NOC-washout-dish1-006,AA,0,0.313,7.63,268.8,0
S9-AA-NOC-washout-dish1-006,AA,0,0.212,9.81,382.6,0
S9-AA-NOC-washout-dish1-006,AA,0,0.856,5.45,385.0,0
S9-AA-NOC-washout-dish1-006,AA,0,0.081,7.63,334.8,0
S9-AA-NOC-washout-dish1-006,AA,0,0.375,4.36,235.5,0
S9-AA-NOC-washout-dish1-006,AA,0,0.356,15.26,192.5,1
S9-AA-NOC-washout-dish1-006,AA,0,0.56,6.54,313.5,0
S9-AA-NOC-washout-dish1-006,AA,0,0.69,13.08,245.3,1
S9-AA-NOC-washout-dish1-006,AA,0,0.032,5.45,188.3,0
S9-AA-NOC-washout-dish1-006,AA,0,0.459,10.9,276.9,0
S9-AA-NOC-washout-dish1-006,AA,0,0.089,7.63,339.7,0
S9-AA-NOC-washout-dish1-006,AA,0,0.89,6.54,143.9,0
S9-AA-NOC-washout-dish1-006,AA,0,0.295,13.08,247.8,0
S9-AA-NOC-washout-dish1-006,AA,0,0.729,16.35,287.2,1
S9-AA-NOC-washout-dish1-006,AA,0,0.16,28.34,229.1,1
S9-AA-NOC-washout-dish1-006,AA,0,0.648,14.17,262.2,0
S9-AA-NOC-washout-dish1-006,AA,0,0.251,11.99,252.4,0
S9-AA-NOC-washout-dish1-006,AA,0,0.344,21.8,242.6,0
S9-AA-NOC-washout-dish1-006,AA,0,0.935,16.35,296.6,0
S9-AA-NOC-washout-dish1-006,AA,0,0.528,11.99,269.1,1
S9-AA-NOC-washout-dish1-006,AA,0,0.767,22.89,232.5,0
S9-AA-NOC-washout-dish1-006,AA,0,0.607,18.53,260.7,0
S9-AA-NOC-washout-dish1-006,AA,0,0.985,10.9,200.2,1
S9-AA-NOC-washout-dish1-006,AA,0,0.325,5.45,448.7,0
S9-AA-NOC-washout-dish1-006,AA,0,0.827,9.81,148.7,0
S9-AA-NOC-washout-dish1-006,AA,0,0.305,35.97,233.4,0
S9-AA-NOC-washout-dish1-006,AA,0,0.378,11.99,386.4,0
S9-AA-NOC-washout-dish1-006,AA,0,0.547,4.36,346.4,0
S9-AA-NOC-washout-dish1-006,AA,0,0.741,26.16,196.5,0
S9-AA-NOC-washout-dish1-006,AA,0,0.763,28.34,249.3,0
S9-AA-NOC-washout-dish1-006,AA,0,0.106,30.52,196.6,1
S9-AA-NOC-washout-dish1-006,AA,0,0.023,4.36,342.6,1
S9-AA-NOC-washout-dish1-006,AA,0,0.732,15.26,293.6,0
S9-AA-NOC-washout-dish1-006,AA,0,0.3,6.54,240.4,1
S9-AA-NOC-washout-dish1-006,AA,0,0.83,6.54,176.1,1
S9-AA-NOC-washout-dish1-006,AA,0,0.295,8.72,264.5,1
S9-AA-NOC-washout-dish1-006,AA,0,0.464,8.72,259.8,0
S9-AA-NOC-washout-dish1-006,AA,0,0.154,18.53,219.3,0
S9-AA-NOC-washout-dish1-006,AA,0,0.488,4.36,408.5,0
S9-AA-NOC-washout-dish1-006,AA,0,0.858,8.72,197.2,0
S9-AA-NOC-washout-dish1-006,AA,0,0.895,34.88,266.8,1
S9-AA-NOC-washout-dish1-006,AA,0,0.51,4.36,336.2,1
S9-AA-NOC-washout-dish1-006,AA,0,0.938,6.54,341.5,1
S9-AA-NOC-washout-dish1-006,AA,0,0.108,25.07,200.1,0
S9-AA-NOC-washout-dish1-006,AA,0,0.759,14.17,209.5,1
S9-AA-NOC-washout-dish1-006,AA,0,0.617,5.45,366.3,1
S9-AA-NOC-washout-dish1-006,AA,0,0.66,5.45,241.8,0
S9-AA-NOC-washout-dish1-006,AA,0,0.315,10.9,256.4,0
S9-AA-NOC-washout-dish1-006,AA,0,0.841,10.9,206.5,1
S9-AA-NOC-washout-dish1-006,AA,0,0.567,9.81,267.3,1
S9-AA-NOC-washout-dish1-006,AA,0,0.598,8.72,283.9,1
S9-AA-NOC-washout-dish1-006,AA,0,0.596,6.54,210.7,0
S9-AA-NOC-washout-dish1-006,AA,0,0.433,30.52,270.4,1
S9-AA-NOC-washout-dish1-006,AA,0,0.738,17.44,242.7,0
S9-AA-NOC-washout-dish1-006,AA,0,0.478,11.99,216.6,0
S9-AA-NOC-washout-dish1-006,AA,0,0.505,18.53,217.5,0
S9-AA-NOC-washout-dish1-006,AA,0,0.761,9.81,201.3,0
S9-AA-NOC-washout-dish1-006,AA,0,0.856,7.63,230.8,1
S9-AA-NOC-washout-dish1-006,AA,0,0.216,7.63,228.5,1
S9-AA-NOC-washout-dish1-006,AA,0,0.291,4.36,268.9,0
S9-AA-NOC-washout-dish1-006,AA,0,0.548,4.36,453.7,0
S9-AA-NOC-washout-dish1-006,AA,0,0.354,19.62,279.0,0
S9-AA-NOC-washout-dish1-006,AA,0,0.476,4.36,337.9,1
S9-AA-NOC-washout-dish1-006,AA,0,0.797,8.72,118.7,0
S9-AA-NOC-washout-dish1-006,AA,0,0.385,34.88,169.8,0
S9-AA-NOC-washout-dish1-006,AA,0,0.651,10.9,222.3,1
S9-AA-NOC-washout-dish1-006,AA,0,0.124,11.99,241.9,1
S9-AA-NOC-washout-dish1-006,AA,0,0.271,33.79,159.8,0
S9-AA-NOC-washout-dish1-006,AA,0,0.373,17.44,252.4,1
S9-AA-NOC-washout-dish1-006,AA,0,0.73,26.16,244.9,1
S9-AA-NOC-washout-dish1-006,AA,0,0.331,11.99,253.3,1
S9-AA-NOC-washout-dish1-006,AA,0,0.908,16.35,178.9,0
S9-AA-NOC-washout-dish1-006,AA,0,0.42,4.36,272.7,0
S9-AA-NOC-washout-dish1-006,AA,0,0.95,33.79,241.0,1
S9-AA-NOC-washout-dish1-006,AA,0,0.482,13.08,222.5,1
S9-AA-NOC-washout-dish1-006,AA,0,0.83,26.16,194.2,1
S9-AA-NOC-washout-dish1-006,AA,0,0.424,5.45,176.5,1
S9-AA-NOC-washout-dish1-006,AA,0,0.449,26.16,182.3,1
S9-AA-NOC-washout-dish1-006,AA,0,0.16,8.72,313.4,1
S9-AA-NOC-washout-dish1-006,AA,0,0.835,20.71,276.6,0
S9-AA-NOC-washout-dish1-006,AA,0,0.406,4.36,327.3,0
S9-AA-NOC-washout-dish1-006,AA,0,0.708,16.35,235.8,0
S9-AA-NOC-washout-dish1-006,AA,0,0.547,5.45,281.3,1
S9-AA-NOC-washout-dish1-006,AA,0,0.264,6.54,266.0,0
S9-AA-NOC-washout-dish1-006,AA,0,0.224,6.54,274.6,0
S9-AA-NOC-washout-dish1-006,AA,0,0.843,28.34,241.9,1
S9-AA-NOC-washout-dish1-006,AA,0,0.812,9.81,262.9,0
S9-AA-NOC-washout-dish1-006,AA,0,0.707,23.98,207.3,1
S9-AA-NOC-washout-dish1-006,AA,0,0.343,15.26,187.3,1
S9-AA-NOC-washout-dish1-006,AA,0,0.991,29.43,144.8,1
S9-AA-NOC-washout-dish1-006,AA,0,0.434,7.63,213.4,0
S9-AA-NOC-washout-dish1-006,AA,0,0.564,9.81,259.1,1
S9-AA-NOC-washout-dish1-006,AA,0,0.442,8.72,283.1,1
S9-AA-NOC-washout-dish1-006,AA,0,0.905,16.35,172.1,0
S9-AA-NOC-washout-dish1-006,AA,0,0.608,8.72,256.8,1
S9-AA-NOC-washout-dish1-006,AA,0,0.673,30.52,202.5,1
S9-AA-NOC-washout-dish1-006,AA,0,0.935,23.98,213.9,0
S9-AA-NOC-washout-dish1-006,AA,0,0.274,6.54,337.1,1
S9-AA-NOC-washout-dish1-006,AA,0,0.575,7.63,198.6,1
S9-AA-NOC-washout-dish1-006,AA,0,0.449,6.54,228.9,1
S9-AA-NOC-washout-dish1-006,AA,0,0.402,16.35,335.1,1
S9-AA-NOC-washout-dish1-006,AA,0,0.22,5.45,240.7,1
S9-AA-NOC-washout-dish1-006,AA,0,0.114,21.8,212.5,0
S9-AA-NOC-washout-dish1-006,AA,0,0.427,11.99,227.8,0
S9-AA-NOC-washout-dish1-006,AA,0,0.181,11.99,281.7,1
S9-AA-NOC-washout-dish1-006,AA,0,0.378,16.35,284.2,0
S9-AA-NOC-washout-dish1-006,AA,0,0.144,17.44,133.8,1
S9-AA-NOC-washout-dish1-006,AA,0,0.46,11.99,289.0,1
S9-AA-NOC-washout-dish1-006,AA,0,0.609,22.89,249.8,0
S9-AA-NOC-washout-dish1-006,AA,0,0.354,6.54,219.6,0
S9-AA-NOC-washout-dish1-006,AA,0,0.821,4.36,289.5,1
S9-AA-NOC-washout-dish1-006,AA,0,0.087,5.45,298.5,1
S9-AA-NOC-washout-dish1-006,AA,0,0.349,5.45,400.8,0
S9-AA-NOC-washout-dish1-006,AA,0,0.169,13.08,299.1,1
S9-AA-NOC-washout-dish1-006,AA,0,0.164,13.08,264.6,1
S9-AA-NOC-washout-dish1-006,AA,0,0.044,7.63,320.6,1
S9-AA-NOC-washout-dish1-006,AA,0,0.781,6.54,177.5,0
S9-AA-NOC-washout-dish1-006,AA,0,0.596,21.8,220.7,0
S9-AA-NOC-washout-dish1-006,AA,0,0.586,14.17,201.2,0
S9-AA-NOC-washout-dish1-006,AA,0,0.128,7.63,246.6,0
S9-AA-NOC-washout-dish1-006,AA,0,0.635,9.81,334.5,1
S9-AA-NOC-washout-dish1-006,AA,0,0.873,6.54,264.1,0
S9-AA-NOC-washout-dish1-006,AA,0,0.862,10.9,201.0,0
S9-AA-NOC-washout-dish1-006,AA,0,0.594,18.53,149.2,0
S9-AA-NOC-washout-dish1-006,AA,0,0.456,4.36,293.6,1
S9-AA-NOC-washout-dish1-006,AA,0,0.583,16.35,207.4,0
S9-AA-NOC-washout-dish1-006,AA,0,0.568,4.36,151.3,0
S9-AA-NOC-washout-dish1-006,AA,0,0.337,6.54,120.7,1
S9-AA-NOC-washout-dish1-006,AA,0,0.572,7.63,319.7,0
S9-AA-NOC-washout-dish1-006,AA,0,0.898,11.99,173.9,0
S9-AA-NOC-washout-dish1-006,AA,0,0.286,5.45,241.0,0
S9-AA-NOC-washout-dish1-006,AA,0,0.207,6.54,239.1,0
S9-AA-NOC-washout-dish1-006,AA,0,0.992,14.17,153.3,0
S9-AA-NOC-washout-dish1-006,AA,0,0.816,8.72,198.5,0
S9-AA-NOC-washout-dish1-006,AA,0,0.686,5.45,138.4,1
S9-AA-NOC-washout-dish1-006,AA,0,0.464,8.72,252.9,1
S9-AA-NOC-washout-dish1-006,AA,0,0.6,10.9,284.7,1
S9-AA-NOC-washout-dish1-006,AA,0,0.351,13.08,197.9,1
S9-AA-NOC-washout-dish1-006,AA,0,0.28,5.45,302.7,0
S9-AA-NOC-washout-dish1-006,AA,0,0.058,6.54,211.3,0
S9-AA-NOC-washout-dish1-006,AA,0,0.333,6.54,226.1,1
S9-AA-NOC-washout-dish1-006,AA,0,0.743,13.08,159.8,0
S9-AA-NOC-washout-dish1-006,AA,0,0.524,9.81,298.6,0
S9-AA-NOC-washout-dish1-006,AA,0,0.349,9.81,214.0,0
S9-AA-NOC-washout-dish1-006,AA,0,0.888,4.36,254.8,0
S9-AA-NOC-washout-dish1-006,AA,0,0.936,9.81,325.4,1
S9-AA-NOC-washout-dish1-006,AA,0,0.267,10.9,241.7,1
S9-AA-NOC-washout-dish1-006,AA,0,0.108,7.63,141.0,1
S9-AA-NOC-washout-dish1-006,AA,0,0.296,8.72,226.8,0
S9-AA-NOC-washout-dish1-006,AA,0,0.263,9.81,256.1,0
S9-AA-NOC-washout-dish1-006,AA,0,0.828,7.63,145.6,0
S9-AA-NOC-washout-dish1-006,AA,0,0.665,6.54,154.2,0
S9-AA-NOC-washout-dish1-006,AA,0,0.293,6.54,339.3,0
S9-AA-NOC-washout-dish1-006,AA,0,0.366,8.72,318.6,1
S9-AA-NOC-washout-dish1-006,AA,0,0.92,6.54,176.2,0
S9-AA-NOC-washout-dish1-006,AA,0,0.38,5.45,257.0,1
S9-AA-NOC-washout-dish1-006,AA,0,0.379,5.45,275.7,0
S9-AA-NOC-washout-dish1-006,AA,0,0.974,6.54,140.2,1
S9-AA-NOC-washout-dish1-006,AA,0,0.076,5.45,174.8,0
S9-AA-NOC-washout-dish1-006,AA,0,0.841,5.45,243.8,0
S9-AA-NOC-washout-dish1-006,AA,0,0.923,5.45,328.3,0
S9-AA-NOC-washout-dish1-007,AA,0,0.28,29.43,204.2,1
S9-AA-NOC-washout-dish1-007,AA,0,0.248,14.17,142.6,1
S9-AA-NOC-washout-dish1-007,AA,0,0.223,35.97,153.5,0
S9-AA-NOC-washout-dish1-007,AA,0,0.297,17.44,196.6,1
S9-AA-NOC-washout-dish1-007,AA,0,0.017,9.81,288.1,0
S9-AA-NOC-washout-dish1-007,AA,0,0.937,16.35,339.9,0
S9-AA-NOC-washout-dish1-007,AA,0,0.464,11.99,213.6,1
S9-AA-NOC-washout-dish1-007,AA,0,0.684,13.08,245.7,0
S9-AA-NOC-washout-dish1-007,AA,0,0.156,17.44,296.0,0
S9-AA-NOC-washout-dish1-007,AA,0,0.658,32.7,88.1,1
S9-AA-NOC-washout-dish1-007,AA,0,0.313,16.35,179.5,1
S9-AA-NOC-washout-dish1-007,AA,0,0.482,6.54,230.1,0
S9-AA-NOC-washout-dish1-007,AA,0,0.933,5.45,310.7,0
S9-AA-NOC-washout-dish1-007,AA,0,0.951,15.26,326.7,1
S9-AA-NOC-washout-dish1-007,AA,0,0.328,17.44,219.2,0
S9-AA-NOC-washout-dish1-007,AA,0,0.65,14.17,213.8,1
S9-AA-NOC-washout-dish1-007,AA,0,0.752,10.9,258.5,1
S9-AA-NOC-washout-dish1-007,AA,0,0.876,54.5,100.6,1
S9-AA-NOC-washout-dish1-007,AA,0,0.182,11.99,198.9,1
S9-AA-NOC-washout-dish1-007,AA,0,0.448,11.99,234.1,1
S9-AA-NOC-washout-dish1-007,AA,0,0.704,5.45,343.3,0
S9-AA-NOC-washout-dish1-007,AA,0,0.685,25.07,307.8,0
S9-AA-NOC-washout-dish1-007,AA,0,0.415,20.71,185.2,0
S9-AA-NOC-washout-dish1-007,AA,0,0.859,54.5,184.9,1
S9-AA-NOC-washout-dish1-007,AA,0,0.568,19.62,258.7,1
S9-AA-NOC-washout-dish1-007,AA,0,0.561,5.45,222.4,1
S9-AA-NOC-washout-dish1-007,AA,0,0.19,7.63,174.9,1
S9-AA-NOC-washout-dish1-007,AA,0,0.433,5.45,315.6,1
S9-AA-NOC-washout-dish1-007,AA,0,0.763,25.07,216.9,0
S9-AA-NOC-washout-dish1-007,AA,0,0.592,22.89,178.7,0
S9-AA-NOC-washout-dish1-007,AA,0,0.511,29.43,201.9,0
S9-AA-NOC-washout-dish1-007,AA,0,0.408,28.34,246.2,0
S9-AA-NOC-washout-dish1-007,AA,0,0.354,5.45,272.5,1
S9-AA-NOC-washout-dish1-007,AA,0,0.311,10.9,333.9,0
S9-AA-NOC-washout-dish1-007,AA,0,0.505,29.43,229.6,1
S9-AA-NOC-washout-dish1-007,AA,0,0.573,4.36,366.6,0
S9-AA-NOC-washout-dish1-007,AA,0,0.371,4.36,286.9,0
S9-AA-NOC-washout-dish1-007,AA,0,0.258,4.36,324.8,1
S9-AA-NOC-washout-dish1-007,AA,0,0.467,11.99,233.6,1
S9-AA-NOC-washout-dish1-007,AA,0,0.372,5.45,315.7,0
S9-AA-NOC-washout-dish1-007,AA,0,0.431,5.45,293.6,1
S9-AA-NOC-washout-dish1-007,AA,0,0.984,23.98,268.5,0
S9-AA-NOC-washout-dish1-007,AA,0,0.332,9.81,349.1,0
S9-AA-NOC-washout-dish1-007,AA,0,0.718,5.45,317.8,0
S9-AA-NOC-washout-dish1-007,AA,0,0.888,25.07,306.0,1
S9-AA-NOC-washout-dish1-007,AA,0,0.845,16.35,191.2,0
S9-AA-NOC-washout-dish1-007,AA,0,0.912,6.54,181.9,0
S9-AA-NOC-washout-dish1-007,AA,0,0.739,92.65,163.7,1
S9-AA-NOC-washout-dish1-007,AA,0,0.564,30.52,249.6,1
S9-AA-NOC-washout-dish1-007,AA,0,0.348,14.17,208.9,1
S9-AA-NOC-washout-dish1-007,AA,0,0.014,10.9,229.7,0
S9-AA-NOC-washout-dish1-007,AA,0,0.268,7.63,276.2,1
S9-AA-NOC-washout-dish1-007,AA,0,0.258,19.62,218.1,1
S9-AA-NOC-washout-dish1-007,AA,0,0.295,16.35,267.2,0
S9-AA-NOC-washout-dish1-007,AA,0,0.525,33.79,189.2,0
S9-AA-NOC-washout-dish1-007,AA,0,0.786,9.81,186.8,1
S9-AA-NOC-washout-dish1-007,AA,0,0.785,20.71,229.5,1
S9-AA-NOC-washout-dish1-007,AA,0,0.672,41.42,177.2,1
S9-AA-NOC-washout-dish1-007,AA,0,0.528,15.26,197.1,0
S9-AA-NOC-washout-dish1-007,AA,0,0.354,7.63,148.9,1
S9-AA-NOC-washout-dish1-007,AA,0,0.162,5.45,179.4,0
S9-AA-NOC-washout-dish1-007,AA,0,0.706,13.08,232.6,1
S9-AA-NOC-washout-dish1-007,AA,0,0.629,30.52,254.2,1
S9-AA-NOC-washout-dish1-007,AA,0,0.636,22.89,231.9,1
S9-AA-NOC-washout-dish1-007,AA,0,0.929,6.54,193.7,0
S9-AA-NOC-washout-dish1-007,AA,0,0.595,7.63,415.7,0
S9-AA-NOC-washout-dish1-007,AA,0,0.56,11.99,245.9,1
S9-AA-NOC-washout-dish1-007,AA,0,0.762,25.07,244.1,0
S9-AA-NOC-washout-dish1-007,AA,0,0.524,11.99,303.8,0
S9-AA-NOC-washout-dish1-007,AA,0,0.57,7.63,206.1,0
S9-AA-NOC-washout-dish1-007,AA,0,0.172,21.8,168.0,0
S9-AA-NOC-washout-dish1-007,AA,0,0.097,21.8,287.1,0
S9-AA-NOC-washout-dish1-007,AA,0,0.099,7.63,298.5,0
S9-AA-NOC-washout-dish1-007,AA,0,0.879,14.17,283.4,0
S9-AA-NOC-washout-dish1-007,AA,0,0.629,4.36,218.1,0
S9-AA-NOC-washout-dish1-007,AA,0,0.228,5.45,356.1,0
S9-AA-NOC-washout-dish1-007,AA,0,0.727,98.1,160.2,1
S9-AA-NOC-washout-dish1-007,AA,0,0.722,22.89,293.1,0
S9-AA-NOC-washout-dish1-007,AA,0,0.152,7.63,335.3,0
S9-AA-NOC-washout-dish1-007,AA,0,0.08,4.36,264.5,1
S9-AA-NOC-washout-dish1-007,AA,0,0.298,22.89,224.1,1
S9-AA-NOC-washout-dish1-007,AA,0,0.388,17.44,274.8,1
S9-AA-NOC-washout-dish1-007,AA,0,0.189,4.36,223.4,0
S9-AA-NOC-washout-dish1-007,AA,0,0.285,4.36,270.3,0
S9-AA-NOC-washout-dish1-007,AA,0,0.497,26.16,247.0,1
S9-AA-NOC-washout-dish1-007,AA,0,0.583,5.45,286.4,1
S9-AA-NOC-washout-dish1-007,AA,0,0.5,26.16,290.2,0
S9-AA-NOC-washout-dish1-007,AA,0,0.289,5.45,353.3,1
S9-AA-NOC-washout-dish1-007,AA,0,0.349,22.89,199.5,0
S9-AA-NOC-washout-dish1-007,AA,0,0.308,5.45,188.5,0
S9-AA-NOC-washout-dish1-007,AA,0,0.808,7.63,200.9,0
S9-AA-NOC-washout-dish1-007,AA,0,0.172,11.99,278.2,1
S9-AA-NOC-washout-dish1-007,AA,0,0.204,16.35,290.9,1
S9-AA-NOC-washout-dish1-007,AA,0,0.353,14.17,191.6,0
S9-AA-NOC-washout-dish1-007,AA,0,0.411,37.06,243.9,0
S9-AA-NOC-washout-dish1-007,AA,0,0.56,4.36,374.0,1
S9-AA-NOC-washout-dish1-007,AA,0,0.909,10.9,326.1,0
S9-AA-NOC-washout-dish1-007,AA,0,0.471,15.26,266.9,1
S9-AA-NOC-washout-dish1-007,AA,0,0.226,4.36,321.4,0
S9-AA-NOC-washout-dish1-007,AA,0,0.116,9.81,277.1,0
S9-AA-NOC-washout-dish1-007,AA,0,0.5,5.45,309.2,0
S9-AA-NOC-washout-dish1-007,AA,0,0.391,19.62,224.1,0
S9-AA-NOC-washout-dish1-007,AA,0,0.875,14.17,310.5,1
S9-AA-NOC-washout-dish1-007,AA,0,0.738,11.99,219.7,1
S9-AA-NOC-washout-dish1-007,AA,0,0.687,6.54,267.2,0
S9-AA-NOC-washout-dish1-007,AA,0,0.665,16.35,246.1,1
S9-AA-NOC-washout-dish1-007,AA,0,0.662,8.72,282.4,1
S9-AA-NOC-washout-dish1-007,AA,0,0.295,21.8,161.5,0
S9-AA-NOC-washout-dish1-007,AA,0,0.972,23.98,229.5,0
S9-AA-NOC-washout-dish1-007,AA,0,0.192,28.34,143.1,0
S9-AA-NOC-washout-dish1-007,AA,0,0.342,13.08,171.9,0
S9-AA-NOC-washout-dish1-007,AA,0,0.455,16.35,247.5,0
S9-AA-NOC-washout-dish1-007,AA,0,0.437,4.36,295.3,1
S9-AA-NOC-washout-dish1-007,AA,0,0.23,51.23,250.1,1
S9-AA-NOC-washout-dish1-007,AA,0,0.521,7.63,363.9,0
S9-AA-NOC-washout-dish1-007,AA,0,0.333,13.08,184.9,1
S9-AA-NOC-washout-dish1-007,AA,0,0.389,49.05,235.4,1
S9-AA-NOC-washout-dish1-007,AA,0,0.803,4.36,172.7,0
S9-AA-NOC-washout-dish1-007,AA,0,0.679,15.26,228.1,1
S9-AA-NOC-washout-dish1-007,AA,0,0.337,10.9,160.9,0
S9-AA-NOC-washout-dish1-007,AA,0,0.575,5.45,131.7,0
S9-AA-NOC-washout-dish1-007,AA,0,0.255,8.72,332.2,1
S9-AA-NOC-washout-dish1-007,AA,0,0.761,19.62,242.2,0
S9-AA-NOC-washout-dish1-007,AA,0,0.243,16.35,272.8,1
S9-AA-NOC-washout-dish1-007,AA,0,0.876,17.44,173.3,1
S9-AA-NOC-washout-dish1-007,AA,0,0.538,19.62,285.3,1
S9-AA-NOC-washout-dish1-007,AA,0,0.767,7.63,329.6,1
S9-AA-NOC-washout-dish1-007,AA,0,0.463,8.72,247.9,0
S9-AA-NOC-washout-dish1-007,AA,0,0.75,16.35,250.2,1
S9-AA-NOC-washout-dish1-007,AA,0,0.369,16.35,219.5,1
S9-AA-NOC-washout-dish1-007,AA,0,0.346,9.81,310.7,0
S9-AA-NOC-washout-dish1-007,AA,0,0.333,17.44,211.1,0
S9-AA-NOC-washout-dish1-007,AA,0,0.11,25.07,175.4,0
S9-AA-NOC-washout-dish1-007,AA,0,0.237,10.9,299.3,0
S9-AA-NOC-washout-dish1-007,AA,0,0.935,33.79,159.5,0
S9-AA-NOC-washout-dish1-007,AA,0,0.41,33.79,242.0,1
S9-AA-NOC-washout-dish1-007,AA,0,0.339,4.36,356.1,1
S9-AA-NOC-washout-dish1-007,AA,0,0.479,4.36,300.7,0
S9-AA-NOC-washout-dish1-007,AA,0,0.507,14.17,201.3,1
S9-AA-NOC-washout-dish1-007,AA,0,0.781,4.36,343.2,1
S9-AA-NOC-washout-dish1-007,AA,0,0.387,7.63,219.2,0
S9-AA-NOC-washout-dish1-007,AA,0,0.715,31.61,231.1,0
S9-AA-NOC-washout-dish1-007,AA,0,0.953,7.63,353.0,0
S9-AA-NOC-washout-dish1-007,AA,0,0.338,16.35,246.9,0
S9-AA-NOC-washout-dish1-007,AA,0,0.866,6.54,275.5,0
S9-AA-NOC-washout-dish1-007,AA,0,0.361,7.63,173.0,0
S9-AA-NOC-washout-dish1-007,AA,0,0.58,6.54,380.0,0
S9-AA-NOC-washout-dish1-007,AA,0,0.702,42.51,202.5,1
S9-AA-NOC-washout-dish1-007,AA,0,0.766,17.44,158.3,1
S9-AA-NOC-washout-dish1-007,AA,0,0.569,6.54,273.2,1
S9-AA-NOC-washout-dish1-007,AA,0,0.726,5.45,313.5,1
S9-AA-NOC-washout-dish1-007,AA,0,0.221,4.36,297.6,0
S9-AA-NOC-washout-dish1-007,AA,0,0.098,6.54,346.4,0
S9-AA-NOC-washout-dish1-007,AA,0,0.98,4.36,153.8,1
S9-AA-NOC-washout-dish1-007,AA,0,0.766,5.45,175.7,0
S9-AA-NOC-washout-dish1-007,AA,0,0.838,29.43,193.6,0
S9-AA-NOC-washout-dish1-007,AA,0,0.655,19.62,271.3,0
S9-AA-NOC-washout-dish1-007,AA,0,0.274,7.63,259.6,0
S9-AA-NOC-washout-dish1-007,AA,0,0.3,5.45,386.8,0
S9-AA-NOC-washout-dish1-007,AA,0,0.466,7.63,300.5,0
S9-AA-NOC-washout-dish1-007,AA,0,0.194,6.54,313.8,1
S9-AA-NOC-washout-dish1-007,AA,0,0.16,7.63,193.0,0
S9-AA-NOC-washout-dish1-007,AA,0,0.563,7.63,358.1,1
S9-AA-NOC-washout-dish1-007,AA,0,0.488,27.25,314.4,1
S9-AA-NOC-washout-dish1-007,AA,0,0.543,25.07,189.7,0
S9-AA-NOC-washout-dish1-007,AA,0,0.149,4.36,440.2,0
S9-AA-NOC-washout-dish1-007,AA,0,0.229,7.63,190.6,0
S9-AA-NOC-washout-dish1-007,AA,0,0.895,25.07,160.8,1
S9-AA-NOC-washout-dish1-007,AA,0,0.395,10.9,189.1,0
S9-AA-NOC-washout-dish1-007,AA,0,0.459,9.81,313.0,1
S9-AA-NOC-washout-dish1-007,AA,0,0.653,5.45,383.6,1
S9-AA-NOC-washout-dish1-007,AA,0,0.777,5.45,310.1,0
S9-AA-NOC-washout-dish1-007,AA,0,0.57,4.36,195.0,0
S9-AA-NOC-washout-dish1-007,AA,0,0.31,37.06,204.1,1
S9-AA-NOC-washout-dish1-007,AA,0,0.137,4.36,396.0,1
S9-AA-NOC-washout-dish1-007,AA,0,0.294,19.62,284.6,1
S9-AA-NOC-washout-dish1-007,AA,0,0.463,4.36,271.9,0
S9-AA-NOC-washout-dish1-007,AA,0,0.463,21.8,281.5,1
S9-AA-NOC-washout-dish1-007,AA,0,0.372,16.35,245.2,0
S9-AA-NOC-washout-dish1-007,AA,0,0.344,14.17,318.6,1
S9-AA-NOC-washout-dish1-007,AA,0,0.319,5.45,243.8,1
S9-AA-NOC-washout-dish1-007,AA,0,0.898,38.15,193.5,1
S9-AA-NOC-washout-dish1-007,AA,0,0.469,5.45,221.2,1
S9-AA-NOC-washout-dish1-007,AA,0,0.155,5.45,229.7,0
S9-AA-NOC-washout-dish1-007,AA,0,0.375,7.63,256.3,0
S9-AA-NOC-washout-dish1-007,AA,0,0.237,20.71,185.8,1
S9-AA-NOC-washout-dish1-007,AA,0,0.315,9.81,319.4,1
S9-AA-NOC-washout-dish1-007,AA,0,0.649,4.36,438.4,0
S9-AA-NOC-washout-dish1-007,AA,0,0.442,16.35,238.7,0
S9-AA-NOC-washout-dish1-007,AA,0,0.565,6.54,165.7,1
S9-AA-NOC-washout-dish1-007,AA,0,0.17,4.36,365.7,0
S9-AA-NOC-washout-dish1-007,AA,0,0.449,6.54,246.2,0
S9-AA-NOC-washout-dish1-007,AA,0,0.935,7.63,229.9,0
S9-AA-NOC-washout-dish1-007,AA,0,0.315,14.17,201.6,0
S9-AA-NOC-washout-dish1-007,AA,0,0.695,4.36,373.0,0
S9-AA-NOC-washout-dish1-007,AA,0,0.861,7.63,245.9,1
S9-AA-NOC-washout-dish1-007,AA,0,0.731,4.36,334.1,0
S9-AA-NOC-washout-dish1-007,AA,0,0.126,29.43,209.9,1
S9-AA-NOC-washout-dish1-007,AA,0,0.804,9.81,340.6,1
S9-AA-NOC-washout-dish1-007,AA,0,0.351,16.35,189.8,0
S9-AA-NOC-washout-dish1-007,AA,0,0.113,9.81,259.1,1
S9-AA-NOC-washout-dish1-007,AA,0,0.174,4.36,334.4,1
S9-AA-NOC-washout-dish1-007,AA,0,0.424,5.45,315.5,0
S9-AA-NOC-washout-dish1-007,AA,0,0.259,5.45,343.3,1
S9-AA-NOC-washout-dish1-007,AA,0,0.512,42.51,217.0,1
S9-AA-NOC-washout-dish1-007,AA,0,0.359,6.54,167.4,0
S9-AA-NOC-washout-dish1-007,AA,0,0.388,5.45,426.7,0
S9-AA-NOC-washout-dish1-007,AA,0,0.785,9.81,270.3,1
S9-AA-NOC-washout-dish1-007,AA,0,0.513,20.71,249.7,0
S9-AA-NOC-washout-dish1-007,AA,0,0.6,5.45,204.4,0
S9-AA-NOC-washout-dish1-007,AA,0,0.474,4.36,309.6,0
S9-AA-NOC-washout-dish1-007,AA,0,0.082,16.35,186.9,1
S9-AA-NOC-washout-dish1-007,AA,0,0.695,8.72,310.9,0
S9-AA-NOC-washout-dish1-007,AA,0,0.546,38.15,212.2,1
S9-AA-NOC-washout-dish1-007,AA,0,0.79,4.36,340.2,1
S9-AA-NOC-washout-dish1-007,AA,0,0.078,4.36,341.5,0
S9-AA-NOC-washout-dish1-007,AA,0,0.282,8.72,245.2,0
S9-AA-NOC-washout-dish1-007,AA,0,0.027,5.45,169.6,0
S9-AA-NOC-washout-dish1-007,AA,0,0.454,5.45,253.0,0
S9-AA-NOC-washout-dish1-007,AA,0,0.941,7.63,191.1,0
S9-AA-NOC-washout-dish1-007,AA,0,0.648,8.72,177.8,1
S9-AA-NOC-washout-dish1-007,AA,0,0.489,23.98,217.1,0
S9-AA-NOC-washout-dish1-007,AA,0,0.471,16.35,276.3,1
S9-AA-NOC-washout-dish1-007,AA,0,0.14,19.62,245.3,1
S9-AA-NOC-washout-dish1-007,AA,0,0.752,4.36,298.0,1
S9-AA-NOC-washout-dish1-007,AA,0,0.449,27.25,231.3,0
S9-AA-NOC-washout-dish1-007,AA,0,0.139,4.36,206.2,0
S9-AA-NOC-washout-dish1-007,AA,0,0.459,4.36,204.2,1
S9-AA-NOC-washout-dish1-007,AA,0,0.555,4.36,453.9,1
S9-AA-NOC-washout-dish1-007,AA,0,0.328,19.62,320.3,0
S9-AA-NOC-washout-dish1-007,AA,0,0.579,14.17,192.7,1
S9-AA-NOC-washout-dish1-007,AA,0,0.893,7.63,334.9,0
S9-AA-NOC-washout-dish1-007,AA,0,0.613,11.99,282.0,1
S9-AA-NOC-washout-dish1-007,AA,0,0.838,35.97,210.7,1
S9-AA-NOC-washout-dish1-007,AA,0,0.525,5.45,313.7,1
S9-AA-NOC-washout-dish1-007,AA,0,0.206,8.72,333.7,1
S9-AA-NOC-washout-dish1-007,AA,0,0.208,13.08,201.2,0
S9-AA-NOC-washout-dish1-007,AA,0,0.402,21.8,215.0,1
S9-AA-NOC-washout-dish1-007,AA,0,0.369,7.63,287.2,1
S9-AA-NOC-washout-dish1-007,AA,0,0.788,11.99,306.4,1
S9-AA-NOC-washout-dish1-007,AA,0,0.911,15.26,233.8,1
S9-AA-NOC-washout-dish1-007,AA,0,0.972,20.71,211.0,1
S9-AA-NOC-washout-dish1-007,AA,0,0.774,16.35,256.8,1
S9-AA-NOC-washout-dish1-007,AA,0,0.541,5.45,135.6,0
S9-AA-NOC-washout-dish1-007,AA,0,0.116,38.15,213.6,0
S9-AA-NOC-washout-dish1-007,AA,0,0.804,11.99,317.4,1
S9-AA-NOC-washout-dish1-007,AA,0,0.24,10.9,285.2,1
S9-AA-NOC-washout-dish1-007,AA,0,0.591,4.36,266.1,1
S9-AA-NOC-washout-dish1-007,AA,0,0.24,6.54,236.5,0
S9-AA-NOC-washout-dish1-007,AA,0,0.34,9.81,282.4,0
S9-AA-NOC-washout-dish1-007,AA,0,0.965,10.9,222.6,1
S9-AA-NOC-washout-dish1-007,AA,0,0.872,5.45,269.4,1
S9-AA-NOC-washout-dish1-007,AA,0,0.823,18.53,216.3,0
S9-AA-NOC-washout-dish1-007,AA,0,0.362,14.17,186.0,0
S9-AA-NOC-washout-dish1-007,AA,0,0.362,4.36,412.7,0
S9-AA-NOC-washout-dish1-007,AA,0,0.904,4.36,372.9,1
S9-AA-NOC-washout-dish1-007,AA,0,0.762,21.8,172.7,1
S9-AA-NOC-washout-dish1-007,AA,0,0.835,4.36,230.8,0
S9-AA-NOC-washout-dish1-007,AA,0,0.248,6.54,268.9,1
S9-AA-NOC-washout-dish1-007,AA,0,0.86,9.81,253.7,1
S9-AA-NOC-washout-dish1-007,AA,0,0.727,26.16,222.3,0
S9-AA-NOC-washout-dish1-007,AA,0,0.474,7.63,349.4,1
S9-AA-NOC-washout-dish1-007,AA,0,0.414,14.17,266.1,0
S9-AA-NOC-washout-dish1-007,AA,0,0.947,14.17,169.7,0
S9-AA-NOC-washout-dish1-007,AA,0,0.395,7.63,218.2,0
S9-AA-NOC-washout-dish1-007,AA,0,0.423,6.54,381.1,0
S9-AA-NOC-washout-dish1-007,AA,0,0.266,4.36,272.0,1
S9-AA-NOC-washout-dish1-007,AA,0,0.412,5.45,207.0,1
S9-AA-NOC-washout-dish1-007,AA,0,0.138,9.81,170.7,1
S9-AA-NOC-washout-dish1-007,AA,0,0.327,5.45,272.9,1
S9-AA-NOC-washout-dish1-007,AA,0,0.557,8.72,314.7,0
S9-AA-NOC-washout-dish1-007,AA,0,0.543,5.45,290.0,1
S9-AA-NOC-washout-dish1-007,AA,0,0.334,7.63,209.0,1
S9-AA-NOC-washout-dish1-007,AA,0,0.245,13.08,299.4,1
S9-AA-NOC-washout-dish1-007,AA,0,0.337,28.34,202.4,1
S9-AA-NOC-washout-dish1-007,AA,0,0.688,7.63,197.2,1
S9-AA-NOC-washout-dish1-007,AA,0,0.644,22.89,257.1,1
S9-AA-NOC-washout-dish1-007,AA,0,0.612,8.72,323.8,1
S9-AA-NOC-washout-dish1-007,AA,0,0.335,8.72,316.7,0
S9-AA-NOC-washout-dish1-007,AA,0,0.136,4.36,281.5,1
S9-AA-NOC-washout-dish1-007,AA,0,0.173,7.63,259.4,0
S9-AA-NOC-washout-dish1-007,AA,0,0.745,15.26,210.5,0
S9-AA-NOC-washout-dish1-007,AA,0,0.415,23.98,305.3,0
S9-AA-NOC-washout-dish1-007,AA,0,0.93,26.16,141.1,0
S9-AA-NOC-washout-dish1-007,AA,0,0.629,7.63,181.8,0
S9-AA-NOC-washout-dish1-007,AA,0,0.434,13.08,272.1,1
S9-AA-NOC-washout-dish1-007,AA,0,0.522,6.54,329.3,1
S9-AA-NOC-washout-dish1-007,AA,0,0.431,4.36,155.7,0
S9-AA-NOC-washout-dish1-007,AA,0,0.243,21.8,255.0,1
S9-AA-NOC-washout-dish1-007,AA,0,0.367,7.63,281.3,0
S9-AA-NOC-washout-dish1-007,AA,0,0.774,4.36,399.7,0
S9-AA-NOC-washout-dish1-007,AA,0,0.189,19.62,240.0,1
S9-AA-NOC-washout-dish1-007,AA,0,0.785,22.89,220.0,0
S9-AA-NOC-washout-dish1-007,AA,0,0.815,10.9,263.5,0
S9-AA-NOC-washout-dish1-007,AA,0,0.766,18.53,184.4,0
S9-AA-NOC-washout-dish1-007,AA,0,0.169,21.8,229.9,0
S9-AA-NOC-washout-dish1-007,AA,0,0.681,9.81,299.6,0
S9-AA-NOC-washout-dish1-007,AA,0,0.858,16.35,239.5,0
S9-AA-NOC-washout-dish1-007,AA,0,0.629,10.9,265.6,0
S9-AA-NOC-washout-dish1-007,AA,0,0.333,11.99,301.6,1
S9-AA-NOC-washout-dish1-007,AA,0,0.338,7.63,186.1,0
S9-AA-NOC-washout-dish1-007,AA,0,0.221,16.35,248.7,1
S9-AA-NOC-washout-dish1-007,AA,0,0.923,17.44,234.1,1
S9-AA-NOC-washout-dish1-007,AA,0,0.34,17.44,220.6,0
S9-AA-NOC-washout-dish1-007,AA,0,0.587,6.54,184.4,0
S9-AA-NOC-washout-dish1-007,AA,0,0.707,6.54,336.2,1
S9-AA-NOC-washout-dish1-007,AA,0,0.187,18.53,264.8,0
S9-AA-NOC-washout-dish1-007,AA,0,0.461,7.63,328.9,0
S9-AA-NOC-washout-dish1-007,AA,0,0.361,4.36,452.1,1
S9-AA-NOC-washout-dish1-007,AA,0,0.379,10.9,300.8,0
S9-AA-NOC-washout-dish1-007,AA,0,0.374,9.81,267.7,1
S9-AA-NOC-washout-dish1-007,AA,0,0.645,7.63,341.1,0
S9-AA-NOC-washout-dish1-007,AA,0,0.151,15.26,305.3,1
S9-AA-NOC-washout-dish1-007,AA,0,0.97,4.36,350.1,0
S9-AA-NOC-washout-dish1-007,AA,0,0.735,14.17,312.1,0
S9-AA-NOC-washout-dish1-007,AA,0,0.374,13.08,188.6,1
S9-AA-NOC-washout-dish1-007,AA,0,0.212,14.17,352.9,0
S9-AA-NOC-washout-dish1-007,AA,0,0.745,14.17,317.2,1
S9-AA-NOC-washout-dish1-007,AA,0,0.26,7.63,274.3,0
S9-AA-NOC-washout-dish1-007,AA,0,0.54,10.9,195.5,1
S9-AA-NOC-washout-dish1-007,AA,0,0.651,10.9,317.6,0
S9-AA-NOC-washout-dish1-007,AA,0,0.324,5.45,321.8,0
S9-AA-NOC-washout-dish1-007,AA,0,0.783,9.81,168.7,0
S9-AA-NOC-washout-dish1-007,AA,0,0.486,7.63,267.7,0
S9-AA-NOC-washout-dish1-007,AA,0,0.759,7.63,320.5,0
S9-AA-NOC-washout-dish1-007,AA,0,0.6,9.81,156.4,0
S9-AA-NOC-washout-dish1-007,AA,0,0.669,4.36,306.1,0
S9-AA-NOC-washout-dish1-007,AA,0,0.268,4.36,343.5,0
S9-AA-NOC-washout-dish1-007,AA,0,0.013,9.81,240.0,0
S9-AA-NOC-washout-dish1-007,AA,0,0.99,9.81,235.8,0
S9-AA-NOC-washout-dish1-007,AA,0,0.044,9.81,289.2,1
S9-AA-NOC-washout-dish1-007,AA,0,0.223,6.54,265.7,0
S9-AA-NOC-washout-dish1-007,AA,0,0.642,7.63,273.3,0
S9-AA-NOC-washout-dish1-007,AA,0,0.06,5.45,177.7,0
S9-AA-NOC-washout-dish1-007,AA,0,0.34,7.63,231.6,0
S9-AA-NOC-washout-dish1-007,AA,0,0.417,6.54,248.5,0
S9-AA-NOC-washout-dish1-007,AA,0,0.279,4.36,207.9,0
S9-AA-NOC-washout-dish1-007,AA,0,0.178,4.36,394.0,0
S9-AA-NOC-washout-dish1-007,AA,0,0.633,4.36,186.5,0
S9-AA-NOC-washout-dish1-007,AA,0,0.344,4.36,242.4,0
S9-AA-NOC-washout-dish1-007,AA,0,0.951,4.36,415.9,0
S9-AA-NOC-washout-dish1-008,AA,0,0.566,6.54,187.3,0
S9-AA-NOC-washout-dish1-008,AA,0,0.582,19.62,150.8,0
S9-AA-NOC-washout-dish1-008,AA,0,0.025,17.44,187.9,1
S9-AA-NOC-washout-dish1-008,AA,0,0.825,9.81,264.6,1
S9-AA-NOC-washout-dish1-008,AA,0,0.628,15.26,182.6,1
S9-AA-NOC-washout-dish1-008,AA,0,0.975,21.8,188.2,1
S9-AA-NOC-washout-dish1-008,AA,0,0.43,33.79,135.3,1
S9-AA-NOC-washout-dish1-008,AA,0,0.748,4.36,186.9,0
S9-AA-NOC-washout-dish1-008,AA,0,0.662,27.25,183.5,1
S9-AA-NOC-washout-dish1-008,AA,0,0.468,16.35,148.9,0
S9-AA-NOC-washout-dish1-008,AA,0,0.618,39.24,253.9,0
S9-AA-NOC-washout-dish1-008,AA,0,0.453,45.78,226.9,0
S9-AA-NOC-washout-dish1-008,AA,0,0.337,7.63,355.7,0
S9-AA-NOC-washout-dish1-008,AA,0,0.744,47.96,151.6,0
S9-AA-NOC-washout-dish1-008,AA,0,0.526,18.53,212.8,1
S9-AA-NOC-washout-dish1-008,AA,0,0.668,68.67,187.7,1
S9-AA-NOC-washout-dish1-008,AA,0,0.603,13.08,189.2,0
S9-AA-NOC-washout-dish1-008,AA,0,0.698,42.51,154.1,1
S9-AA-NOC-washout-dish1-008,AA,0,0.249,14.17,275.3,1
S9-AA-NOC-washout-dish1-008,AA,0,0.555,13.08,179.7,1
S9-AA-NOC-washout-dish1-008,AA,0,0.565,19.62,154.0,0
S9-AA-NOC-washout-dish1-008,AA,0,0.332,8.72,124.8,1
S9-AA-NOC-washout-dish1-008,AA,0,0.361,4.36,128.3,0
S9-AA-NOC-washout-dish1-008,AA,0,0.892,10.9,166.1,0
S9-AA-NOC-washout-dish1-008,AA,0,0.374,22.89,113.4,1
S9-AA-NOC-washout-dish1-008,AA,0,0.749,35.97,122.4,0
S9-AA-NOC-washout-dish1-008,AA,0,0.594,11.99,169.4,1
S9-AA-NOC-washout-dish1-008,AA,0,0.389,4.36,163.1,1
S9-AA-NOC-washout-dish1-008,AA,0,0.042,18.53,186.0,1
S9-AA-NOC-washout-dish1-008,AA,0,0.879,11.99,282.6,1
S9-AA-NOC-washout-dish1-008,AA,0,0.472,37.06,181.4,0
S9-AA-NOC-washout-dish1-008,AA,0,0.419,8.72,150.0,1
S9-AA-NOC-washout-dish1-008,AA,0,0.442,57.77,178.8,1
S9-AA-NOC-washout-dish1-008,AA,0,0.599,5.45,241.2,0
S9-AA-NOC-washout-dish1-008,AA,0,0.529,16.35,159.7,0
S9-AA-NOC-washout-dish1-008,AA,0,0.866,32.7,170.2,0
S9-AA-NOC-washout-dish1-008,AA,0,0.628,21.8,192.9,0
S9-AA-NOC-washout-dish1-008,AA,0,0.59,5.45,402.8,0
S9-AA-NOC-washout-dish1-008,AA,0,0.832,14.17,178.9,0
S9-AA-NOC-washout-dish1-008,AA,0,0.407,8.72,192.9,1
S9-AA-NOC-washout-dish1-008,AA,0,0.832,49.05,169.6,0
S9-AA-NOC-washout-dish1-008,AA,0,0.969,33.79,103.1,1
S9-AA-NOC-washout-dish1-008,AA,0,0.316,9.81,145.7,0
S9-AA-NOC-washout-dish1-008,AA,0,0.132,15.26,228.1,0
S9-AA-NOC-washout-dish1-008,AA,0,0.211,10.9,151.3,0
S9-AA-NOC-washout-dish1-008,AA,0,0.35,27.25,106.7,1
S9-AA-NOC-washout-dish1-008,AA,0,0.571,10.9,126.0,0
S9-AA-NOC-washout-dish1-008,AA,0,0.43,16.35,249.9,0
S9-AA-NOC-washout-dish1-008,AA,0,0.148,6.54,112.2,0
S9-AA-NOC-washout-dish1-008,AA,0,0.744,19.62,192.4,0
S9-AA-NOC-washout-dish1-008,AA,0,0.295,28.34,167.1,1
S9-AA-NOC-washout-dish1-008,AA,0,0.866,13.08,227.1,1
S9-AA-NOC-washout-dish1-008,AA,0,0.383,27.25,190.5,0
S9-AA-NOC-washout-dish1-008,AA,0,0.56,4.36,397.0,0
S9-AA-NOC-washout-dish1-008,AA,0,0.882,8.72,316.6,0
S9-AA-NOC-washout-dish1-008,AA,0,0.659,4.36,264.1,0
S9-AA-NOC-washout-dish1-008,AA,0,0.692,34.88,194.2,1
S9-AA-NOC-washout-dish1-008,AA,0,0.916,4.36,334.1,0
S9-AA-NOC-washout-dish1-008,AA,0,0.548,15.26,174.3,1
S9-AA-NOC-washout-dish1-008,AA,0,0.2,5.45,346.0,0
S9-AA-NOC-washout-dish1-008,AA,0,0.836,51.23,174.6,0
S9-AA-NOC-washout-dish1-008,AA,0,0.62,17.44,254.0,1
S9-AA-NOC-washout-dish1-008,AA,0,0.621,31.61,136.5,1
S9-AA-NOC-washout-dish1-008,AA,0,0.872,13.08,230.7,0
S9-AA-NOC-washout-dish1-008,AA,0,0.103,8.72,138.8,0
S9-AA-NOC-washout-dish1-008,AA,0,0.328,5.45,392.4,0
S9-AA-NOC-washout-dish1-008,AA,0,0.487,11.99,129.5,0
S9-AA-NOC-washout-dish1-008,AA,0,0.94,18.53,255.1,0
S9-AA-NOC-washout-dish1-008,AA,0,0.553,7.63,142.8,1
S9-AA-NOC-washout-dish1-008,AA,0,0.591,4.36,377.8,0
S9-AA-NOC-washout-dish1-008,AA,0,0.148,6.54,220.2,0
S9-AA-NOC-washout-dish1-008,AA,0,0.369,15.26,251.3,1
S9-AA-NOC-washout-dish1-008,AA,0,0.41,49.05,155.8,1
S9-AA-NOC-washout-dish1-008,AA,0,0.76,10.9,237.7,0
S9-AA-NOC-washout-dish1-008,AA,0,0.52,11.99,191.9,0
S9-AA-NOC-washout-dish1-008,AA,0,0.06,6.54,121.1,0
S9-AA-NOC-washout-dish1-008,AA,0,0.613,9.81,209.8,1
S9-AA-NOC-washout-dish1-008,AA,0,0.96,23.98,216.2,0
S9-AA-NOC-washout-dish1-008,AA,0,0.832,20.71,107.3,1
S9-AA-NOC-washout-dish1-008,AA,0,0.599,8.72,220.1,0
S9-AA-NOC-washout-dish1-008,AA,0,0.308,6.54,253.7,0
S9-AA-NOC-washout-dish1-008,AA,0,0.37,4.36,263.7,1
S9-AA-NOC-washout-dish1-008,AA,0,0.922,16.35,228.7,0
S9-AA-NOC-washout-dish1-008,AA,0,0.696,39.24,122.5,0
S9-AA-NOC-washout-dish1-008,AA,0,0.223,4.36,245.9,1
S9-AA-NOC-washout-dish1-008,AA,0,0.738,4.36,181.4,0
S9-AA-NOC-washout-dish1-008,AA,0,0.561,4.36,249.3,0
S9-AA-NOC-washout-dish1-008,AA,0,0.756,6.54,165.9,1
S9-AA-NOC-washout-dish1-008,AA,0,0.449,21.8,190.3,0
S9-AA-NOC-washout-dish1-008,AA,0,0.048,7.63,211.7,0
S9-AA-NOC-washout-dish1-008,AA,0,0.453,6.54,360.0,0
S9-AA-NOC-washout-dish1-008,AA,0,0.609,7.63,266.1,0
S9-AA-NOC-washout-dish1-008,AA,0,0.794,7.63,171.9,0
S9-AA-NOC-washout-dish1-008,AA,0,0.681,8.72,194.2,1
S9-AA-NOC-washout-dish1-008,AA,0,0.284,4.36,318.6,0
S9-AA-NOC-washout-dish1-008,AA,0,0.224,20.71,188.8,0
S9-AA-NOC-washout-dish1-008,AA,0,0.642,9.81,228.4,1
S9-AA-NOC-washout-dish1-008,AA,0,0.5,6.54,252.9,1
S9-AA-NOC-washout-dish1-008,AA,0,0.642,10.9,327.5,1
S9-AA-NOC-washout-dish1-008,AA,0,0.334,10.9,150.3,0
S9-AA-NOC-washout-dish1-008,AA,0,0.981,21.8,121.9,1
S9-AA-NOC-washout-dish1-008,AA,0,0.672,14.17,208.1,0
S9-AA-NOC-washout-dish1-008,AA,0,0.984,7.63,198.1,0
S9-AA-NOC-washout-dish1-008,AA,0,0.513,13.08,227.5,1
S9-AA-NOC-washout-dish1-008,AA,0,0.892,19.62,188.3,0
S9-AA-NOC-washout-dish1-008,AA,0,0.143,4.36,240.8,1
S9-AA-NOC-washout-dish1-008,AA,0,0.155,4.36,313.6,0
S9-AA-NOC-washout-dish1-008,AA,0,0.503,13.08,241.3,1
S9-AA-NOC-washout-dish1-008,AA,0,0.541,13.08,194.7,1
S9-AA-NOC-washout-dish1-008,AA,0,0.582,13.08,203.8,0
S9-AA-NOC-washout-dish1-008,AA,0,0.599,9.81,287.2,0
S9-AA-NOC-washout-dish1-008,AA,0,0.925,11.99,89.6,1
S9-AA-NOC-washout-dish1-008,AA,0,0.384,13.08,191.9,0
S9-AA-NOC-washout-dish1-008,AA,0,0.216,5.45,142.2,0
S9-AA-NOC-washout-dish1-008,AA,0,0.985,10.9,148.7,0
S9-AA-NOC-washout-dish1-008,AA,0,0.335,4.36,279.2,0
S9-AA-NOC-washout-dish1-008,AA,0,0.514,4.36,288.4,0
S9-AA-NOC-washout-dish1-008,AA,0,0.492,6.54,372.7,0
S9-AA-NOC-washout-dish1-009,AA,0,0.538,47.96,135.6,0
S9-AA-NOC-washout-dish1-009,AA,0,0.702,6.54,251.1,0
S9-AA-NOC-washout-dish1-009,AA,0,0.611,37.06,223.0,0
S9-AA-NOC-washout-dish1-009,AA,0,0.198,7.63,287.4,1
S9-AA-NOC-washout-dish1-009,AA,0,0.455,8.72,193.5,0
S9-AA-NOC-washout-dish1-009,AA,0,0.714,13.08,251.7,0
S9-AA-NOC-washout-dish1-009,AA,0,0.526,45.78,156.1,1
S9-AA-NOC-washout-dish1-009,AA,0,0.702,17.44,164.1,0
S9-AA-NOC-washout-dish1-009,AA,0,0.834,29.43,149.5,0
S9-AA-NOC-washout-dish1-009,AA,0,0.835,5.45,236.4,0
S9-AA-NOC-washout-dish1-009,AA,0,0.507,9.81,143.9,1
S9-AA-NOC-washout-dish1-009,AA,0,0.361,19.62,137.6,1
S9-AA-NOC-washout-dish1-009,AA,0,0.877,6.54,317.8,0
S9-AA-NOC-washout-dish1-009,AA,0,0.741,30.52,239.2,1
S9-AA-NOC-washout-dish1-009,AA,0,0.98,34.88,107.2,1
S9-AA-NOC-washout-dish1-009,AA,0,0.844,34.88,197.7,0
S9-AA-NOC-washout-dish1-009,AA,0,0.291,83.93,146.3,1
S9-AA-NOC-washout-dish1-009,AA,0,0.954,79.57,109.4,0
S9-AA-NOC-washout-dish1-009,AA,0,0.898,17.44,197.2,0
S9-AA-NOC-washout-dish1-009,AA,0,0.192,32.7,175.9,0
S9-AA-NOC-washout-dish1-009,AA,0,0.646,11.99,263.8,1
S9-AA-NOC-washout-dish1-009,AA,0,0.146,8.72,161.1,1
S9-AA-NOC-washout-dish1-009,AA,0,0.606,4.36,432.2,0
S9-AA-NOC-washout-dish1-009,AA,0,0.64,13.08,187.6,0
S9-AA-NOC-washout-dish1-009,AA,0,0.986,21.8,151.7,0
S9-AA-NOC-washout-dish1-009,AA,0,0.742,32.7,283.0,0
S9-AA-NOC-washout-dish1-009,AA,0,0.399,39.24,144.7,0
S9-AA-NOC-washout-dish1-009,AA,0,0.638,6.54,338.4,0
S9-AA-NOC-washout-dish1-009,AA,0,0.268,27.25,135.0,1
S9-AA-NOC-washout-dish1-009,AA,0,0.717,19.62,209.6,0
S9-AA-NOC-washout-dish1-009,AA,0,0.237,10.9,298.1,0
S9-AA-NOC-washout-dish1-009,AA,0,0.58,22.89,301.7,1
S9-AA-NOC-washout-dish1-009,AA,0,0.811,6.54,257.2,0
S9-AA-NOC-washout-dish1-009,AA,0,0.561,11.99,307.8,0
S9-AA-NOC-washout-dish1-009,AA,0,0.47,9.81,162.5,1
S9-AA-NOC-washout-dish1-009,AA,0,0.517,57.77,157.8,1
S9-AA-NOC-washout-dish1-009,AA,0,0.938,55.59,140.3,0
S9-AA-NOC-washout-dish1-009,AA,0,0.353,118.81,71.9,0
S9-AA-NOC-washout-dish1-009,AA,0,0.723,25.07,105.1,0
S9-AA-NOC-washout-dish1-009,AA,0,0.495,30.52,219.3,0
S9-AA-NOC-washout-dish1-009,AA,0,0.38,23.98,173.8,1
S9-AA-NOC-washout-dish1-009,AA,0,0.482,10.9,169.0,1
S9-AA-NOC-washout-dish1-009,AA,0,0.451,13.08,299.0,1
S9-AA-NOC-washout-dish1-009,AA,0,0.486,25.07,131.3,0
S9-AA-NOC-washout-dish1-009,AA,0,0.425,23.98,129.6,1
S9-AA-NOC-washout-dish1-009,AA,0,0.466,9.81,237.8,0
S9-AA-NOC-washout-dish1-009,AA,0,0.335,97.01,100.5,0
S9-AA-NOC-washout-dish1-009,AA,0,0.013,31.61,161.5,0
S9-AA-NOC-washout-dish1-009,AA,0,0.52,9.81,286.6,1
S9-AA-NOC-washout-dish1-009,AA,0,0.178,17.44,190.9,0
S9-AA-NOC-washout-dish1-009,AA,0,0.816,4.36,198.3,0
S9-AA-NOC-washout-dish1-009,AA,0,0.544,14.17,316.2,0
S9-AA-NOC-washout-dish1-009,AA,0,0.83,9.81,176.5,0
S9-AA-NOC-washout-dish1-009,AA,0,0.557,15.26,246.1,0
S9-AA-NOC-washout-dish1-009,AA,0,0.639,5.45,325.5,1
S9-AA-NOC-washout-dish1-009,AA,0,0.958,13.08,162.9,0
S9-AA-NOC-washout-dish1-009,AA,0,0.66,13.08,241.1,0
S9-AA-NOC-washout-dish1-009,AA,0,0.561,5.45,309.5,0
S9-AA-NOC-washout-dish1-009,AA,0,0.75,6.54,401.8,1
S9-AA-NOC-washout-dish1-009,AA,0,0.56,11.99,270.9,0
S9-AA-NOC-washout-dish1-009,AA,0,0.763,11.99,267.7,0
S9-AA-NOC-washout-dish1-009,AA,0,0.735,5.45,199.5,1
S9-AA-NOC-washout-dish1-009,AA,0,0.483,5.45,346.1,1
S9-AA-NOC-washout-dish1-009,AA,0,0.863,5.45,240.8,1
S9-AA-NOC-washout-dish1-009,AA,0,0.316,7.63,275.1,0
S9-AA-NOC-washout-dish1-009,AA,0,0.492,14.17,184.2,1
S9-AA-NOC-washout-dish1-009,AA,0,0.572,37.06,103.3,0
S9-AA-NOC-washout-dish1-009,AA,0,0.71,16.35,116.6,0
S9-AA-NOC-washout-dish1-009,AA,0,0.817,9.81,309.3,0
S9-AA-NOC-washout-dish1-009,AA,0,0.771,4.36,372.7,0
S9-AA-NOC-washout-dish1-009,AA,0,0.701,4.36,254.6,0
S9-AA-NOC-washout-dish1-009,AA,0,0.54,4.36,325.7,1
S9-AA-NOC-washout-dish1-009,AA,0,0.736,10.9,379.0,1
S9-AA-NOC-washout-dish1-009,AA,0,0.313,6.54,425.4,0
S9-AA-NOC-washout-dish1-009,AA,0,0.804,5.45,370.3,0
S9-AA-NOC-washout-dish1-009,AA,0,0.907,5.45,209.5,1
S9-AA-NOC-washout-dish1-009,AA,0,0.818,4.36,270.9,0
S9-AA-NOC-washout-dish1-009,AA,0,0.876,33.79,131.9,1
S9-AA-NOC-washout-dish1-009,AA,0,0.195,7.63,228.7,0
S9-AA-NOC-washout-dish1-009,AA,0,0.018,5.45,325.6,0
S9-AA-NOC-washout-dish1-009,AA,0,0.552,4.36,221.8,1
S9-AA-NOC-washout-dish1-009,AA,0,0.69,52.32,178.5,1
S9-AA-NOC-washout-dish1-009,AA,0,0.84,9.81,186.2,0
S9-AA-NOC-washout-dish1-009,AA,0,0.754,29.43,157.9,1
S9-AA-NOC-washout-dish1-009,AA,0,0.539,8.72,298.1,0
S9-AA-NOC-washout-dish1-009,AA,0,0.799,21.8,243.4,0
S9-AA-NOC-washout-dish1-009,AA,0,0.459,9.81,176.0,1
S9-AA-NOC-washout-dish1-009,AA,0,0.913,8.72,132.9,1
S9-AA-NOC-washout-dish1-009,AA,0,0.278,15.26,203.1,0
S9-AA-NOC-washout-dish1-009,AA,0,0.419,13.08,254.3,0
S9-AA-NOC-washout-dish1-009,AA,0,0.662,5.45,217.4,1
S9-AA-NOC-washout-dish1-009,AA,0,0.398,8.72,315.5,0
S9-AA-NOC-washout-dish1-009,AA,0,0.416,22.89,178.6,0
S9-AA-NOC-washout-dish1-009,AA,0,0.284,13.08,254.5,1
S9-AA-NOC-washout-dish1-009,AA,0,0.332,5.45,271.8,0
S9-AA-NOC-washout-dish1-009,AA,0,0.872,19.62,227.8,0
S9-AA-NOC-washout-dish1-009,AA,0,0.515,9.81,188.7,0
S9-AA-NOC-washout-dish1-009,AA,0,0.162,16.35,169.3,1
S9-AA-NOC-washout-dish1-009,AA,0,0.785,51.23,249.0,1
S9-AA-NOC-washout-dish1-009,AA,0,0.656,11.99,202.1,1
S9-AA-NOC-washout-dish1-009,AA,0,0.528,20.71,139.0,0
S9-AA-NOC-washout-dish1-009,AA,0,0.268,11.99,235.2,0
S9-AA-NOC-washout-dish1-009,AA,0,0.118,5.45,212.1,0
S9-AA-NOC-washout-dish1-009,AA,0,0.608,7.63,254.8,0
S9-AA-NOC-washout-dish1-009,AA,0,0.829,11.99,142.0,1
S9-AA-NOC-washout-dish1-009,AA,0,0.133,10.9,175.9,0
S9-AA-NOC-washout-dish1-009,AA,0,0.555,10.9,312.2,1
S9-AA-NOC-washout-dish1-009,AA,0,0.275,11.99,263.1,1
S9-AA-NOC-washout-dish1-009,AA,0,0.807,10.9,315.5,1
S9-AA-NOC-washout-dish1-009,AA,0,0.427,8.72,236.6,0
S9-AA-NOC-washout-dish1-009,AA,0,0.599,33.79,183.7,0
S9-AA-NOC-washout-dish1-009,AA,0,0.4,34.88,109.5,1
S9-AA-NOC-washout-dish1-009,AA,0,0.493,7.63,289.6,0
S9-AA-NOC-washout-dish1-009,AA,0,0.836,4.36,219.0,1
S9-AA-NOC-washout-dish1-009,AA,0,0.831,58.86,170.5,1
S9-AA-NOC-washout-dish1-009,AA,0,0.381,19.62,182.9,0
S9-AA-NOC-washout-dish1-009,AA,0,0.425,15.26,257.2,1
S9-AA-NOC-washout-dish1-009,AA,0,0.826,8.72,206.0,0
S9-AA-NOC-washout-dish1-009,AA,0,0.227,14.17,193.7,1
S9-AA-NOC-washout-dish1-009,AA,0,0.55,25.07,233.7,0
S9-AA-NOC-washout-dish1-009,AA,0,0.605,31.61,238.0,0
S9-AA-NOC-washout-dish1-009,AA,0,0.673,8.72,380.9,0
S9-AA-NOC-washout-dish1-009,AA,0,0.259,4.36,148.3,1
S9-AA-NOC-washout-dish1-009,AA,0,0.742,88.29,191.6,1
S9-AA-NOC-washout-dish1-009,AA,0,0.525,14.17,271.3,0
S9-AA-NOC-washout-dish1-009,AA,0,0.341,4.36,283.4,1
S9-AA-NOC-washout-dish1-009,AA,0,0.429,23.98,231.4,1
S9-AA-NOC-washout-dish1-009,AA,0,0.531,37.06,172.5,0
S9-AA-NOC-washout-dish1-009,AA,0,0.249,6.54,296.1,0
S9-AA-NOC-washout-dish1-009,AA,0,0.453,8.72,243.7,1
S9-AA-NOC-washout-dish1-009,AA,0,0.189,18.53,187.0,0
S9-AA-NOC-washout-dish1-009,AA,0,0.495,59.95,116.5,0
S9-AA-NOC-washout-dish1-009,AA,0,0.596,17.44,283.4,0
S9-AA-NOC-washout-dish1-009,AA,0,0.508,21.8,234.1,1
S9-AA-NOC-washout-dish1-009,AA,0,0.946,27.25,177.0,0
S9-AA-NOC-washout-dish1-009,AA,0,0.611,14.17,207.4,0
S9-AA-NOC-washout-dish1-009,AA,0,0.589,10.9,245.2,0
S9-AA-NOC-washout-dish1-009,AA,0,0.649,21.8,209.6,0
S9-AA-NOC-washout-dish1-009,AA,0,0.517,4.36,263.2,0
S9-AA-NOC-washout-dish1-009,AA,0,0.687,5.45,185.5,0
S9-AA-NOC-washout-dish1-009,AA,0,0.696,62.13,90.7,1
S9-AA-NOC-washout-dish1-009,AA,0,0.196,30.52,115.2,0
S9-AA-NOC-washout-dish1-009,AA,0,0.409,6.54,335.6,0
S9-AA-NOC-washout-dish1-009,AA,0,0.432,93.74,129.0,0
S9-AA-NOC-washout-dish1-009,AA,0,0.726,19.62,239.0,0
S9-AA-NOC-washout-dish1-009,AA,0,0.651,8.72,282.8,0
S9-AA-NOC-washout-dish1-009,AA,0,0.62,89.38,122.7,0
S9-AA-NOC-washout-dish1-009,AA,0,0.606,9.81,202.5,1
S9-AA-NOC-washout-dish1-009,AA,0,0.618,4.36,265.0,0
S9-AA-NOC-washout-dish1-009,AA,0,0.63,20.71,120.1,1
S9-AA-NOC-washout-dish1-009,AA,0,0.757,7.63,292.8,1
S9-AA-NOC-washout-dish1-009,AA,0,0.904,17.44,166.1,0
S9-AA-NOC-washout-dish1-009,AA,0,0.977,28.34,197.0,0
S9-AA-NOC-washout-dish1-009,AA,0,0.744,32.7,171.1,0
S9-AA-NOC-washout-dish1-009,AA,0,0.904,7.63,334.5,0
S9-AA-NOC-washout-dish1-009,AA,0,0.824,11.99,328.5,0
S9-AA-NOC-washout-dish1-009,AA,0,0.769,4.36,341.0,1
S9-AA-NOC-washout-dish1-009,AA,0,0.571,10.9,132.9,0
S9-AA-NOC-washout-dish1-009,AA,0,0.752,20.71,291.7,1
S9-AA-NOC-washout-dish1-009,AA,0,0.449,5.45,316.5,0
S9-AA-NOC-washout-dish1-009,AA,0,0.621,5.45,193.8,0
S9-AA-NOC-washout-dish1-009,AA,0,0.082,10.9,238.2,1
S9-AA-NOC-washout-dish1-009,AA,0,0.607,6.54,163.2,1
S9-AA-NOC-washout-dish1-009,AA,0,0.664,25.07,255.7,0
S9-AA-NOC-washout-dish1-009,AA,0,0.953,4.36,382.4,1
S9-AA-NOC-washout-dish1-009,AA,0,0.15,21.8,94.4,0
S9-AA-NOC-washout-dish1-009,AA,0,0.73,9.81,299.2,0
S9-AA-NOC-washout-dish1-009,AA,0,0.478,18.53,273.3,0
S9-AA-NOC-washout-dish1-009,AA,0,0.893,37.06,177.7,1
S9-AA-NOC-washout-dish1-009,AA,0,0.804,6.54,343.7,0
S9-AA-NOC-washout-dish1-009,AA,0,0.476,10.9,128.2,1
S9-AA-NOC-washout-dish1-009,AA,0,0.972,15.26,127.3,1
S9-AA-NOC-washout-dish1-009,AA,0,0.782,4.36,254.5,0
S9-AA-NOC-washout-dish1-009,AA,0,0.982,26.16,120.7,1
S9-AA-NOC-washout-dish1-009,AA,0,0.691,4.36,200.7,1
S9-AA-NOC-washout-dish1-009,AA,0,0.178,7.63,270.8,0
S9-AA-NOC-washout-dish1-009,AA,0,0.404,4.36,316.2,0
S9-AA-NOC-washout-dish1-009,AA,0,0.459,8.72,261.7,0
S9-AA-NOC-washout-dish1-009,AA,0,0.661,44.69,170.2,0
S9-AA-NOC-washout-dish1-009,AA,0,0.666,7.63,263.7,1
S9-AA-NOC-washout-dish1-009,AA,0,0.895,4.36,288.3,0
S9-AA-NOC-washout-dish1-009,AA,0,0.342,6.54,382.3,0
S9-AA-NOC-washout-dish1-009,AA,0,0.713,79.57,120.2,0
S9-AA-NOC-washout-dish1-009,AA,0,0.358,34.88,110.6,0
S9-AA-NOC-washout-dish1-009,AA,0,0.656,4.36,221.3,0
S9-AA-NOC-washout-dish1-009,AA,0,0.626,4.36,270.3,1
S9-AA-NOC-washout-dish1-009,AA,0,0.329,5.45,226.5,0
S9-AA-NOC-washout-dish1-009,AA,0,0.98,40.33,181.6,0
S9-AA-NOC-washout-dish1-009,AA,0,0.603,6.54,267.6,1
S9-AA-NOC-washout-dish1-009,AA,0,0.51,4.36,377.2,0
S9-AA-NOC-washout-dish1-009,AA,0,0.989,4.36,156.4,0
S9-AA-NOC-washout-dish1-009,AA,0,0.433,82.84,118.7,1
S9-AA-NOC-washout-dish1-009,AA,0,0.812,17.44,212.7,1
S9-AA-NOC-washout-dish1-009,AA,0,0.396,49.05,164.9,1
S9-AA-NOC-washout-dish1-009,AA,0,0.633,9.81,172.4,0
S9-AA-NOC-washout-dish1-009,AA,0,0.306,4.36,256.7,1
S9-AA-NOC-washout-dish1-009,AA,0,0.719,14.17,175.3,1
S9-AA-NOC-washout-dish1-009,AA,0,0.523,15.26,207.5,0
S9-AA-NOC-washout-dish1-009,AA,0,0.6,5.45,265.3,1
S9-AA-NOC-washout-dish1-009,AA,0,0.308,4.36,378.5,0
S9-AA-NOC-washout-dish1-009,AA,0,0.666,20.71,322.4,0
S9-AA-NOC-washout-dish1-009,AA,0,0.434,28.34,186.1,1
S9-AA-NOC-washout-dish1-009,AA,0,0.808,11.99,247.6,0
S9-AA-NOC-washout-dish1-009,AA,0,0.844,7.63,275.3,0
S9-AA-NOC-washout-dish1-009,AA,0,0.565,26.16,218.4,1
S9-AA-NOC-washout-dish1-009,AA,0,0.845,4.36,401.7,0
S9-AA-NOC-washout-dish1-009,AA,0,0.945,10.9,112.0,1
S9-AA-NOC-washout-dish1-009,AA,0,0.641,4.36,282.0,0
S9-AA-NOC-washout-dish1-009,AA,0,0.962,34.88,106.1,0
S9-AA-NOC-washout-dish1-009,AA,0,0.659,9.81,315.6,0
S9-AA-NOC-washout-dish1-009,AA,0,0.602,19.62,272.9,0
S9-AA-NOC-washout-dish1-009,AA,0,0.388,7.63,237.6,0
S9-AA-NOC-washout-dish1-009,AA,0,0.873,18.53,150.0,1
S9-AA-NOC-washout-dish1-009,AA,0,0.718,10.9,227.8,1
S9-AA-NOC-washout-dish1-009,AA,0,0.57,17.44,213.5,0
S9-AA-NOC-washout-dish1-009,AA,0,0.563,18.53,293.7,1
S9-AA-NOC-washout-dish1-009,AA,0,0.685,4.36,205.1,0
S9-AA-NOC-washout-dish1-009,AA,0,0.84,13.08,166.0,0
S9-AA-NOC-washout-dish1-009,AA,0,0.513,11.99,235.9,0
S9-AA-NOC-washout-dish1-009,AA,0,0.838,15.26,240.2,0
S9-AA-NOC-washout-dish1-009,AA,0,0.915,8.72,314.9,0
S9-AA-NOC-washout-dish1-009,AA,0,0.319,7.63,337.4,0
S9-AA-NOC-washout-dish1-009,AA,0,0.572,30.52,227.4,0
S9-AA-NOC-washout-dish1-009,AA,0,0.618,9.81,130.5,0
S9-AA-NOC-washout-dish1-009,AA,0,0.625,7.63,403.4,1
S9-AA-NOC-washout-dish1-009,AA,0,0.411,8.72,213.2,1
S9-AA-NOC-washout-dish1-009,AA,0,0.969,15.26,267.0,1
S9-AA-NOC-washout-dish1-009,AA,0,0.497,19.62,277.9,0
S9-AA-NOC-washout-dish1-009,AA,0,0.733,5.45,259.5,1
S9-AA-NOC-washout-dish1-009,AA,0,0.457,6.54,158.8,1
S9-AA-NOC-washout-dish1-009,AA,0,0.74,4.36,452.8,0
S9-AA-NOC-washout-dish1-009,AA,0,0.198,9.81,257.7,0
S9-AA-NOC-washout-dish1-009,AA,0,0.807,6.54,324.1,1
S9-AA-NOC-washout-dish1-009,AA,0,0.444,32.7,155.3,1
S9-AA-NOC-washout-dish1-009,AA,0,0.75,29.43,189.2,0
S9-AA-NOC-washout-dish1-009,AA,0,0.886,15.26,134.3,0
S9-AA-NOC-washout-dish1-009,AA,0,0.284,8.72,356.1,0
S9-AA-NOC-washout-dish1-009,AA,0,0.392,16.35,339.5,0
S9-AA-NOC-washout-dish1-009,AA,0,0.243,5.45,320.6,1
S9-AA-NOC-washout-dish1-009,AA,0,0.864,21.8,213.3,0
S9-AA-NOC-washout-dish1-009,AA,0,0.597,16.35,212.1,0
S9-AA-NOC-washout-dish1-009,AA,0,0.047,16.35,213.2,1
S9-AA-NOC-washout-dish1-009,AA,0,0.843,4.36,392.6,0
S9-AA-NOC-washout-dish1-009,AA,0,0.58,15.26,221.9,0
S9-AA-NOC-washout-dish1-009,AA,0,0.528,4.36,292.0,0
S9-AA-NOC-washout-dish1-009,AA,0,0.656,5.45,342.4,0
S9-AA-NOC-washout-dish1-009,AA,0,0.656,10.9,154.6,0
S9-AA-NOC-washout-dish1-009,AA,0,0.83,34.88,127.8,0
S9-AA-NOC-washout-dish1-009,AA,0,0.893,4.36,252.7,0
S9-AA-NOC-washout-dish1-009,AA,0,0.478,15.26,224.5,0
S9-AA-NOC-washout-dish1-009,AA,0,0.389,9.81,270.8,1
S9-AA-NOC-washout-dish1-009,AA,0,0.746,4.36,228.6,0
S9-AA-NOC-washout-dish1-009,AA,0,0.345,21.8,193.8,0
S9-AA-NOC-washout-dish1-009,AA,0,0.049,23.98,142.6,0
S9-AA-NOC-washout-dish1-009,AA,0,0.615,11.99,267.4,0
S9-AA-NOC-washout-dish1-009,AA,0,0.968,22.89,333.3,0
S9-AA-NOC-washout-dish1-009,AA,0,0.914,5.45,246.0,0
S9-AA-NOC-washout-dish1-009,AA,0,0.815,8.72,305.8,0
S9-AA-NOC-washout-dish1-009,AA,0,0.51,9.81,204.3,0
S9-AA-NOC-washout-dish1-009,AA,0,0.712,23.98,288.6,1
S9-AA-NOC-washout-dish1-009,AA,0,0.333,7.63,340.8,1
S9-AA-NOC-washout-dish1-009,AA,0,0.811,41.42,207.6,0
S9-AA-NOC-washout-dish1-009,AA,0,0.299,5.45,362.1,1
S9-AA-NOC-washout-dish1-009,AA,0,0.963,10.9,145.8,0
S9-AA-NOC-washout-dish1-009,AA,0,0.574,10.9,212.6,0
S9-AA-NOC-washout-dish1-009,AA,0,0.693,4.36,199.0,1
S9-AA-NOC-washout-dish1-009,AA,0,0.195,5.45,164.8,0
S9-AA-NOC-washout-dish1-009,AA,0,0.833,6.54,217.4,0
S9-AA-NOC-washout-dish1-009,AA,0,0.398,5.45,214.0,1
S9-AA-NOC-washout-dish1-009,AA,0,0.66,51.23,176.1,1
S9-AA-NOC-washout-dish1-009,AA,0,0.522,5.45,205.9,0
S9-AA-NOC-washout-dish1-009,AA,0,0.993,10.9,245.1,0
S9-AA-NOC-washout-dish1-009,AA,0,0.451,11.99,213.0,1
S9-AA-NOC-washout-dish1-009,AA,0,0.824,11.99,259.4,0
S9-AA-NOC-washout-dish1-009,AA,0,0.43,18.53,293.6,1
S9-AA-NOC-washout-dish1-009,AA,0,0.685,18.53,117.4,0
S9-AA-NOC-washout-dish1-009,AA,0,0.609,23.98,209.3,1
S9-AA-NOC-washout-dish1-009,AA,0,0.742,10.9,198.0,0
S9-AA-NOC-washout-dish1-009,AA,0,0.639,7.63,331.0,1
S9-AA-NOC-washout-dish1-009,AA,0,0.522,8.72,195.5,1
S9-AA-NOC-washout-dish1-009,AA,0,0.429,7.63,318.1,0
S9-AA-NOC-washout-dish1-009,AA,0,0.704,11.99,252.3,0
S9-AA-NOC-washout-dish1-009,AA,0,0.935,5.45,258.5,0
S9-AA-NOC-washout-dish1-009,AA,0,0.557,19.62,174.5,0
S9-AA-NOC-washout-dish1-009,AA,0,0.422,7.63,235.1,0
S9-AA-NOC-washout-dish1-009,AA,0,0.84,15.26,259.0,1
S9-AA-NOC-washout-dish1-009,AA,0,0.156,57.77,81.1,0
S9-AA-NOC-washout-dish1-009,AA,0,0.947,5.45,223.8,0
S9-AA-NOC-washout-dish1-009,AA,0,0.82,4.36,356.0,0
S9-AA-NOC-washout-dish1-009,AA,0,0.782,4.36,254.6,0
S9-AA-NOC-washout-dish1-009,AA,0,0.563,35.97,170.6,0
S9-AA-NOC-washout-dish1-009,AA,0,0.997,54.5,82.4,1
S9-AA-NOC-washout-dish1-009,AA,0,0.078,4.36,261.5,1
S9-AA-NOC-washout-dish1-009,AA,0,0.693,27.25,154.1,0
S9-AA-NOC-washout-dish1-009,AA,0,0.512,34.88,211.1,1
S9-AA-NOC-washout-dish1-009,AA,0,0.776,8.72,247.2,1
S9-AA-NOC-washout-dish1-009,AA,0,0.71,4.36,332.4,0
S9-AA-NOC-washout-dish1-009,AA,0,0.298,8.72,193.2,0
S9-AA-NOC-washout-dish1-009,AA,0,0.134,11.99,142.9,1
S9-AA-NOC-washout-dish1-009,AA,0,0.777,5.45,339.0,1
S9-AA-NOC-washout-dish1-009,AA,0,0.442,19.62,191.3,1
S9-AA-NOC-washout-dish1-009,AA,0,0.422,4.36,231.6,0
S9-AA-NOC-washout-dish1-009,AA,0,0.756,18.53,292.7,0
S9-AA-NOC-washout-dish1-009,AA,0,0.505,4.36,295.0,0
S9-AA-NOC-washout-dish1-009,AA,0,0.458,7.63,262.7,0
S9-AA-NOC-washout-dish1-009,AA,0,0.469,5.45,130.2,0
S9-AA-NOC-washout-dish1-009,AA,0,0.922,31.61,215.1,0
S9-AA-NOC-washout-dish1-009,AA,0,0.989,6.54,121.0,1
S9-AA-NOC-washout-dish1-009,AA,0,0.307,7.63,141.0,0
S9-AA-NOC-washout-dish1-009,AA,0,0.676,9.81,210.8,1
S9-AA-NOC-washout-dish1-009,AA,0,0.64,17.44,161.9,0
S9-AA-NOC-washout-dish1-009,AA,0,0.862,9.81,211.9,0
S9-AA-NOC-washout-dish1-009,AA,0,0.209,8.72,305.5,0
S9-AA-NOC-washout-dish1-009,AA,0,0.419,6.54,331.0,1
S9-AA-NOC-washout-dish1-009,AA,0,0.726,14.17,185.1,1
S9-AA-NOC-washout-dish1-009,AA,0,0.105,10.9,118.6,0
S9-AA-NOC-washout-dish1-009,AA,0,0.869,11.99,198.1,0
S9-AA-NOC-washout-dish1-009,AA,0,0.579,8.72,318.1,1
S9-AA-NOC-washout-dish1-009,AA,0,0.774,13.08,186.7,0
S9-AA-NOC-washout-dish1-009,AA,0,0.978,29.43,194.7,1
S9-AA-NOC-washout-dish1-009,AA,0,0.284,20.71,171.7,0
S9-AA-NOC-washout-dish1-009,AA,0,0.761,14.17,212.0,0
S9-AA-NOC-washout-dish1-009,AA,0,0.767,23.98,273.2,0
S9-AA-NOC-washout-dish1-009,AA,0,0.606,39.24,155.0,1
S9-AA-NOC-washout-dish1-009,AA,0,0.835,18.53,205.7,0
S9-AA-NOC-washout-dish1-009,AA,0,0.411,39.24,197.1,1
S9-AA-NOC-washout-dish1-009,AA,0,0.848,43.6,84.6,0
S9-AA-NOC-washout-dish1-009,AA,0,0.698,5.45,249.7,0
S9-AA-NOC-washout-dish1-009,AA,0,0.734,7.63,302.3,0
S9-AA-NOC-washout-dish1-009,AA,0,0.928,42.51,204.7,1
S9-AA-NOC-washout-dish1-009,AA,0,0.933,14.17,183.5,0
S9-AA-NOC-washout-dish1-009,AA,0,0.618,7.63,197.3,0
S9-AA-NOC-washout-dish1-009,AA,0,0.565,9.81,212.3,1
S9-AA-NOC-washout-dish1-009,AA,0,0.794,6.54,314.2,0
S9-AA-NOC-washout-dish1-009,AA,0,0.98,5.45,203.7,0
S9-AA-NOC-washout-dish1-009,AA,0,0.264,4.36,464.9,0
S9-AA-NOC-washout-dish1-009,AA,0,0.236,6.54,114.7,0
S9-AA-NOC-washout-dish1-009,AA,0,0.542,39.24,115.2,0
S9-AA-NOC-washout-dish1-009,AA,0,0.708,6.54,235.6,1
S9-AA-NOC-washout-dish1-009,AA,0,0.747,19.62,259.0,0
S9-AA-NOC-washout-dish1-009,AA,0,0.892,11.99,251.1,1
S9-AA-NOC-washout-dish1-009,AA,0,0.715,6.54,382.8,0
S9-AA-NOC-washout-dish1-009,AA,0,0.895,6.54,225.4,0
S9-AA-NOC-washout-dish1-009,AA,0,0.807,10.9,286.6,0
S9-AA-NOC-washout-dish1-009,AA,0,0.786,11.99,301.7,1
S9-AA-NOC-washout-dish1-009,AA,0,0.569,8.72,223.9,0
S9-AA-NOC-washout-dish1-009,AA,0,0.841,8.72,231.3,0
S9-AA-NOC-washout-dish1-009,AA,0,0.907,37.06,63.3,0
S9-AA-NOC-washout-dish1-009,AA,0,0.892,8.72,206.3,1
S9-AA-NOC-washout-dish1-009,AA,0,0.112,8.72,168.4,1
S9-AA-NOC-washout-dish1-009,AA,0,0.465,5.45,185.9,0
S9-AA-NOC-washout-dish1-009,AA,0,0.754,8.72,182.2,0
S9-AA-NOC-washout-dish1-009,AA,0,0.869,7.63,344.5,1
S9-AA-NOC-washout-dish1-009,AA,0,0.098,5.45,263.1,1
S9-AA-NOC-washout-dish1-009,AA,0,0.756,6.54,155.1,1
S9-AA-NOC-washout-dish1-009,AA,0,0.624,34.88,141.9,0
S9-AA-NOC-washout-dish1-009,AA,0,0.497,9.81,303.0,1
S9-AA-NOC-washout-dish1-009,AA,0,0.612,9.81,251.5,1
S9-AA-NOC-washout-dish1-009,AA,0,0.572,13.08,253.1,1
S9-AA-NOC-washout-dish1-009,AA,0,0.88,34.88,143.6,0
S9-AA-NOC-washout-dish1-009,AA,0,0.334,6.54,353.8,1
S9-AA-NOC-washout-dish1-009,AA,0,0.114,4.36,265.7,1
S9-AA-NOC-washout-dish1-009,AA,0,0.007,4.36,320.2,0
S9-AA-NOC-washout-dish1-009,AA,0,0.21,14.17,255.2,0
S9-AA-NOC-washout-dish1-009,AA,0,0.989,4.36,293.5,1
S9-AA-NOC-washout-dish1-009,AA,0,0.519,16.35,205.8,1
S9-AA-NOC-washout-dish1-009,AA,0,0.798,30.52,156.4,0
S9-AA-NOC-washout-dish1-009,AA,0,0.944,6.54,301.2,0
S9-AA-NOC-washout-dish1-009,AA,0,0.845,8.72,299.1,0
S9-AA-NOC-washout-dish1-009,AA,0,0.36,31.61,104.7,0
S9-AA-NOC-washout-dish1-009,AA,0,0.196,4.36,173.3,1
S9-AA-NOC-washout-dish1-009,AA,0,0.772,8.72,281.5,0
S9-AA-NOC-washout-dish1-009,AA,0,0.81,21.8,282.6,1
S9-AA-NOC-washout-dish1-009,AA,0,0.734,6.54,271.8,1
S9-AA-NOC-washout-dish1-009,AA,0,0.832,6.54,156.9,1
S9-AA-NOC-washout-dish1-009,AA,0,0.479,8.72,242.0,0
S9-AA-NOC-washout-dish1-009,AA,0,0.968,5.45,377.7,0
S9-AA-NOC-washout-dish1-009,AA,0,0.838,16.35,144.1,0
S9-AA-NOC-washout-dish1-009,AA,0,0.669,7.63,385.4,1
S9-AA-NOC-washout-dish1-009,AA,0,0.828,13.08,166.0,1
S9-AA-NOC-washout-dish1-009,AA,0,0.598,4.36,294.6,0
S9-AA-NOC-washout-dish1-009,AA,0,0.167,11.99,251.4,0
S9-AA-NOC-washout-dish1-009,AA,0,0.137,4.36,257.7,1
S9-AA-NOC-washout-dish1-009,AA,0,0.296,8.72,251.6,1
S9-AA-NOC-washout-dish1-009,AA,0,0.492,5.45,130.0,0
S9-AA-NOC-washout-dish1-009,AA,0,0.912,5.45,152.2,0
S9-AA-NOC-washout-dish1-009,AA,0,0.974,6.54,222.4,0
S9-AA-NOC-washout-dish1-009,AA,0,0.84,6.54,287.2,0
S9-AA-NOC-washout-dish1-009,AA,0,0.824,19.62,182.9,0
S9-AA-NOC-washout-dish1-009,AA,0,0.229,8.72,283.3,0
S9-AA-NOC-washout-dish1-009,AA,0,0.087,6.54,166.3,0
S9-AA-NOC-washout-dish1-009,AA,0,0.169,27.25,151.8,0
S9-AA-NOC-washout-dish1-009,AA,0,0.616,5.45,304.5,1
S9-AA-NOC-washout-dish1-009,AA,0,0.436,13.08,242.9,0
S9-AA-NOC-washout-dish1-009,AA,0,0.548,4.36,201.5,0
S9-AA-NOC-washout-dish1-009,AA,0,0.719,8.72,328.8,0
S9-AA-NOC-washout-dish1-009,AA,0,0.817,22.89,223.9,0
S9-AA-NOC-washout-dish1-009,AA,0,0.671,11.99,320.8,0
S9-AA-NOC-washout-dish1-009,AA,0,0.546,15.26,248.4,0
S9-AA-NOC-washout-dish1-009,AA,0,0.543,7.63,345.0,0
S9-AA-NOC-washout-dish1-009,AA,0,0.234,14.17,237.3,0
S9-AA-NOC-washout-dish1-009,AA,0,0.278,4.36,277.6,0
S9-AA-NOC-washout-dish1-009,AA,0,0.967,8.72,239.3,1
S9-AA-NOC-washout-dish1-009,AA,0,0.611,21.8,194.5,1
S9-AA-NOC-washout-dish1-009,AA,0,0.551,5.45,238.9,0
S9-AA-NOC-washout-dish1-009,AA,0,0.748,22.89,176.4,0
S9-AA-NOC-washout-dish1-009,AA,0,0.513,20.71,234.8,0
S9-AA-NOC-washout-dish1-009,AA,0,0.647,21.8,193.9,0
S9-AA-NOC-washout-dish1-009,AA,0,0.851,6.54,293.2,0
S9-AA-NOC-washout-dish1-009,AA,0,0.45,13.08,271.6,0
S9-AA-NOC-washout-dish1-009,AA,0,0.825,5.45,369.7,0
S9-AA-NOC-washout-dish1-009,AA,0,0.88,17.44,235.7,0
S9-AA-NOC-washout-dish1-009,AA,0,0.756,16.35,257.1,1
S9-AA-NOC-washout-dish1-009,AA,0,0.585,4.36,374.0,0
S9-AA-NOC-washout-dish1-009,AA,0,0.688,8.72,263.2,1
S9-AA-NOC-washout-dish1-009,AA,0,0.936,8.72,225.4,1
S9-AA-NOC-washout-dish1-009,AA,0,0.797,11.99,203.9,0
S9-AA-NOC-washout-dish1-009,AA,0,0.263,13.08,138.6,0
S9-AA-NOC-washout-dish1-009,AA,0,0.993,17.44,167.3,1
S9-AA-NOC-washout-dish1-009,AA,0,0.945,5.45,255.5,1
S9-AA-NOC-washout-dish1-009,AA,0,0.449,13.08,275.6,0
S9-AA-NOC-washout-dish1-009,AA,0,0.588,4.36,274.1,0
S9-AA-NOC-washout-dish1-009,AA,0,0.753,10.9,283.3,1
S9-AA-NOC-washout-dish1-009,AA,0,0.122,8.72,151.6,0
S9-AA-NOC-washout-dish1-009,AA,0,0.717,9.81,277.7,1
S9-AA-NOC-washout-dish1-009,AA,0,0.598,14.17,231.0,0
S9-AA-NOC-washout-dish1-009,AA,0,0.614,5.45,212.4,0
S9-AA-NOC-washout-dish1-009,AA,0,0.833,7.63,257.8,1
S9-AA-NOC-washout-dish1-009,AA,0,0.691,9.81,130.4,0
S9-AA-NOC-washout-dish1-009,AA,0,0.859,10.9,177.4,0
S9-AA-NOC-washout-dish1-009,AA,0,0.867,11.99,125.2,0
S9-AA-NOC-washout-dish1-009,AA,0,0.11,5.45,256.8,1
S9-AA-NOC-washout-dish1-009,AA,0,0.636,9.81,294.2,0
S9-AA-NOC-washout-dish1-009,AA,0,0.417,9.81,197.3,0
S9-AA-NOC-washout-dish1-009,AA,0,0.825,8.72,326.2,1
S9-AA-NOC-washout-dish1-009,AA,0,0.903,11.99,169.7,0
S9-AA-NOC-washout-dish1-009,AA,0,0.019,4.36,360.0,1
S9-AA-NOC-washout-dish1-009,AA,0,0.39,9.81,260.5,0
S9-AA-NOC-washout-dish1-009,AA,0,0.405,11.99,153.6,0
S9-AA-NOC-washout-dish1-009,AA,0,0.489,9.81,160.1,0
S9-AA-NOC-washout-dish1-009,AA,0,0.975,5.45,193.1,0
S9-AA-NOC-washout-dish1-009,AA,0,0.576,9.81,283.5,0
S9-AA-NOC-washout-dish1-009,AA,0,0.704,7.63,288.2,1
S9-AA-NOC-washout-dish1-009,AA,0,0.915,9.81,258.6,0
S9-AA-NOC-washout-dish1-009,AA,0,0.157,8.72,198.7,0
S9-AA-NOC-washout-dish1-009,AA,0,0.136,8.72,228.4,1
S9-AA-NOC-washout-dish1-009,AA,0,0.267,9.81,190.8,0
S9-AA-NOC-washout-dish1-009,AA,0,0.267,7.63,177.3,0
S9-AA-NOC-washout-dish1-009,AA,0,0.725,6.54,152.7,1
S9-AA-NOC-washout-dish1-009,AA,0,0.338,4.36,171.0,0
S9-AA-NOC-washout-dish1-009,AA,0,0.758,8.72,92.9,0
S9-AA-NOC-washout-dish1-009,AA,0,0.74,5.45,333.0,0
S9-AA-NOC-washout-dish1-009,AA,0,0.083,5.45,236.3,0
S9-AA-NOC-washout-dish1-009,AA,0,0.02,4.36,333.2,0
S9-AA-NOC-washout-dish1-010,AA,0,0.536,13.08,198.0,0
S9-AA-NOC-washout-dish1-010,AA,0,0.695,34.88,178.1,1
S9-AA-NOC-washout-dish1-010,AA,0,0.587,14.17,308.0,1
S9-AA-NOC-washout-dish1-010,AA,0,0.658,11.99,195.6,0
S9-AA-NOC-washout-dish1-010,AA,0,0.725,11.99,115.3,1
S9-AA-NOC-washout-dish1-010,AA,0,0.391,5.45,238.1,0
S9-AA-NOC-washout-dish1-010,AA,0,0.812,9.81,281.3,1
S9-AA-NOC-washout-dish1-010,AA,0,0.693,32.7,215.2,0
S9-AA-NOC-washout-dish1-010,AA,0,0.89,55.59,112.0,1
S9-AA-NOC-washout-dish1-010,AA,0,0.498,21.8,169.5,0
S9-AA-NOC-washout-dish1-010,AA,0,0.844,32.7,198.4,0
S9-AA-NOC-washout-dish1-010,AA,0,0.482,22.89,164.4,0
S9-AA-NOC-washout-dish1-010,AA,0,0.374,7.63,131.1,1
S9-AA-NOC-washout-dish1-010,AA,0,0.844,39.24,180.7,1
S9-AA-NOC-washout-dish1-010,AA,0,0.62,32.7,218.3,0
S9-AA-NOC-washout-dish1-010,AA,0,0.432,5.45,304.8,1
S9-AA-NOC-washout-dish1-010,AA,0,0.495,6.54,327.7,0
S9-AA-NOC-washout-dish1-010,AA,0,0.828,13.08,217.0,1
S9-AA-NOC-washout-dish1-010,AA,0,0.797,4.36,242.8,1
S9-AA-NOC-washout-dish1-010,AA,0,0.378,9.81,180.6,0
S9-AA-NOC-washout-dish1-010,AA,0,0.002,4.36,393.9,1
S9-AA-NOC-washout-dish1-010,AA,0,0.102,5.45,341.3,1
S9-AA-NOC-washout-dish1-010,AA,0,0.358,18.53,234.2,0
S9-AA-NOC-washout-dish1-010,AA,0,0.499,7.63,171.5,0
S9-AA-NOC-washout-dish1-010,AA,0,0.828,23.98,188.8,0
S9-AA-NOC-washout-dish1-010,AA,0,0.997,8.72,164.9,1
S9-AA-NOC-washout-dish1-010,AA,0,0.535,11.99,187.5,1
S9-AA-NOC-washout-dish1-010,AA,0,0.981,14.17,211.0,1
S9-AA-NOC-washout-dish1-010,AA,0,0.124,5.45,303.8,1
S9-AA-NOC-washout-dish1-010,AA,0,0.727,30.52,337.7,1
S9-AA-NOC-washout-dish1-010,AA,0,0.544,5.45,423.3,1
S9-AA-NOC-washout-dish1-010,AA,0,0.814,4.36,296.7,0
S9-AA-NOC-washout-dish1-010,AA,0,0.653,16.35,168.2,1
S9-AA-NOC-washout-dish1-010,AA,0,0.831,4.36,358.7,0
S9-AA-NOC-washout-dish1-010,AA,0,0.917,25.07,263.2,1
S9-AA-NOC-washout-dish1-010,AA,0,0.95,13.08,288.8,0
S9-AA-NOC-washout-dish1-010,AA,0,0.963,17.44,215.5,1
S9-AA-NOC-washout-dish1-010,AA,0,0.683,10.9,248.3,1
S9-AA-NOC-washout-dish1-010,AA,0,0.497,4.36,330.8,1
S9-AA-NOC-washout-dish1-010,AA,0,0.865,45.78,287.9,0
S9-AA-NOC-washout-dish1-010,AA,0,0.954,9.81,393.9,1
S9-AA-NOC-washout-dish1-010,AA,0,0.936,11.99,183.5,0
S9-AA-NOC-washout-dish1-010,AA,0,0.668,17.44,155.4,1
S9-AA-NOC-washout-dish1-010,AA,0,0.596,11.99,327.8,0
S9-AA-NOC-washout-dish1-010,AA,0,0.718,6.54,184.5,0
S9-AA-NOC-washout-dish1-010,AA,0,0.534,4.36,200.6,1
S9-AA-NOC-washout-dish1-010,AA,0,0.798,19.62,257.2,0
S9-AA-NOC-washout-dish1-010,AA,0,0.391,55.59,147.0,1
S9-AA-NOC-washout-dish1-010,AA,0,0.704,20.71,168.4,0
S9-AA-NOC-washout-dish1-010,AA,0,0.493,20.71,207.7,0
S9-AA-NOC-washout-dish1-010,AA,0,0.797,55.59,209.6,1
S9-AA-NOC-washout-dish1-010,AA,0,0.859,5.45,321.9,1
S9-AA-NOC-washout-dish1-010,AA,0,0.803,15.26,251.2,0
S9-AA-NOC-washout-dish1-010,AA,0,0.372,11.99,303.4,0
S9-AA-NOC-washout-dish1-010,AA,0,0.615,8.72,286.1,0
S9-AA-NOC-washout-dish1-010,AA,0,0.866,9.81,227.9,1
S9-AA-NOC-washout-dish1-010,AA,0,0.399,9.81,240.1,0
S9-AA-NOC-washout-dish1-010,AA,0,0.455,13.08,270.6,1
S9-AA-NOC-washout-dish1-010,AA,0,0.114,6.54,447.4,0
S9-AA-NOC-washout-dish1-010,AA,0,0.233,6.54,460.2,1
S9-AA-NOC-washout-dish1-010,AA,0,0.839,23.98,214.6,1
S9-AA-NOC-washout-dish1-010,AA,0,0.317,5.45,323.3,1
S9-AA-NOC-washout-dish1-010,AA,0,0.869,23.98,211.6,0
S9-AA-NOC-washout-dish1-010,AA,0,0.326,4.36,330.2,0
S9-AA-NOC-washout-dish1-010,AA,0,0.945,30.52,190.2,1
S9-AA-NOC-washout-dish1-010,AA,0,0.841,9.81,206.9,0
S9-AA-NOC-washout-dish1-010,AA,0,0.367,5.45,243.6,0
S9-AA-NOC-washout-dish1-010,AA,0,0.765,35.97,193.1,0
S9-AA-NOC-washout-dish1-010,AA,0,0.548,11.99,236.2,1
S9-AA-NOC-washout-dish1-010,AA,0,0.333,20.71,283.2,1
S9-AA-NOC-washout-dish1-010,AA,0,0.691,16.35,184.0,0
S9-AA-NOC-washout-dish1-010,AA,0,0.448,5.45,310.0,1
S9-AA-NOC-washout-dish1-010,AA,0,0.538,6.54,211.9,0
S9-AA-NOC-washout-dish1-010,AA,0,0.648,4.36,457.1,0
S9-AA-NOC-washout-dish1-010,AA,0,0.752,20.71,168.4,1
S9-AA-NOC-washout-dish1-010,AA,0,0.708,33.79,313.7,0
S9-AA-NOC-washout-dish1-010,AA,0,0.392,10.9,271.5,1
S9-AA-NOC-washout-dish1-010,AA,0,0.698,4.36,273.4,1
S9-AA-NOC-washout-dish1-010,AA,0,0.737,11.99,316.8,0
S9-AA-NOC-washout-dish1-010,AA,0,0.093,5.45,485.0,0
S9-AA-NOC-washout-dish1-010,AA,0,0.647,4.36,204.7,0
S9-AA-NOC-washout-dish1-010,AA,0,0.818,56.68,177.9,0
S9-AA-NOC-washout-dish1-010,AA,0,0.789,17.44,190.2,1
S9-AA-NOC-washout-dish1-010,AA,0,0.864,20.71,165.0,1
S9-AA-NOC-washout-dish1-010,AA,0,0.511,6.54,157.5,0
S9-AA-NOC-washout-dish1-010,AA,0,0.806,14.17,288.2,0
S9-AA-NOC-washout-dish1-010,AA,0,0.868,26.16,119.0,1
S9-AA-NOC-washout-dish1-010,AA,0,0.829,15.26,335.8,0
S9-AA-NOC-washout-dish1-010,AA,0,0.614,10.9,254.8,0
S9-AA-NOC-washout-dish1-010,AA,0,0.697,17.44,310.1,1
S9-AA-NOC-washout-dish1-010,AA,0,0.479,6.54,264.2,1
S9-AA-NOC-washout-dish1-010,AA,0,0.458,21.8,249.2,0
S9-AA-NOC-washout-dish1-010,AA,0,0.252,5.45,326.9,1
S9-AA-NOC-washout-dish1-010,AA,0,0.452,8.72,325.6,1
S9-AA-NOC-washout-dish1-010,AA,0,0.816,10.9,294.8,1
S9-AA-NOC-washout-dish1-010,AA,0,0.659,14.17,359.5,1
S9-AA-NOC-washout-dish1-010,AA,0,0.563,8.72,207.9,1
S9-AA-NOC-washout-dish1-010,AA,0,0.617,6.54,259.1,1
S9-AA-NOC-washout-dish1-010,AA,0,0.722,6.54,275.0,0
S9-AA-NOC-washout-dish1-010,AA,0,0.662,4.36,212.1,0
S9-AA-NOC-washout-dish1-010,AA,0,0.307,32.7,258.2,1
S9-AA-NOC-washout-dish1-010,AA,0,0.597,25.07,147.7,0
S9-AA-NOC-washout-dish1-010,AA,0,0.898,7.63,276.6,0
S9-AA-NOC-washout-dish1-010,AA,0,0.484,4.36,358.5,0
S9-AA-NOC-washout-dish1-010,AA,0,0.601,4.36,251.8,0
S9-AA-NOC-washout-dish1-010,AA,0,0.956,22.89,244.4,0
S9-AA-NOC-washout-dish1-010,AA,0,0.597,6.54,235.6,0
S9-AA-NOC-washout-dish1-010,AA,0,0.477,5.45,318.9,1
S9-AA-NOC-washout-dish1-010,AA,0,0.416,28.34,177.1,0
S9-AA-NOC-washout-dish1-010,AA,0,0.958,8.72,188.0,0
S9-AA-NOC-washout-dish1-010,AA,0,0.921,8.72,211.2,0
S9-AA-NOC-washout-dish1-010,AA,0,0.854,14.17,235.9,0
S9-AA-NOC-washout-dish1-010,AA,0,0.566,4.36,272.5,0
S9-AA-NOC-washout-dish1-010,AA,0,0.734,26.16,219.7,1
S9-AA-NOC-washout-dish1-010,AA,0,0.469,5.45,305.3,0
S9-AA-NOC-washout-dish1-010,AA,0,0.862,14.17,210.6,0
S9-AA-NOC-washout-dish1-010,AA,0,0.561,6.54,291.6,0
S9-AA-NOC-washout-dish1-010,AA,0,0.02,4.36,310.5,1
S9-AA-NOC-washout-dish1-010,AA,0,0.294,4.36,476.9,1
S9-AA-NOC-washout-dish1-010,AA,0,0.33,8.72,208.6,1
S9-AA-NOC-washout-dish1-010,AA,0,0.16,5.45,366.1,1
S9-AA-NOC-washout-dish1-010,AA,0,0.434,6.54,242.0,0
S9-AA-NOC-washout-dish1-010,AA,0,0.156,7.63,206.6,0
S9-AA-NOC-washout-dish1-010,AA,0,0.126,6.54,423.8,0
S9-AA-NOC-washout-dish1-010,AA,0,0.351,10.9,271.2,1
S9-AA-NOC-washout-dish1-010,AA,0,0.039,5.45,306.2,0
S9-AA-NOC-washout-dish1-010,AA,0,0.287,4.36,230.3,1
S9-AA-NOC-washout-dish1-010,AA,0,0.419,14.17,302.6,0
S9-AA-NOC-washout-dish1-010,AA,0,0.694,6.54,295.1,0
S9-AA-NOC-washout-dish1-010,AA,0,0.784,13.08,188.9,0
S9-AA-NOC-washout-dish1-010,AA,0,0.767,20.71,363.7,0
S9-AA-NOC-washout-dish1-010,AA,0,0.777,5.45,360.7,1
S9-AA-NOC-washout-dish1-010,AA,0,0.705,6.54,369.5,1
S9-AA-NOC-washout-dish1-010,AA,0,0.258,8.72,301.9,1
S9-AA-NOC-washout-dish1-010,AA,0,0.728,6.54,302.1,0
S9-AA-NOC-washout-dish1-010,AA,0,0.92,9.81,274.7,0
S9-AA-NOC-washout-dish1-010,AA,0,0.306,4.36,386.2,0
S9-AA-NOC-washout-dish1-010,AA,0,0.977,11.99,158.3,0
S9-AA-NOC-washout-dish1-010,AA,0,0.048,8.72,254.1,1
S9-AA-NOC-washout-dish1-010,AA,0,0.697,33.79,244.0,1
S9-AA-NOC-washout-dish1-010,AA,0,0.566,11.99,334.8,1
S9-AA-NOC-washout-dish1-010,AA,0,0.815,5.45,360.4,1
S9-AA-NOC-washout-dish1-010,AA,0,0.697,9.81,337.1,0
S9-AA-NOC-washout-dish1-010,AA,0,0.537,7.63,274.8,1
S9-AA-NOC-washout-dish1-010,AA,0,0.344,9.81,279.3,0
S9-AA-NOC-washout-dish1-010,AA,0,0.437,6.54,246.0,1
S9-AA-NOC-washout-dish1-010,AA,0,0.553,13.08,334.2,0
S9-AA-NOC-washout-dish1-010,AA,0,0.652,7.63,308.4,0
S9-AA-NOC-washout-dish1-010,AA,0,0.416,4.36,252.4,0
S9-AA-NOC-washout-dish1-010,AA,0,0.541,4.36,292.2,1
S9-AA-NOC-washout-dish1-010,AA,0,0.745,17.44,162.3,0
S9-AA-NOC-washout-dish1-010,AA,0,0.85,13.08,296.6,0
S9-AA-NOC-washout-dish1-010,AA,0,0.094,9.81,371.1,1
S9-AA-NOC-washout-dish1-010,AA,0,0.951,26.16,205.0,1
S9-AA-NOC-washout-dish1-010,AA,0,0.42,16.35,217.4,1
S9-AA-NOC-washout-dish1-010,AA,0,0.6,16.35,300.5,1
S9-AA-NOC-washout-dish1-010,AA,0,0.496,4.36,341.0,0
S9-AA-NOC-washout-dish1-010,AA,0,0.783,11.99,163.3,0
S9-AA-NOC-washout-dish1-010,AA,0,0.482,11.99,365.0,0
S9-AA-NOC-washout-dish1-010,AA,0,0.644,6.54,240.2,1
S9-AA-NOC-washout-dish1-010,AA,0,0.511,6.54,397.9,0
S9-AA-NOC-washout-dish1-010,AA,0,0.988,26.16,137.6,1
S9-AA-NOC-washout-dish1-010,AA,0,0.784,16.35,203.4,1
S9-AA-NOC-washout-dish1-010,AA,0,0.727,7.63,313.1,0
S9-AA-NOC-washout-dish1-010,AA,0,0.749,8.72,295.9,1
S9-AA-NOC-washout-dish1-010,AA,0,0.902,7.63,411.2,1
S9-AA-NOC-washout-dish1-010,AA,0,0.761,9.81,203.4,1
S9-AA-NOC-washout-dish1-010,AA,0,0.426,10.9,260.5,1
S9-AA-NOC-washout-dish1-010,AA,0,0.592,21.8,168.6,0
S9-AA-NOC-washout-dish1-010,AA,0,0.408,4.36,136.2,0
S9-AA-NOC-washout-dish1-010,AA,0,0.146,10.9,221.0,1
S9-AA-NOC-washout-dish1-010,AA,0,0.238,11.99,264.9,0
S9-AA-NOC-washout-dish1-010,AA,0,0.745,27.25,280.0,0
S9-AA-NOC-washout-dish1-010,AA,0,0.451,4.36,512.3,1
S9-AA-NOC-washout-dish1-010,AA,0,0.615,57.77,132.1,0
S9-AA-NOC-washout-dish1-010,AA,0,0.376,4.36,408.9,0
S9-AA-NOC-washout-dish1-010,AA,0,0.486,8.72,369.5,1
S9-AA-NOC-washout-dish1-010,AA,0,0.87,38.15,185.7,1
S9-AA-NOC-washout-dish1-010,AA,0,0.265,8.72,308.3,0
S9-AA-NOC-washout-dish1-010,AA,0,0.921,6.54,226.4,1
S9-AA-NOC-washout-dish1-010,AA,0,0.731,5.45,196.6,0
S9-AA-NOC-washout-dish1-010,AA,0,0.707,9.81,332.2,1
S9-AA-NOC-washout-dish1-010,AA,0,0.785,13.08,199.3,1
S9-AA-NOC-washout-dish1-010,AA,0,0.541,5.45,270.4,0
S9-AA-NOC-washout-dish1-010,AA,0,0.656,10.9,344.4,0
S9-AA-NOC-washout-dish1-010,AA,0,0.822,5.45,379.9,1
S9-AA-NOC-washout-dish1-010,AA,0,0.525,5.45,353.6,1
S9-AA-NOC-washout-dish1-010,AA,0,0.503,30.52,173.0,1
S9-AA-NOC-washout-dish1-010,AA,0,0.952,9.81,122.7,1
S9-AA-NOC-washout-dish1-010,AA,0,0.89,14.17,267.8,0
S9-AA-NOC-washout-dish1-010,AA,0,0.896,17.44,282.7,0
S9-AA-NOC-washout-dish1-010,AA,0,0.504,5.45,294.9,0
S9-AA-NOC-washout-dish1-010,AA,0,0.846,7.63,240.9,0
S9-AA-NOC-washout-dish1-010,AA,0,0.179,4.36,239.9,0
S9-AA-NOC-washout-dish1-010,AA,0,0.682,6.54,228.0,0
S9-AA-NOC-washout-dish1-010,AA,0,0.429,4.36,354.0,0
S9-AA-NOC-washout-dish1-010,AA,0,0.378,18.53,156.0,0
S9-AA-NOC-washout-dish1-010,AA,0,0.16,13.08,330.8,0
S9-AA-NOC-washout-dish1-010,AA,0,0.458,7.63,359.5,0
S9-AA-NOC-washout-dish1-010,AA,0,0.775,37.06,210.8,1
S9-AA-NOC-washout-dish1-010,AA,0,0.491,19.62,269.5,1
S9-AA-NOC-washout-dish1-010,AA,0,0.894,8.72,310.2,1
S9-AA-NOC-washout-dish1-010,AA,0,0.866,42.51,170.1,0
S9-AA-NOC-washout-dish1-010,AA,0,0.427,4.36,513.3,1
S9-AA-NOC-washout-dish1-010,AA,0,0.604,9.81,249.0,0
S9-AA-NOC-washout-dish1-010,AA,0,0.522,28.34,174.9,0
S9-AA-NOC-washout-dish1-010,AA,0,0.83,4.36,188.4,1
S9-AA-NOC-washout-dish1-010,AA,0,0.851,15.26,272.0,0
S9-AA-NOC-washout-dish1-010,AA,0,0.675,7.63,267.0,1
S9-AA-NOC-washout-dish1-010,AA,0,0.529,4.36,301.4,0
S9-AA-NOC-washout-dish1-010,AA,0,0.948,18.53,245.8,0
S9-AA-NOC-washout-dish1-010,AA,0,0.684,6.54,323.6,1
S9-AA-NOC-washout-dish1-010,AA,0,0.512,13.08,254.4,0
S9-AA-NOC-washout-dish1-010,AA,0,0.945,17.44,212.0,0
S9-AA-NOC-washout-dish1-010,AA,0,0.099,6.54,444.5,0
S9-AA-NOC-washout-dish1-010,AA,0,0.14,6.54,195.0,0
S9-AA-NOC-washout-dish1-010,AA,0,0.769,5.45,444.8,0
S9-AA-NOC-washout-dish1-010,AA,0,0.708,13.08,195.5,0
S9-AA-NOC-washout-dish1-010,AA,0,0.728,10.9,221.7,1
S9-AA-NOC-washout-dish1-010,AA,0,0.711,9.81,264.4,1
S9-AA-NOC-washout-dish1-010,AA,0,0.463,5.45,368.2,0
S9-AA-NOC-washout-dish1-010,AA,0,0.599,8.72,340.0,0
S9-AA-NOC-washout-dish1-010,AA,0,0.919,6.54,209.1,1
S9-AA-NOC-washout-dish1-010,AA,0,0.819,11.99,331.2,1
S9-AA-NOC-washout-dish1-010,AA,0,0.791,49.05,171.1,0
S9-AA-NOC-washout-dish1-010,AA,0,0.818,5.45,388.8,0
S9-AA-NOC-washout-dish1-010,AA,0,0.648,15.26,263.4,1
S9-AA-NOC-washout-dish1-010,AA,0,0.47,18.53,283.2,1
S9-AA-NOC-washout-dish1-010,AA,0,0.19,5.45,392.2,0
S9-AA-NOC-washout-dish1-010,AA,0,0.577,4.36,359.0,0
S9-AA-NOC-washout-dish1-010,AA,0,0.797,4.36,388.2,0
S9-AA-NOC-washout-dish1-010,AA,0,0.454,11.99,239.3,1
S9-AA-NOC-washout-dish1-010,AA,0,0.867,68.67,200.5,0
S9-AA-NOC-washout-dish1-010,AA,0,0.492,7.63,214.2,1
S9-AA-NOC-washout-dish1-010,AA,0,0.943,5.45,234.9,0
S9-AA-NOC-washout-dish1-010,AA,0,0.45,9.81,286.0,1
S9-AA-NOC-washout-dish1-010,AA,0,0.771,17.44,212.6,0
S9-AA-NOC-washout-dish1-010,AA,0,0.901,11.99,347.4,0
S9-AA-NOC-washout-dish1-010,AA,0,0.892,31.61,208.4,0
S9-AA-NOC-washout-dish1-010,AA,0,0.697,10.9,345.4,1
S9-AA-NOC-washout-dish1-010,AA,0,0.472,5.45,313.9,0
S9-AA-NOC-washout-dish1-010,AA,0,0.22,4.36,422.1,0
S9-AA-NOC-washout-dish1-010,AA,0,0.45,46.87,139.9,1
S9-AA-NOC-washout-dish1-010,AA,0,0.383,6.54,364.5,1
S9-AA-NOC-washout-dish1-010,AA,0,0.914,9.81,281.1,0
S9-AA-NOC-washout-dish1-010,AA,0,0.626,66.49,193.1,1
S9-AA-NOC-washout-dish1-010,AA,0,0.488,8.72,340.7,1
S9-AA-NOC-washout-dish1-010,AA,0,0.85,11.99,216.6,1
S9-AA-NOC-washout-dish1-010,AA,0,0.833,19.62,220.3,1
S9-AA-NOC-washout-dish1-010,AA,0,0.866,27.25,286.6,0
S9-AA-NOC-washout-dish1-010,AA,0,0.758,4.36,318.1,0
S9-AA-NOC-washout-dish1-010,AA,0,0.492,4.36,261.5,0
S9-AA-NOC-washout-dish1-010,AA,0,0.373,5.45,174.1,0
S9-AA-NOC-washout-dish1-010,AA,0,0.834,4.36,375.0,0
S9-AA-NOC-washout-dish1-010,AA,0,0.054,6.54,350.9,1
S9-AA-NOC-washout-dish1-010,AA,0,0.547,9.81,226.5,0
S9-AA-NOC-washout-dish1-010,AA,0,0.15,4.36,412.7,0
S9-AA-NOC-washout-dish1-010,AA,0,0.425,8.72,140.5,0
S9-AA-NOC-washout-dish1-010,AA,0,0.471,8.72,134.7,0
S9-AA-NOC-washout-dish1-010,AA,0,0.309,7.63,310.9,0
S9-AA-NOC-washout-dish1-010,AA,0,0.056,6.54,212.8,1
S9-AA-NOC-washout-dish1-010,AA,0,0.76,5.45,170.0,1
S9-AA-NOC-washout-dish1-010,AA,0,0.767,23.98,214.0,0
S9-AA-NOC-washout-dish1-010,AA,0,0.799,8.72,211.5,1
S9-AA-NOC-washout-dish1-010,AA,0,0.333,9.81,352.3,0
S9-AA-NOC-washout-dish1-010,AA,0,0.546,4.36,246.4,0
S9-AA-NOC-washout-dish1-010,AA,0,0.763,8.72,206.5,1
S9-AA-NOC-washout-dish1-010,AA,0,0.474,15.26,189.5,0
S9-AA-NOC-washout-dish1-010,AA,0,0.438,4.36,448.2,1
S9-AA-NOC-washout-dish1-010,AA,0,0.943,5.45,255.1,0
S9-AA-NOC-washout-dish1-010,AA,0,0.615,28.34,239.9,0
S9-AA-NOC-washout-dish1-010,AA,0,0.995,70.85,95.5,1
S9-AA-NOC-washout-dish1-010,AA,0,0.25,4.36,357.6,0
S9-AA-NOC-washout-dish1-010,AA,0,0.672,4.36,243.5,0
S9-AA-NOC-washout-dish1-010,AA,0,0.573,4.36,298.9,1
S9-AA-NOC-washout-dish1-010,AA,0,0.758,19.62,181.0,0
S9-AA-NOC-washout-dish1-010,AA,0,0.963,19.62,158.9,1
S9-AA-NOC-washout-dish1-010,AA,0,0.657,31.61,287.6,0
S9-AA-NOC-washout-dish1-010,AA,0,0.429,5.45,383.5,0
S9-AA-NOC-washout-dish1-010,AA,0,0.462,9.81,314.2,0
S9-AA-NOC-washout-dish1-010,AA,0,0.419,5.45,250.0,0
S9-AA-NOC-washout-dish1-010,AA,0,0.776,13.08,314.6,0
S9-AA-NOC-washout-dish1-010,AA,0,0.789,64.31,198.6,0
S9-AA-NOC-washout-dish1-010,AA,0,0.461,28.34,211.3,0
S9-AA-NOC-washout-dish1-010,AA,0,0.115,5.45,377.8,0
S9-AA-NOC-washout-dish1-010,AA,0,0.503,8.72,262.8,1
S9-AA-NOC-washout-dish1-010,AA,0,0.867,5.45,220.9,0
S9-AA-NOC-washout-dish1-010,AA,0,0.076,4.36,307.1,0
S9-AA-NOC-washout-dish1-010,AA,0,0.859,17.44,259.1,0
S9-AA-NOC-washout-dish1-010,AA,0,0.446,7.63,367.5,0
S9-AA-NOC-washout-dish1-010,AA,0,0.817,30.52,174.9,1
S9-AA-NOC-washout-dish1-010,AA,0,0.862,11.99,233.6,1
S9-AA-NOC-washout-dish1-010,AA,0,0.134,6.54,383.5,1
S9-AA-NOC-washout-dish1-010,AA,0,0.729,7.63,364.2,1
S9-AA-NOC-washout-dish1-010,AA,0,0.833,4.36,366.3,0
S9-AA-NOC-washout-dish1-010,AA,0,0.061,4.36,263.4,1
S9-AA-NOC-washout-dish1-010,AA,0,0.762,9.81,114.5,1
S9-AA-NOC-washout-dish1-010,AA,0,0.536,4.36,420.8,1
S9-AA-NOC-washout-dish1-010,AA,0,0.682,11.99,229.7,1
S9-AA-NOC-washout-dish1-010,AA,0,0.752,5.45,294.6,0
S9-AA-NOC-washout-dish1-010,AA,0,0.371,4.36,239.2,0
S9-AA-NOC-washout-dish1-010,AA,0,0.113,5.45,294.0,0
S9-AA-NOC-washout-dish1-010,AA,0,0.48,5.45,443.6,1
S9-AA-NOC-washout-dish1-010,AA,0,0.836,16.35,259.8,1
S9-AA-NOC-washout-dish1-010,AA,0,0.928,4.36,268.2,0
S9-AA-NOC-washout-dish1-010,AA,0,0.832,5.45,319.4,0
S9-AA-NOC-washout-dish1-010,AA,0,0.825,9.81,302.2,0
S9-AA-NOC-washout-dish1-010,AA,0,0.775,27.25,189.2,0
S9-AA-NOC-washout-dish1-010,AA,0,0.919,18.53,284.8,0
S9-AA-NOC-washout-dish1-010,AA,0,0.592,4.36,307.3,0
S9-AA-NOC-washout-dish1-010,AA,0,0.1,4.36,236.8,0
S9-AA-NOC-washout-dish1-010,AA,0,0.45,4.36,390.3,0
S9-AA-NOC-washout-dish1-010,AA,0,0.734,15.26,373.8,0
S9-AA-NOC-washout-dish1-010,AA,0,0.364,5.45,209.7,0
S9-AA-NOC-washout-dish1-010,AA,0,0.415,6.54,418.5,0
S9-AA-NOC-washout-dish1-010,AA,0,0.839,13.08,239.2,0
S9-AA-NOC-washout-dish1-010,AA,0,0.879,16.35,141.9,0
S9-AA-NOC-washout-dish1-010,AA,0,0.922,5.45,311.1,0
S9-AA-NOC-washout-dish1-010,AA,0,0.724,7.63,238.8,0
S9-AA-NOC-washout-dish1-010,AA,0,0.529,30.52,179.8,1
S9-AA-NOC-washout-dish1-010,AA,0,0.531,14.17,197.4,0
S9-AA-NOC-washout-dish1-010,AA,0,0.896,10.9,299.4,1
S9-AA-NOC-washout-dish1-010,AA,0,0.943,18.53,227.2,0
S9-AA-NOC-washout-dish1-010,AA,0,0.858,14.17,227.1,0
S9-AA-NOC-washout-dish1-010,AA,0,0.315,4.36,214.3,0
S9-AA-NOC-washout-dish1-010,AA,0,0.317,4.36,326.8,1
S9-AA-NOC-washout-dish1-010,AA,0,0.557,4.36,299.5,1
S9-AA-NOC-washout-dish1-010,AA,0,0.901,8.72,310.8,1
S9-AA-NOC-washout-dish1-010,AA,0,0.877,10.9,337.0,1
S9-AA-NOC-washout-dish1-010,AA,0,0.733,11.99,380.7,1
S9-AA-NOC-washout-dish1-010,AA,0,0.073,4.36,359.7,0
S9-AA-NOC-washout-dish1-010,AA,0,0.826,18.53,236.1,0
S9-AA-NOC-washout-dish1-010,AA,0,0.05,6.54,358.4,0
S9-AA-NOC-washout-dish1-010,AA,0,0.646,5.45,375.5,0
S9-AA-NOC-washout-dish1-010,AA,0,0.602,4.36,259.9,1
S9-AA-NOC-washout-dish1-010,AA,0,0.861,7.63,312.7,1
S9-AA-NOC-washout-dish1-010,AA,0,0.469,19.62,354.3,0
S9-AA-NOC-washout-dish1-010,AA,0,0.349,7.63,375.9,0
S9-AA-NOC-washout-dish1-010,AA,0,0.263,4.36,314.5,1
S9-AA-NOC-washout-dish1-010,AA,0,0.838,9.81,270.4,0
S9-AA-NOC-washout-dish1-010,AA,0,0.905,6.54,265.3,0
S9-AA-NOC-washout-dish1-010,AA,0,0.828,5.45,213.3,1
S9-AA-NOC-washout-dish1-010,AA,0,0.784,34.88,229.3,0
S9-AA-NOC-washout-dish1-010,AA,0,0.622,7.63,229.0,0
S9-AA-NOC-washout-dish1-010,AA,0,0.469,15.26,335.8,0
S9-AA-NOC-washout-dish1-010,AA,0,0.742,5.45,251.2,1
S9-AA-NOC-washout-dish1-010,AA,0,0.369,4.36,391.3,1
S9-AA-NOC-washout-dish1-010,AA,0,0.964,13.08,251.1,1
S9-AA-NOC-washout-dish1-010,AA,0,0.47,9.81,219.7,0
S9-AA-NOC-washout-dish1-010,AA,0,0.258,7.63,234.1,0
S9-AA-NOC-washout-dish1-010,AA,0,0.722,15.26,246.4,0
S9-AA-NOC-washout-dish1-010,AA,0,0.444,7.63,307.7,0
S9-AA-NOC-washout-dish1-010,AA,0,0.895,11.99,234.7,1
S9-AA-NOC-washout-dish1-010,AA,0,0.348,6.54,355.4,0
S9-AA-NOC-washout-dish1-010,AA,0,0.511,4.36,248.4,1
S9-AA-NOC-washout-dish1-010,AA,0,0.237,5.45,221.0,0
S9-AA-NOC-washout-dish1-010,AA,0,0.737,11.99,170.6,0
S9-AA-NOC-washout-dish1-010,AA,0,0.71,25.07,336.9,1
S9-AA-NOC-washout-dish1-010,AA,0,0.608,17.44,128.1,0
S9-AA-NOC-washout-dish1-010,AA,0,0.809,15.26,261.2,0
S9-AA-NOC-washout-dish1-010,AA,0,0.677,42.51,201.1,0
S9-AA-NOC-washout-dish1-010,AA,0,0.958,15.26,164.1,0
S9-AA-NOC-washout-dish1-010,AA,0,0.313,4.36,334.9,0
S9-AA-NOC-washout-dish1-010,AA,0,0.914,6.54,292.9,1
S9-AA-NOC-washout-dish1-010,AA,0,0.465,8.72,314.2,0
S9-AA-NOC-washout-dish1-010,AA,0,0.536,19.62,284.9,0
S9-AA-NOC-washout-dish1-010,AA,0,0.115,9.81,292.2,0
S9-AA-NOC-washout-dish1-010,AA,0,0.107,5.45,229.9,0
S9-AA-NOC-washout-dish1-010,AA,0,0.235,8.72,332.9,1
S9-AA-NOC-washout-dish1-010,AA,0,0.487,23.98,299.9,0
S9-AA-NOC-washout-dish1-010,AA,0,0.456,6.54,238.2,0
S9-AA-NOC-washout-dish1-010,AA,0,0.743,37.06,186.0,1
S9-AA-NOC-washout-dish1-010,AA,0,0.456,20.71,264.0,0
S9-AA-NOC-washout-dish1-010,AA,0,0.88,10.9,238.3,1
S9-AA-NOC-washout-dish1-010,AA,0,0.918,7.63,264.3,0
S9-AA-NOC-washout-dish1-010,AA,0,0.809,7.63,263.9,0
S9-AA-NOC-washout-dish1-010,AA,0,0.983,6.54,215.6,1
S9-AA-NOC-washout-dish1-010,AA,0,0.32,5.45,372.1,1
S9-AA-NOC-washout-dish1-010,AA,0,0.658,6.54,280.2,1
S9-AA-NOC-washout-dish1-010,AA,0,0.749,25.07,136.4,1
S9-AA-NOC-washout-dish1-010,AA,0,0.586,4.36,325.5,0
S9-AA-NOC-washout-dish1-010,AA,0,0.364,5.45,350.0,1
S9-AA-NOC-washout-dish1-010,AA,0,0.394,4.36,287.5,0
S9-AA-NOC-washout-dish1-010,AA,0,0.948,7.63,335.9,1
S9-AA-NOC-washout-dish1-010,AA,0,0.773,5.45,273.3,0
S9-AA-NOC-washout-dish1-010,AA,0,0.966,8.72,254.2,1
S9-AA-NOC-washout-dish1-010,AA,0,0.486,4.36,257.0,0
S9-AA-NOC-washout-dish1-010,AA,0,0.13,4.36,360.3,0
S9-AA-NOC-washout-dish1-010,AA,0,0.837,31.61,240.1,1
S9-AA-NOC-washout-dish1-010,AA,0,0.867,20.71,183.7,0
S9-AA-NOC-washout-dish1-010,AA,0,0.852,30.52,243.8,1
S9-AA-NOC-washout-dish1-010,AA,0,0.455,16.35,210.0,0
S9-AA-NOC-washout-dish1-010,AA,0,0.307,4.36,303.8,0
S9-AA-NOC-washout-dish1-010,AA,0,0.878,19.62,252.8,1
S9-AA-NOC-washout-dish1-010,AA,0,0.6,7.63,271.4,0
S9-AA-NOC-washout-dish1-010,AA,0,0.83,20.71,322.8,1
S9-AA-NOC-washout-dish1-010,AA,0,0.675,4.36,538.1,1
S9-AA-NOC-washout-dish1-010,AA,0,0.583,5.45,349.2,0
S9-AA-NOC-washout-dish1-010,AA,0,0.396,4.36,460.1,0
S9-AA-NOC-washout-dish1-010,AA,0,0.878,13.08,215.9,0
S9-AA-NOC-washout-dish1-010,AA,0,0.789,4.36,444.4,1
S9-AA-NOC-washout-dish1-010,AA,0,0.71,19.62,197.5,0
S9-AA-NOC-washout-dish1-010,AA,0,0.894,17.44,144.6,1
S9-AA-NOC-washout-dish1-010,AA,0,0.737,22.89,248.5,1
S9-AA-NOC-washout-dish1-010,AA,0,0.454,9.81,357.5,1
S9-AA-NOC-washout-dish1-010,AA,0,0.281,14.17,329.9,0
S9-AA-NOC-washout-dish1-010,AA,0,0.96,5.45,186.0,0
S9-AA-NOC-washout-dish1-010,AA,0,0.712,7.63,251.6,1
S9-AA-NOC-washout-dish1-010,AA,0,0.742,9.81,316.3,1
S9-AA-NOC-washout-dish1-010,AA,0,0.398,7.63,305.3,1
S9-AA-NOC-washout-dish1-010,AA,0,0.932,9.81,242.5,1
S9-AA-NOC-washout-dish1-010,AA,0,0.915,29.43,198.5,1
S9-AA-NOC-washout-dish1-010,AA,0,0.801,8.72,343.2,0
S9-AA-NOC-washout-dish1-010,AA,0,0.82,10.9,330.0,0
S9-AA-NOC-washout-dish1-010,AA,0,0.582,32.7,167.1,0
S9-AA-NOC-washout-dish1-010,AA,0,0.783,15.26,274.4,0
S9-AA-NOC-washout-dish1-010,AA,0,0.953,6.54,227.7,1
S9-AA-NOC-washout-dish1-010,AA,0,0.557,6.54,190.0,0
S9-AA-NOC-washout-dish1-010,AA,0,0.623,4.36,421.7,0
S9-AA-NOC-washout-dish1-010,AA,0,0.344,6.54,345.1,0
S9-AA-NOC-washout-dish1-010,AA,0,0.596,6.54,372.6,0
S9-AA-NOC-washout-dish1-010,AA,0,0.292,4.36,508.9,0
S9-AA-NOC-washout-dish1-010,AA,0,0.307,23.98,190.3,1
S9-AA-NOC-washout-dish1-010,AA,0,0.114,5.45,431.2,0
S9-AA-NOC-washout-dish1-010,AA,0,0.735,4.36,320.8,0
S9-AA-NOC-washout-dish1-010,AA,0,0.644,15.26,330.0,0
S9-AA-NOC-washout-dish1-010,AA,0,0.486,16.35,225.5,0
S9-AA-NOC-washout-dish1-010,AA,0,0.524,4.36,291.3,0
S9-AA-NOC-washout-dish1-010,AA,0,0.467,15.26,157.3,0
S9-AA-NOC-washout-dish1-010,AA,0,0.107,17.44,184.9,1
S9-AA-NOC-washout-dish1-010,AA,0,0.953,20.71,201.0,0
S9-AA-NOC-washout-dish1-010,AA,0,0.529,8.72,305.5,1
S9-AA-NOC-washout-dish1-010,AA,0,0.701,4.36,283.9,0
S9-AA-NOC-washout-dish1-010,AA,0,0.044,7.63,344.3,1
S9-AA-NOC-washout-dish1-010,AA,0,0.575,4.36,335.7,1
S9-AA-NOC-washout-dish1-010,AA,0,0.696,11.99,279.2,1
S9-AA-NOC-washout-dish1-010,AA,0,0.43,19.62,235.5,0
S9-AA-NOC-washout-dish1-010,AA,0,0.892,21.8,292.3,0
S9-AA-NOC-washout-dish1-010,AA,0,0.709,8.72,318.9,1
S9-AA-NOC-washout-dish1-010,AA,0,0.726,9.81,242.6,0
S9-AA-NOC-washout-dish1-010,AA,0,0.879,5.45,201.1,0
S9-AA-NOC-washout-dish1-010,AA,0,0.597,8.72,210.7,1
S9-AA-NOC-washout-dish1-010,AA,0,0.371,10.9,291.9,0
S9-AA-NOC-washout-dish1-010,AA,0,0.454,17.44,286.5,1
S9-AA-NOC-washout-dish1-010,AA,0,0.367,7.63,303.6,1
S9-AA-NOC-washout-dish1-010,AA,0,0.743,5.45,221.3,1
S9-AA-NOC-washout-dish1-010,AA,0,0.846,14.17,133.5,1
S9-AA-NOC-washout-dish1-010,AA,0,0.516,6.54,200.5,0
S9-AA-NOC-washout-dish1-010,AA,0,0.461,14.17,223.2,1
S9-AA-NOC-washout-dish1-010,AA,0,0.776,22.89,228.5,0
S9-AA-NOC-washout-dish1-010,AA,0,0.354,22.89,185.6,0
S9-AA-NOC-washout-dish1-010,AA,0,0.425,5.45,407.0,1
S9-AA-NOC-washout-dish1-010,AA,0,0.807,4.36,258.7,1
S9-AA-NOC-washout-dish1-010,AA,0,0.781,23.98,274.1,0
S9-AA-NOC-washout-dish1-010,AA,0,0.536,6.54,265.8,1
S9-AA-NOC-washout-dish1-010,AA,0,0.766,19.62,150.9,1
S9-AA-NOC-washout-dish1-010,AA,0,0.16,5.45,432.2,1
S9-AA-NOC-washout-dish1-010,AA,0,0.548,8.72,167.0,0
S9-AA-NOC-washout-dish1-010,AA,0,0.391,9.81,290.4,1
S9-AA-NOC-washout-dish1-010,AA,0,0.826,18.53,184.4,0
S9-AA-NOC-washout-dish1-010,AA,0,0.194,6.54,395.3,0
S9-AA-NOC-washout-dish1-010,AA,0,0.6,18.53,165.3,1
S9-AA-NOC-washout-dish1-010,AA,0,0.527,4.36,414.6,0
S9-AA-NOC-washout-dish1-010,AA,0,0.833,4.36,212.2,1
S9-AA-NOC-washout-dish1-010,AA,0,0.857,8.72,169.7,0
S9-AA-NOC-washout-dish1-010,AA,0,0.778,19.62,213.9,0
S9-AA-NOC-washout-dish1-010,AA,0,0.941,7.63,165.6,0
S9-AA-NOC-washout-dish1-010,AA,0,0.976,4.36,292.6,0
S9-AA-NOC-washout-dish1-010,AA,0,0.614,14.17,229.8,0
S9-AA-NOC-washout-dish1-010,AA,0,0.818,17.44,254.5,1
S9-AA-NOC-washout-dish1-010,AA,0,0.264,4.36,307.8,0
S9-AA-NOC-washout-dish1-010,AA,0,0.144,15.26,224.9,1
S9-AA-NOC-washout-dish1-010,AA,0,0.848,15.26,215.4,0
S9-AA-NOC-washout-dish1-010,AA,0,0.965,7.63,246.2,1
S9-AA-NOC-washout-dish1-010,AA,0,0.764,16.35,218.7,0
S9-AA-NOC-washout-dish1-010,AA,0,0.904,15.26,276.8,0
S9-AA-NOC-washout-dish1-010,AA,0,0.743,13.08,384.8,1
S9-AA-NOC-washout-dish1-010,AA,0,0.437,11.99,185.0,0
S9-AA-NOC-washout-dish1-010,AA,0,0.658,5.45,419.3,0
S9-AA-NOC-washout-dish1-010,AA,0,0.614,7.63,333.0,1
S9-AA-NOC-washout-dish1-010,AA,0,0.685,6.54,283.9,1
S9-AA-NOC-washout-dish1-010,AA,0,0.703,6.54,371.9,0
S9-AA-NOC-washout-dish1-010,AA,0,0.521,6.54,250.8,0
S9-AA-NOC-washout-dish1-010,AA,0,0.613,6.54,278.7,0
S9-AA-NOC-washout-dish1-010,AA,0,0.408,11.99,266.3,1
S9-AA-NOC-washout-dish1-010,AA,0,0.607,4.36,381.7,0
S9-AA-NOC-washout-dish1-010,AA,0,0.715,11.99,267.5,0
S9-AA-NOC-washout-dish1-010,AA,0,0.851,6.54,201.0,0
S9-AA-NOC-washout-dish1-010,AA,0,0.309,10.9,215.6,1
S9-AA-NOC-washout-dish1-010,AA,0,0.641,11.99,231.1,0
S9-AA-NOC-washout-dish1-010,AA,0,0.705,10.9,314.3,1
S9-AA-NOC-washout-dish1-010,AA,0,0.656,10.9,189.6,1
S9-AA-NOC-washout-dish1-010,AA,0,0.747,9.81,206.1,0
S9-AA-NOC-washout-dish1-010,AA,0,0.526,7.63,378.7,1
S9-AA-NOC-washout-dish1-010,AA,0,0.474,4.36,392.8,0
S9-AA-NOC-washout-dish1-010,AA,0,0.295,5.45,358.2,0
S9-AA-NOC-washout-dish1-010,AA,0,0.895,8.72,183.3,1
S9-AA-NOC-washout-dish1-010,AA,0,0.511,5.45,276.4,0
S9-AA-NOC-washout-dish1-010,AA,0,0.798,7.63,346.9,1
S9-AA-NOC-washout-dish1-010,AA,0,0.98,6.54,224.5,0
S9-AA-NOC-washout-dish1-010,AA,0,0.967,6.54,146.2,0
S9-AA-NOC-washout-dish1-010,AA,0,0.564,5.45,303.4,1
S9-AA-NOC-washout-dish1-010,AA,0,0.448,7.63,305.1,0
S9-AA-NOC-washout-dish1-010,AA,0,0.464,4.36,270.4,1
S9-AA-NOC-washout-dish1-010,AA,0,0.485,5.45,543.6,0
S9-AA-NOC-washout-dish1-010,AA,0,0.736,5.45,191.6,0
S9-AA-NOC-washout-dish1-010,AA,0,0.012,4.36,419.7,1
S9-AA-NOC-washout-dish1-010,AA,0,0.155,4.36,365.4,1
S9-AA-NOC-washout-dish1-010,AA,0,0.884,4.36,308.7,0
S9-AA-NOC-washout-dish1-010,AA,0,0.958,5.45,322.9,1
S9-AA-NOC-washout-dish1-010,AA,0,0.932,5.45,384.3,0
S9-AA-NOC-washout-dish1-010,AA,0,0.786,5.45,350.7,0
S9-AA-NOC-washout-dish1-011,AA,0,0.241,5.45,371.1,1
S9-AA-NOC-washout-dish1-011,AA,0,0.565,4.36,296.8,0
S9-AA-NOC-washout-dish1-011,AA,0,0.457,6.54,281.1,0
S9-AA-NOC-washout-dish1-011,AA,0,0.902,6.54,175.6,0
S9-AA-NOC-washout-dish1-011,AA,0,0.682,29.43,235.0,0
S9-AA-NOC-washout-dish1-011,AA,0,0.543,11.99,328.7,1
S9-AA-NOC-washout-dish1-011,AA,0,0.699,7.63,178.2,1
S9-AA-NOC-washout-dish1-011,AA,0,0.426,9.81,279.6,1
S9-AA-NOC-washout-dish1-011,AA,0,0.481,19.62,163.1,1
S9-AA-NOC-washout-dish1-011,AA,0,0.42,4.36,208.2,0
S9-AA-NOC-washout-dish1-011,AA,0,0.694,21.8,223.3,1
S9-AA-NOC-washout-dish1-011,AA,0,0.753,41.42,238.3,0
S9-AA-NOC-washout-dish1-011,AA,0,0.2,4.36,431.2,1
S9-AA-NOC-washout-dish1-011,AA,0,0.869,6.54,356.5,1
S9-AA-NOC-washout-dish1-011,AA,0,0.684,9.81,303.8,0
S9-AA-NOC-washout-dish1-011,AA,0,0.652,4.36,371.6,0
S9-AA-NOC-washout-dish1-011,AA,0,0.57,7.63,283.1,1
S9-AA-NOC-washout-dish1-011,AA,0,0.149,4.36,224.8,0
S9-AA-NOC-washout-dish1-011,AA,0,0.525,5.45,332.5,1
S9-AA-NOC-washout-dish1-011,AA,0,0.633,4.36,315.4,1
S9-AA-NOC-washout-dish1-011,AA,0,0.264,6.54,332.1,0
S9-AA-NOC-washout-dish1-011,AA,0,0.739,13.08,196.8,1
S9-AA-NOC-washout-dish1-011,AA,0,0.982,27.25,226.8,1
S9-AA-NOC-washout-dish1-011,AA,0,0.86,10.9,253.6,1
S9-AA-NOC-washout-dish1-011,AA,0,0.621,4.36,454.1,0
S9-AA-NOC-washout-dish1-011,AA,0,0.285,11.99,369.9,1
S9-AA-NOC-washout-dish1-011,AA,0,0.917,20.71,134.2,0
S9-AA-NOC-washout-dish1-011,AA,0,0.929,15.26,280.0,0
S9-AA-NOC-washout-dish1-011,AA,0,0.432,5.45,348.0,0
S9-AA-NOC-washout-dish1-011,AA,0,0.985,21.8,194.6,1
S9-AA-NOC-washout-dish1-011,AA,0,0.487,4.36,359.8,0
S9-AA-NOC-washout-dish1-011,AA,0,0.802,6.54,350.8,0
S9-AA-NOC-washout-dish1-011,AA,0,0.465,19.62,250.1,1
S9-AA-NOC-washout-dish1-011,AA,0,0.651,30.52,254.1,0
S9-AA-NOC-washout-dish1-011,AA,0,0.916,19.62,265.3,0
S9-AA-NOC-washout-dish1-011,AA,0,0.748,27.25,243.4,0
S9-AA-NOC-washout-dish1-011,AA,0,0.876,21.8,200.5,0
S9-AA-NOC-washout-dish1-011,AA,0,0.342,11.99,331.9,0
S9-AA-NOC-washout-dish1-011,AA,0,0.466,7.63,336.9,0
S9-AA-NOC-washout-dish1-011,AA,0,0.642,6.54,402.6,1
S9-AA-NOC-washout-dish1-011,AA,0,0.699,16.35,204.6,0
S9-AA-NOC-washout-dish1-011,AA,0,0.603,16.35,160.3,0
S9-AA-NOC-washout-dish1-011,AA,0,0.593,17.44,277.2,0
S9-AA-NOC-washout-dish1-011,AA,0,0.599,10.9,288.8,0
S9-AA-NOC-washout-dish1-011,AA,0,0.096,4.36,361.2,1
S9-AA-NOC-washout-dish1-011,AA,0,0.754,5.45,272.9,1
S9-AA-NOC-washout-dish1-011,AA,0,0.657,13.08,359.7,0
S9-AA-NOC-washout-dish1-011,AA,0,0.557,4.36,313.3,0
S9-AA-NOC-washout-dish1-011,AA,0,0.331,5.45,270.7,0
S9-AA-NOC-washout-dish1-011,AA,0,0.21,8.72,351.4,0
S9-AA-NOC-washout-dish1-011,AA,0,0.246,4.36,288.3,0
S9-AA-NOC-washout-dish1-011,AA,0,0.395,6.54,251.3,0
S9-AA-NOC-washout-dish1-011,AA,0,0.799,7.63,417.7,1
S9-AA-NOC-washout-dish1-011,AA,0,0.783,18.53,318.4,1
S9-AA-NOC-washout-dish1-011,AA,0,0.245,16.35,263.3,1
S9-AA-NOC-washout-dish1-011,AA,0,0.154,39.24,271.7,0
S9-AA-NOC-washout-dish1-011,AA,0,0.718,5.45,240.7,1
S9-AA-NOC-washout-dish1-011,AA,0,0.611,4.36,349.1,0
S9-AA-NOC-washout-dish1-011,AA,0,0.311,11.99,380.2,0
S9-AA-NOC-washout-dish1-011,AA,0,0.558,4.36,272.2,0
S9-AA-NOC-washout-dish1-011,AA,0,0.338,4.36,370.8,0
S9-AA-NOC-washout-dish1-011,AA,0,0.824,7.63,261.6,1
S9-AA-NOC-washout-dish1-011,AA,0,0.863,10.9,237.6,1
S9-AA-NOC-washout-dish1-011,AA,0,0.298,10.9,330.7,0
S9-AA-NOC-washout-dish1-011,AA,0,0.902,7.63,289.2,1
S9-AA-NOC-washout-dish1-011,AA,0,0.67,23.98,281.4,0
S9-AA-NOC-washout-dish1-011,AA,0,0.697,9.81,391.7,0
S9-AA-NOC-washout-dish1-011,AA,0,0.896,56.68,169.4,1
S9-AA-NOC-washout-dish1-011,AA,0,0.207,7.63,285.6,0
S9-AA-NOC-washout-dish1-011,AA,0,0.795,10.9,196.9,0
S9-AA-NOC-washout-dish1-011,AA,0,0.689,10.9,441.5,0
S9-AA-NOC-washout-dish1-011,AA,0,0.474,17.44,287.5,0
S9-AA-NOC-washout-dish1-011,AA,0,0.407,9.81,306.8,1
S9-AA-NOC-washout-dish1-011,AA,0,0.385,8.72,293.0,1
S9-AA-NOC-washout-dish1-011,AA,0,0.944,7.63,363.4,1
S9-AA-NOC-washout-dish1-011,AA,0,0.418,6.54,228.9,0
S9-AA-NOC-washout-dish1-011,AA,0,0.348,4.36,278.8,1
S9-AA-NOC-washout-dish1-011,AA,0,0.261,13.08,362.1,0
S9-AA-NOC-washout-dish1-011,AA,0,0.369,4.36,248.1,0
S9-AA-NOC-washout-dish1-011,AA,0,0.338,4.36,357.0,0
S9-AA-NOC-washout-dish1-011,AA,0,0.074,8.72,377.0,0
S9-AA-NOC-washout-dish1-011,AA,0,0.281,4.36,249.1,0
S9-AA-NOC-washout-dish1-011,AA,0,0.293,13.08,244.9,1
S9-AA-NOC-washout-dish1-011,AA,0,0.537,7.63,394.3,0
S9-AA-NOC-washout-dish1-011,AA,0,0.522,11.99,305.7,0
S9-AA-NOC-washout-dish1-011,AA,0,0.137,11.99,302.6,0
S9-AA-NOC-washout-dish1-011,AA,0,0.885,11.99,140.8,0
S9-AA-NOC-washout-dish1-011,AA,0,0.736,5.45,466.6,1
S9-AA-NOC-washout-dish1-011,AA,0,0.435,4.36,454.0,0
S9-AA-NOC-washout-dish1-011,AA,0,0.53,14.17,306.9,1
S9-AA-NOC-washout-dish1-011,AA,0,0.754,28.34,364.9,0
S9-AA-NOC-washout-dish1-011,AA,0,0.184,4.36,241.5,0
S9-AA-NOC-washout-dish1-011,AA,0,0.967,10.9,194.7,1
S9-AA-NOC-washout-dish1-011,AA,0,0.468,6.54,343.1,1
S9-AA-NOC-washout-dish1-011,AA,0,0.725,7.63,314.0,0
S9-AA-NOC-washout-dish1-011,AA,0,0.3,10.9,294.1,1
S9-AA-NOC-washout-dish1-011,AA,0,0.415,6.54,268.4,1
S9-AA-NOC-washout-dish1-011,AA,0,0.366,4.36,193.6,1
S9-AA-NOC-washout-dish1-011,AA,0,0.122,6.54,334.0,1
S9-AA-NOC-washout-dish1-011,AA,0,0.435,14.17,317.5,1
S9-AA-NOC-washout-dish1-011,AA,0,0.028,6.54,404.8,0
S9-AA-NOC-washout-dish1-011,AA,0,0.344,5.45,404.4,0
S9-AA-NOC-washout-dish1-011,AA,0,0.174,5.45,317.6,1
S9-AA-NOC-washout-dish1-011,AA,0,0.418,6.54,433.1,0
S9-AA-NOC-washout-dish1-011,AA,0,0.551,4.36,215.8,0
S9-AA-NOC-washout-dish1-011,AA,0,0.687,9.81,299.0,0
S9-AA-NOC-washout-dish1-011,AA,0,0.155,7.63,246.9,0
S9-AA-NOC-washout-dish1-011,AA,0,0.381,4.36,312.9,1
S9-AA-NOC-washout-dish1-011,AA,0,0.771,5.45,259.0,1
S9-AA-NOC-washout-dish1-011,AA,0,0.249,9.81,349.2,0
S9-AA-NOC-washout-dish1-011,AA,0,0.383,18.53,374.3,0
S9-AA-NOC-washout-dish1-011,AA,0,0.024,5.45,369.7,0
S9-AA-NOC-washout-dish1-011,AA,0,0.045,5.45,232.3,0
S9-AA-NOC-washout-dish1-011,AA,0,0.617,4.36,276.7,0
S9-AA-NOC-washout-dish1-011,AA,0,0.513,4.36,180.7,0
S9-AA-NOC-washout-dish1-011,AA,0,0.57,4.36,254.4,0
S9-AA-NOC-washout-dish1-011,AA,0,0.832,14.17,344.3,1
S9-AA-NOC-washout-dish1-011,AA,0,0.293,8.72,373.3,0
S9-AA-NOC-washout-dish1-011,AA,0,0.847,23.98,181.1,0
S9-AA-NOC-washout-dish1-011,AA,0,0.341,5.45,244.9,0
S9-AA-NOC-washout-dish1-011,AA,0,0.731,7.63,214.5,1
S9-AA-NOC-washout-dish1-011,AA,0,0.477,7.63,212.5,0
S9-AA-NOC-washout-dish1-011,AA,0,0.548,8.72,277.2,0
S9-AA-NOC-washout-dish1-011,AA,0,0.433,19.62,348.2,0
S9-AA-NOC-washout-dish1-011,AA,0,0.019,4.36,186.0,0
S9-AA-NOC-washout-dish1-011,AA,0,0.215,4.36,340.1,1
S9-AA-NOC-washout-dish1-011,AA,0,0.866,5.45,425.3,0
S9-AA-NOC-washout-dish1-011,AA,0,0.599,9.81,332.5,0
S9-AA-NOC-washout-dish1-011,AA,0,0.463,4.36,281.0,1
S9-AA-NOC-washout-dish1-011,AA,0,0.674,14.17,165.3,0
S9-AA-NOC-washout-dish1-011,AA,0,0.561,7.63,224.9,0
S9-AA-NOC-washout-dish1-011,AA,0,0.403,4.36,444.1,1
S9-AA-NOC-washout-dish1-011,AA,0,0.414,11.99,272.6,1
S9-AA-NOC-washout-dish1-011,AA,0,0.627,4.36,297.1,0
S9-AA-NOC-washout-dish1-011,AA,0,0.377,5.45,418.3,0
S9-AA-NOC-washout-dish1-011,AA,0,0.496,7.63,320.8,1
S9-AA-NOC-washout-dish1-011,AA,0,0.873,17.44,147.0,1
S9-AA-NOC-washout-dish1-011,AA,0,0.497,53.41,278.5,1
S9-AA-NOC-washout-dish1-011,AA,0,0.789,4.36,314.4,0
S9-AA-NOC-washout-dish1-011,AA,0,0.831,69.76,129.8,1
S9-AA-NOC-washout-dish1-011,AA,0,0.645,7.63,430.6,1
S9-AA-NOC-washout-dish1-011,AA,0,0.272,7.63,435.8,0
S9-AA-NOC-washout-dish1-011,AA,0,0.8,6.54,376.1,0
S9-AA-NOC-washout-dish1-011,AA,0,0.984,26.16,158.0,0
S9-AA-NOC-washout-dish1-011,AA,0,0.333,9.81,390.7,1
S9-AA-NOC-washout-dish1-011,AA,0,0.798,5.45,195.5,1
S9-AA-NOC-washout-dish1-011,AA,0,0.55,4.36,512.1,0
S9-AA-NOC-washout-dish1-011,AA,0,0.843,15.26,205.5,0
S9-AA-NOC-washout-dish1-011,AA,0,0.221,14.17,363.2,1
S9-AA-NOC-washout-dish1-011,AA,0,0.097,5.45,310.3,0
S9-AA-NOC-washout-dish1-011,AA,0,0.48,5.45,354.5,0
S9-AA-NOC-washout-dish1-011,AA,0,0.254,8.72,334.4,1
S9-AA-NOC-washout-dish1-011,AA,0,0.456,13.08,318.5,1
S9-AA-NOC-washout-dish1-011,AA,0,0.042,6.54,359.7,0
S9-AA-NOC-washout-dish1-011,AA,0,0.299,7.63,392.7,1
S9-AA-NOC-washout-dish1-011,AA,0,0.182,5.45,335.4,1
S9-AA-NOC-washout-dish1-011,AA,0,0.985,40.33,172.3,0
S9-AA-NOC-washout-dish1-011,AA,0,0.764,4.36,227.5,0
S9-AA-NOC-washout-dish1-011,AA,0,0.936,8.72,126.2,0
S9-AA-NOC-washout-dish1-011,AA,0,0.775,11.99,216.2,0
S9-AA-NOC-washout-dish1-011,AA,0,0.818,7.63,337.7,0
S9-AA-NOC-washout-dish1-011,AA,0,0.045,5.45,398.7,1
S9-AA-NOC-washout-dish1-011,AA,0,0.63,13.08,235.9,1
S9-AA-NOC-washout-dish1-011,AA,0,0.408,4.36,428.2,0
S9-AA-NOC-washout-dish1-011,AA,0,0.29,4.36,358.2,0
S9-AA-NOC-washout-dish1-011,AA,0,0.185,11.99,218.9,1
S9-AA-NOC-washout-dish1-011,AA,0,0.472,21.8,301.7,1
S9-AA-NOC-washout-dish1-011,AA,0,0.837,21.8,200.7,0
S9-AA-NOC-washout-dish1-011,AA,0,0.403,13.08,333.5,0
S9-AA-NOC-washout-dish1-011,AA,0,0.391,10.9,285.5,0
S9-AA-NOC-washout-dish1-011,AA,0,0.95,9.81,359.3,0
S9-AA-NOC-washout-dish1-011,AA,0,0.032,5.45,340.6,0
S9-AA-NOC-washout-dish1-011,AA,0,0.397,5.45,357.5,0
S9-AA-NOC-washout-dish1-011,AA,0,0.69,30.52,219.3,0
S9-AA-NOC-washout-dish1-011,AA,0,0.719,14.17,297.6,1
S9-AA-NOC-washout-dish1-011,AA,0,0.872,45.78,223.4,0
S9-AA-NOC-washout-dish1-011,AA,0,0.302,7.63,264.6,1
S9-AA-NOC-washout-dish1-011,AA,0,0.641,80.66,184.0,1
S9-AA-NOC-washout-dish1-011,AA,0,0.332,9.81,248.8,1
S9-AA-NOC-washout-dish1-011,AA,0,0.567,17.44,270.2,0
S9-AA-NOC-washout-dish1-011,AA,0,0.593,5.45,379.1,0
S9-AA-NOC-washout-dish1-011,AA,0,0.152,4.36,392.3,1
S9-AA-NOC-washout-dish1-011,AA,0,0.63,11.99,299.1,0
S9-AA-NOC-washout-dish1-011,AA,0,0.34,7.63,335.1,0
S9-AA-NOC-washout-dish1-011,AA,0,0.749,18.53,308.9,1
S9-AA-NOC-washout-dish1-011,AA,0,0.518,9.81,379.3,0
S9-AA-NOC-washout-dish1-011,AA,0,0.65,4.36,343.7,1
S9-AA-NOC-washout-dish1-011,AA,0,0.501,9.81,298.3,0
S9-AA-NOC-washout-dish1-011,AA,0,0.679,15.26,354.5,0
S9-AA-NOC-washout-dish1-011,AA,0,0.557,16.35,344.7,1
S9-AA-NOC-washout-dish1-011,AA,0,0.259,5.45,267.6,0
S9-AA-NOC-washout-dish1-011,AA,0,0.198,14.17,346.1,1
S9-AA-NOC-washout-dish1-011,AA,0,0.365,5.45,338.0,1
S9-AA-NOC-washout-dish1-011,AA,0,0.843,39.24,206.6,0
S9-AA-NOC-washout-dish1-011,AA,0,0.878,51.23,180.6,0
S9-AA-NOC-washout-dish1-011,AA,0,0.824,27.25,290.6,0
S9-AA-NOC-washout-dish1-011,AA,0,0.823,5.45,182.2,0
S9-AA-NOC-washout-dish1-011,AA,0,0.028,6.54,347.7,0
S9-AA-NOC-washout-dish1-011,AA,0,0.182,6.54,342.0,0
S9-AA-NOC-washout-dish1-011,AA,0,0.778,11.99,275.6,0
S9-AA-NOC-washout-dish1-011,AA,0,0.757,22.89,201.6,0
S9-AA-NOC-washout-dish1-011,AA,0,0.356,4.36,266.3,0
S9-AA-NOC-washout-dish1-011,AA,0,0.473,9.81,361.3,1
S9-AA-NOC-washout-dish1-011,AA,0,0.326,8.72,222.9,0
S9-AA-NOC-washout-dish1-011,AA,0,0.055,8.72,298.3,1
S9-AA-NOC-washout-dish1-011,AA,0,0.222,10.9,196.8,1
S9-AA-NOC-washout-dish1-011,AA,0,0.243,5.45,294.6,0
S9-AA-NOC-washout-dish1-011,AA,0,0.346,5.45,405.0,1
S9-AA-NOC-washout-dish1-011,AA,0,0.507,8.72,214.4,0
S9-AA-NOC-washout-dish1-011,AA,0,0.162,5.45,178.6,1
S9-AA-NOC-washout-dish1-011,AA,0,0.059,5.45,315.5,1
S9-AA-NOC-washout-dish1-011,AA,0,0.185,4.36,269.4,0
S9-AA-NOC-washout-dish1-011,AA,0,0.192,5.45,382.4,1
S9-AA-NOC-washout-dish1-011,AA,0,0.264,4.36,386.5,1
S9-AA-NOC-washout-dish1-011,AA,0,0.445,5.45,396.8,1
S9-AA-NOC-washout-dish1-011,AA,0,0.76,11.99,254.1,0
S9-AA-NOC-washout-dish1-011,AA,0,0.48,8.72,268.3,0
S9-AA-NOC-washout-dish1-011,AA,0,0.763,4.36,321.8,1
S9-AA-NOC-washout-dish1-011,AA,0,0.92,21.8,268.4,1
S9-AA-NOC-washout-dish1-011,AA,0,0.89,5.45,245.2,0
S9-AA-NOC-washout-dish1-011,AA,0,0.724,6.54,268.5,0
S9-AA-NOC-washout-dish1-011,AA,0,0.824,6.54,391.3,1
S9-AA-NOC-washout-dish1-011,AA,0,0.887,26.16,182.4,1
S9-AA-NOC-washout-dish1-011,AA,0,0.295,6.54,398.3,0
S9-AA-NOC-washout-dish1-011,AA,0,0.86,26.16,259.7,0
S9-AA-NOC-washout-dish1-011,AA,0,0.051,5.45,206.0,0
S9-AA-NOC-washout-dish1-011,AA,0,0.519,35.97,240.9,0
S9-AA-NOC-washout-dish1-011,AA,0,0.856,4.36,158.8,0
S9-AA-NOC-washout-dish1-011,AA,0,0.738,6.54,321.9,1
S9-AA-NOC-washout-dish1-011,AA,0,0.234,4.36,411.7,0
S9-AA-NOC-washout-dish1-011,AA,0,0.824,30.52,216.0,0
S9-AA-NOC-washout-dish1-011,AA,0,0.527,8.72,294.7,1
S9-AA-NOC-washout-dish1-011,AA,0,0.743,4.36,164.2,0
S9-AA-NOC-washout-dish1-011,AA,0,0.591,18.53,365.7,0
S9-AA-NOC-washout-dish1-011,AA,0,0.719,7.63,215.4,0
S9-AA-NOC-washout-dish1-011,AA,0,0.384,10.9,325.5,0
S9-AA-NOC-washout-dish1-011,AA,0,0.303,4.36,315.8,0
S9-AA-NOC-washout-dish1-011,AA,0,0.366,19.62,319.2,0
S9-AA-NOC-washout-dish1-011,AA,0,0.767,7.63,290.4,1
S9-AA-NOC-washout-dish1-011,AA,0,0.537,7.63,400.3,0
S9-AA-NOC-washout-dish1-011,AA,0,0.534,4.36,484.4,1
S9-AA-NOC-washout-dish1-011,AA,0,0.672,9.81,187.9,1
S9-AA-NOC-washout-dish1-011,AA,0,0.848,4.36,347.2,1
S9-AA-NOC-washout-dish1-011,AA,0,0.627,7.63,302.0,0
S9-AA-NOC-washout-dish1-011,AA,0,0.339,8.72,326.3,1
S9-AA-NOC-washout-dish1-011,AA,0,0.941,4.36,381.9,1
S9-AA-NOC-washout-dish1-011,AA,0,0.786,15.26,205.3,1
S9-AA-NOC-washout-dish1-011,AA,0,0.865,6.54,304.8,0
S9-AA-NOC-washout-dish1-011,AA,0,0.241,4.36,406.5,0
S9-AA-NOC-washout-dish1-011,AA,0,0.175,4.36,272.7,0
S9-AA-NOC-washout-dish1-011,AA,0,0.67,15.26,241.7,1
S9-AA-NOC-washout-dish1-011,AA,0,0.106,9.81,346.4,1
S9-AA-NOC-washout-dish1-011,AA,0,0.776,6.54,231.3,1
S9-AA-NOC-washout-dish1-011,AA,0,0.21,5.45,277.1,0
S9-AA-NOC-washout-dish1-011,AA,0,0.335,4.36,321.9,0
S9-AA-NOC-washout-dish1-011,AA,0,0.487,11.99,193.9,0
S9-AA-NOC-washout-dish1-011,AA,0,0.334,6.54,167.1,0
S9-AA-NOC-washout-dish1-011,AA,0,0.77,15.26,203.3,0
S9-AA-NOC-washout-dish1-011,AA,0,0.08,9.81,284.0,1
S9-AA-NOC-washout-dish1-011,AA,0,0.873,29.43,222.0,1
S9-AA-NOC-washout-dish1-011,AA,0,0.644,18.53,186.2,0
S9-AA-NOC-washout-dish1-011,AA,0,0.861,9.81,263.8,0
S9-AA-NOC-washout-dish1-011,AA,0,0.333,20.71,326.1,1
S9-AA-NOC-washout-dish1-011,AA,0,0.797,4.36,228.3,0
S9-AA-NOC-washout-dish1-011,AA,0,0.321,4.36,326.1,0
S9-AA-NOC-washout-dish1-011,AA,0,0.51,10.9,168.3,0
S9-AA-NOC-washout-dish1-011,AA,0,0.315,4.36,410.2,1
S9-AA-NOC-washout-dish1-011,AA,0,0.35,4.36,464.2,0
S9-AA-NOC-washout-dish1-011,AA,0,0.351,10.9,309.8,0
S9-AA-NOC-washout-dish1-011,AA,0,0.793,25.07,274.2,0
S9-AA-NOC-washout-dish1-011,AA,0,0.515,6.54,193.9,0
S9-AA-NOC-washout-dish1-011,AA,0,0.947,20.71,237.8,1
S9-AA-NOC-washout-dish1-011,AA,0,0.498,4.36,333.7,0
S9-AA-NOC-washout-dish1-011,AA,0,0.029,4.36,315.6,1
S9-AA-NOC-washout-dish1-011,AA,0,0.369,13.08,323.4,1
S9-AA-NOC-washout-dish1-011,AA,0,0.422,7.63,380.7,0
S9-AA-NOC-washout-dish1-011,AA,0,0.197,6.54,237.1,1
S9-AA-NOC-washout-dish1-011,AA,0,0.782,8.72,248.2,0
S9-AA-NOC-washout-dish1-011,AA,0,0.932,26.16,191.6,1
S9-AA-NOC-washout-dish1-011,AA,0,0.507,6.54,345.3,0
S9-AA-NOC-washout-dish1-011,AA,0,0.644,7.63,242.3,0
S9-AA-NOC-washout-dish1-011,AA,0,0.848,17.44,296.8,1
S9-AA-NOC-washout-dish1-011,AA,0,0.704,6.54,354.4,0
S9-AA-NOC-washout-dish1-011,AA,0,0.856,29.43,254.9,0
S9-AA-NOC-washout-dish1-011,AA,0,0.084,6.54,229.3,0
S9-AA-NOC-washout-dish1-011,AA,0,0.513,11.99,266.2,0
S9-AA-NOC-washout-dish1-011,AA,0,0.719,11.99,211.8,1
S9-AA-NOC-washout-dish1-011,AA,0,0.25,13.08,313.9,1
S9-AA-NOC-washout-dish1-011,AA,0,0.88,23.98,252.3,0
S9-AA-NOC-washout-dish1-011,AA,0,0.897,14.17,252.1,1
S9-AA-NOC-washout-dish1-011,AA,0,0.515,8.72,342.2,0
S9-AA-NOC-washout-dish1-011,AA,0,0.217,16.35,262.9,1
S9-AA-NOC-washout-dish1-011,AA,0,0.668,4.36,217.5,0
S9-AA-NOC-washout-dish1-011,AA,0,0.541,5.45,409.9,0
S9-AA-NOC-washout-dish1-011,AA,0,0.802,28.34,371.5,0
S9-AA-NOC-washout-dish1-011,AA,0,0.693,5.45,401.1,1
S9-AA-NOC-washout-dish1-011,AA,0,0.502,11.99,302.9,1
S9-AA-NOC-washout-dish1-011,AA,0,0.507,5.45,396.1,1
S9-AA-NOC-washout-dish1-011,AA,0,0.245,10.9,237.7,1
S9-AA-NOC-washout-dish1-011,AA,0,0.324,13.08,348.2,0
S9-AA-NOC-washout-dish1-011,AA,0,0.647,13.08,223.6,0
S9-AA-NOC-washout-dish1-011,AA,0,0.186,5.45,382.1,0
S9-AA-NOC-washout-dish1-011,AA,0,0.248,4.36,399.6,0
S9-AA-NOC-washout-dish1-011,AA,0,0.94,23.98,217.1,0
S9-AA-NOC-washout-dish1-011,AA,0,0.985,45.78,108.1,1
S9-AA-NOC-washout-dish1-011,AA,0,0.638,13.08,197.3,1
S9-AA-NOC-washout-dish1-011,AA,0,0.197,29.43,338.8,0
S9-AA-NOC-washout-dish1-011,AA,0,0.398,13.08,219.2,0
S9-AA-NOC-washout-dish1-011,AA,0,0.037,6.54,342.2,0
S9-AA-NOC-washout-dish1-011,AA,0,0.136,4.36,439.4,0
S9-AA-NOC-washout-dish1-011,AA,0,0.522,14.17,309.2,0
S9-AA-NOC-washout-dish1-011,AA,0,0.414,4.36,330.4,1
S9-AA-NOC-washout-dish1-011,AA,0,0.522,10.9,330.4,0
S9-AA-NOC-washout-dish1-011,AA,0,0.438,8.72,288.3,0
S9-AA-NOC-washout-dish1-011,AA,0,0.081,7.63,342.6,1
S9-AA-NOC-washout-dish1-011,AA,0,0.312,4.36,283.5,0
S9-AA-NOC-washout-dish1-011,AA,0,0.543,4.36,323.6,0
S9-AA-NOC-washout-dish1-011,AA,0,0.307,16.35,299.0,1
S9-AA-NOC-washout-dish1-011,AA,0,0.511,41.42,264.0,0
S9-AA-NOC-washout-dish1-011,AA,0,0.226,13.08,376.1,0
S9-AA-NOC-washout-dish1-011,AA,0,0.567,11.99,282.3,1
S9-AA-NOC-washout-dish1-011,AA,0,0.684,18.53,195.8,0
S9-AA-NOC-washout-dish1-011,AA,0,0.827,5.45,340.1,1
S9-AA-NOC-washout-dish1-011,AA,0,0.664,6.54,216.8,0
S9-AA-NOC-washout-dish1-011,AA,0,0.067,10.9,314.5,0
S9-AA-NOC-washout-dish1-011,AA,0,0.534,20.71,266.5,0
S9-AA-NOC-washout-dish1-011,AA,0,0.598,6.54,256.8,0
S9-AA-NOC-washout-dish1-011,AA,0,0.459,9.81,302.6,1
S9-AA-NOC-washout-dish1-011,AA,0,0.243,11.99,289.4,0
S9-AA-NOC-washout-dish1-011,AA,0,0.75,4.36,336.4,0
S9-AA-NOC-washout-dish1-011,AA,0,0.537,5.45,290.6,1
S9-AA-NOC-washout-dish1-011,AA,0,0.493,31.61,197.1,1
S9-AA-NOC-washout-dish1-011,AA,0,0.108,13.08,240.7,0
S9-AA-NOC-washout-dish1-011,AA,0,0.331,7.63,260.0,0
S9-AA-NOC-washout-dish1-011,AA,0,0.715,10.9,309.7,0
S9-AA-NOC-washout-dish1-011,AA,0,0.307,8.72,288.2,1
S9-AA-NOC-washout-dish1-011,AA,0,0.188,4.36,323.1,0
S9-AA-NOC-washout-dish1-011,AA,0,0.354,7.63,289.2,1
S9-AA-NOC-washout-dish1-011,AA,0,0.29,13.08,246.1,0
S9-AA-NOC-washout-dish1-011,AA,0,0.589,20.71,232.6,0
S9-AA-NOC-washout-dish1-011,AA,0,0.935,15.26,224.1,0
S9-AA-NOC-washout-dish1-011,AA,0,0.946,6.54,328.9,0
S9-AA-NOC-washout-dish1-011,AA,0,0.168,8.72,306.5,0
S9-AA-NOC-washout-dish1-011,AA,0,0.031,14.17,328.7,0
S9-AA-NOC-washout-dish1-011,AA,0,0.75,6.54,377.3,0
S9-AA-NOC-washout-dish1-011,AA,0,0.147,4.36,291.9,0
S9-AA-NOC-washout-dish1-011,AA,0,0.677,4.36,152.8,1
S9-AA-NOC-washout-dish1-011,AA,0,0.407,6.54,412.3,1
S9-AA-NOC-washout-dish1-011,AA,0,0.302,7.63,334.2,1
S9-AA-NOC-washout-dish1-011,AA,0,0.505,6.54,367.1,0
S9-AA-NOC-washout-dish1-011,AA,0,0.915,5.45,252.7,0
S9-AA-NOC-washout-dish1-011,AA,0,0.715,31.61,191.0,0
S9-AA-NOC-washout-dish1-011,AA,0,0.629,7.63,295.5,0
S9-AA-NOC-washout-dish1-011,AA,0,0.719,7.63,246.6,1
S9-AA-NOC-washout-dish1-011,AA,0,0.165,15.26,322.6,0
S9-AA-NOC-washout-dish1-011,AA,0,0.803,6.54,291.8,0
S9-AA-NOC-washout-dish1-011,AA,0,0.035,5.45,357.6,1
S9-AA-NOC-washout-dish1-011,AA,0,0.513,22.89,313.9,0
S9-AA-NOC-washout-dish1-011,AA,0,0.856,34.88,228.4,0
S9-AA-NOC-washout-dish1-011,AA,0,0.2,5.45,172.5,1
S9-AA-NOC-washout-dish1-011,AA,0,0.911,16.35,232.6,0
S9-AA-NOC-washout-dish1-011,AA,0,0.677,7.63,270.4,1
S9-AA-NOC-washout-dish1-011,AA,0,0.402,18.53,396.4,0
S9-AA-NOC-washout-dish1-011,AA,0,0.289,4.36,360.0,1
S9-AA-NOC-washout-dish1-011,AA,0,0.045,8.72,330.0,0
S9-AA-NOC-washout-dish1-011,AA,0,0.016,4.36,314.0,0
S9-AA-NOC-washout-dish1-011,AA,0,0.319,4.36,194.5,0
S9-AA-NOC-washout-dish1-011,AA,0,0.379,9.81,323.9,1
S9-AA-NOC-washout-dish1-011,AA,0,0.437,4.36,137.9,0
S9-AA-NOC-washout-dish1-011,AA,0,0.338,8.72,350.8,0
S9-AA-NOC-washout-dish1-011,AA,0,0.818,6.54,383.6,0
S9-AA-NOC-washout-dish1-011,AA,0,0.262,6.54,307.9,1
S9-AA-NOC-washout-dish1-011,AA,0,0.671,7.63,195.7,0
S9-AA-NOC-washout-dish1-011,AA,0,0.576,9.81,370.0,0
S9-AA-NOC-washout-dish1-011,AA,0,0.208,4.36,284.5,0
S9-AA-NOC-washout-dish1-011,AA,0,0.851,10.9,286.9,0
S9-AA-NOC-washout-dish1-011,AA,0,0.496,55.59,204.0,0
S9-AA-NOC-washout-dish1-011,AA,0,0.41,4.36,404.8,0
S9-AA-NOC-washout-dish1-011,AA,0,0.604,10.9,305.1,0
S9-AA-NOC-washout-dish1-011,AA,0,0.807,5.45,289.6,1
S9-AA-NOC-washout-dish1-011,AA,0,0.654,6.54,226.9,0
S9-AA-NOC-washout-dish1-011,AA,0,0.708,23.98,248.8,0
S9-AA-NOC-washout-dish1-011,AA,0,0.753,7.63,313.8,0
S9-AA-NOC-washout-dish1-011,AA,0,0.277,5.45,228.7,0
S9-AA-NOC-washout-dish1-011,AA,0,0.243,5.45,326.0,0
S9-AA-NOC-washout-dish1-011,AA,0,0.353,4.36,408.8,0
S9-AA-NOC-washout-dish1-011,AA,0,0.148,10.9,268.4,1
S9-AA-NOC-washout-dish1-011,AA,0,0.293,7.63,388.0,0
S9-AA-NOC-washout-dish1-011,AA,0,0.436,4.36,274.2,0
S9-AA-NOC-washout-dish1-011,AA,0,0.5,6.54,234.3,0
S9-AA-NOC-washout-dish1-011,AA,0,0.313,4.36,406.1,1
S9-AA-NOC-washout-dish1-011,AA,0,0.566,18.53,265.6,0
S9-AA-NOC-washout-dish1-011,AA,0,0.576,4.36,351.1,0
S9-AA-NOC-washout-dish1-011,AA,0,0.668,8.72,320.5,0
S9-AA-NOC-washout-dish1-011,AA,0,0.807,5.45,310.2,1
S9-AA-NOC-washout-dish1-011,AA,0,0.581,25.07,198.6,0
S9-AA-NOC-washout-dish1-011,AA,0,0.503,9.81,355.4,0
S9-AA-NOC-washout-dish1-011,AA,0,0.572,7.63,282.8,0
S9-AA-NOC-washout-dish1-011,AA,0,0.15,4.36,293.8,0
S9-AA-NOC-washout-dish1-011,AA,0,0.323,5.45,305.3,1
S9-AA-NOC-washout-dish1-011,AA,0,0.134,4.36,323.6,0
S9-AA-NOC-washout-dish1-011,AA,0,0.031,13.08,244.4,0
S9-AA-NOC-washout-dish1-011,AA,0,0.29,5.45,314.9,1
S9-AA-NOC-washout-dish1-011,AA,0,0.936,43.6,192.0,0
S9-AA-NOC-washout-dish1-011,AA,0,0.265,8.72,271.1,0
S9-AA-NOC-washout-dish1-011,AA,0,0.608,7.63,386.8,1
S9-AA-NOC-washout-dish1-011,AA,0,0.84,20.71,259.0,0
S9-AA-NOC-washout-dish1-011,AA,0,0.107,4.36,277.0,0
S9-AA-NOC-washout-dish1-011,AA,0,0.371,5.45,300.4,1
S9-AA-NOC-washout-dish1-011,AA,0,0.382,8.72,305.9,1
S9-AA-NOC-washout-dish1-011,AA,0,0.26,4.36,335.2,1
S9-AA-NOC-washout-dish1-011,AA,0,0.676,10.9,330.3,0
S9-AA-NOC-washout-dish1-011,AA,0,0.404,9.81,370.7,0
S9-AA-NOC-washout-dish1-011,AA,0,0.501,5.45,442.1,1
S9-AA-NOC-washout-dish1-011,AA,0,0.99,52.32,120.8,0
S9-AA-NOC-washout-dish1-011,AA,0,0.083,4.36,309.9,0
S9-AA-NOC-washout-dish1-011,AA,0,0.282,7.63,280.4,0
S9-AA-NOC-washout-dish1-011,AA,0,0.846,13.08,264.1,0
S9-AA-NOC-washout-dish1-011,AA,0,0.236,13.08,264.3,1
S9-AA-NOC-washout-dish1-011,AA,0,0.287,4.36,363.5,1
S9-AA-NOC-washout-dish1-011,AA,0,0.833,11.99,249.1,1
S9-AA-NOC-washout-dish1-011,AA,0,0.504,5.45,229.4,1
S9-AA-NOC-washout-dish1-011,AA,0,0.299,18.53,272.7,0
S9-AA-NOC-washout-dish1-011,AA,0,0.087,4.36,370.5,1
S9-AA-NOC-washout-dish1-011,AA,0,0.213,4.36,291.5,1
S9-AA-NOC-washout-dish1-011,AA,0,0.492,5.45,214.5,1
S9-AA-NOC-washout-dish1-011,AA,0,0.915,11.99,325.0,0
S9-AA-NOC-washout-dish1-011,AA,0,0.908,13.08,228.6,0
S9-AA-NOC-washout-dish1-011,AA,0,0.968,45.78,184.0,0
S9-AA-NOC-washout-dish1-011,AA,0,0.66,5.45,322.1,1
S9-AA-NOC-washout-dish1-011,AA,0,0.796,11.99,189.7,0
S9-AA-NOC-washout-dish1-011,AA,0,0.746,11.99,274.6,0
S9-AA-NOC-washout-dish1-011,AA,0,0.76,8.72,210.1,0
S9-AA-NOC-washout-dish1-011,AA,0,0.215,6.54,347.8,0
S9-AA-NOC-washout-dish1-011,AA,0,0.478,7.63,193.0,1
S9-AA-NOC-washout-dish1-011,AA,0,0.859,5.45,337.3,0
S9-AA-NOC-washout-dish1-011,AA,0,0.269,9.81,403.8,0
S9-AA-NOC-washout-dish1-011,AA,0,0.427,4.36,265.4,1
S9-AA-NOC-washout-dish1-011,AA,0,0.607,14.17,306.4,0
S9-AA-NOC-washout-dish1-011,AA,0,0.179,7.63,310.0,0
S9-AA-NOC-washout-dish1-011,AA,0,0.589,9.81,317.2,0
S9-AA-NOC-washout-dish1-011,AA,0,0.81,20.71,311.7,0
S9-AA-NOC-washout-dish1-011,AA,0,0.623,8.72,278.1,0
S9-AA-NOC-washout-dish1-011,AA,0,0.828,13.08,303.4,1
S9-AA-NOC-washout-dish1-011,AA,0,0.272,6.54,375.6,0
S9-AA-NOC-washout-dish1-011,AA,0,0.707,13.08,275.9,1
S9-AA-NOC-washout-dish1-011,AA,0,0.531,8.72,252.9,1
S9-AA-NOC-washout-dish1-011,AA,0,0.28,5.45,512.8,1
S9-AA-NOC-washout-dish1-011,AA,0,0.919,9.81,260.5,0
S9-AA-NOC-washout-dish1-011,AA,0,0.452,20.71,264.6,1
S9-AA-NOC-washout-dish1-011,AA,0,0.425,4.36,266.7,0
S9-AA-NOC-washout-dish1-011,AA,0,0.068,5.45,252.0,0
S9-AA-NOC-washout-dish1-011,AA,0,0.017,5.45,374.9,0
S9-AA-NOC-washout-dish1-011,AA,0,0.47,13.08,240.2,1
S9-AA-NOC-washout-dish1-011,AA,0,0.291,5.45,427.5,1
S9-AA-NOC-washout-dish1-011,AA,0,0.705,9.81,306.6,0
S9-AA-NOC-washout-dish1-011,AA,0,0.356,4.36,369.4,0
S9-AA-NOC-washout-dish1-011,AA,0,0.607,6.54,293.5,1
S9-AA-NOC-washout-dish1-011,AA,0,0.435,11.99,260.8,1
S9-AA-NOC-washout-dish1-011,AA,0,0.583,9.81,339.1,0
S9-AA-NOC-washout-dish1-011,AA,0,0.286,5.45,459.3,0
S9-AA-NOC-washout-dish1-011,AA,0,0.291,5.45,380.8,0
S9-AA-NOC-washout-dish1-011,AA,0,0.57,7.63,276.3,0
S9-AA-NOC-washout-dish1-011,AA,0,0.268,4.36,439.9,1
S9-AA-NOC-washout-dish1-011,AA,0,0.178,6.54,346.5,1
S9-AA-NOC-washout-dish1-011,AA,0,0.499,4.36,409.5,0
S9-AA-NOC-washout-dish1-011,AA,0,0.231,5.45,166.3,1
S9-AA-NOC-washout-dish1-011,AA,0,0.84,19.62,192.1,0
S9-AA-NOC-washout-dish1-011,AA,0,0.228,9.81,316.0,1
S9-AA-NOC-washout-dish1-011,AA,0,0.629,7.63,326.9,0
S9-AA-NOC-washout-dish1-011,AA,0,0.556,10.9,258.0,0
S9-AA-NOC-washout-dish1-011,AA,0,0.439,8.72,281.7,0
S9-AA-NOC-washout-dish1-011,AA,0,0.348,10.9,428.2,1
S9-AA-NOC-washout-dish1-011,AA,0,0.754,29.43,244.4,0
S9-AA-NOC-washout-dish1-011,AA,0,0.413,11.99,335.1,0
S9-AA-NOC-washout-dish1-011,AA,0,0.892,21.8,265.7,1
S9-AA-NOC-washout-dish1-011,AA,0,0.096,8.72,307.6,0
S9-AA-NOC-washout-dish1-011,AA,0,0.039,11.99,410.2,0
S9-AA-NOC-washout-dish1-011,AA,0,0.499,35.97,193.5,1
S9-AA-NOC-washout-dish1-011,AA,0,0.526,5.45,369.7,1
S9-AA-NOC-washout-dish1-011,AA,0,0.88,16.35,272.9,0
S9-AA-NOC-washout-dish1-011,AA,0,0.08,6.54,235.6,1
S9-AA-NOC-washout-dish1-011,AA,0,0.04,6.54,429.8,0
S9-AA-NOC-washout-dish1-011,AA,0,0.624,7.63,255.6,0
S9-AA-NOC-washout-dish1-011,AA,0,0.321,4.36,256.4,0
S9-AA-NOC-washout-dish1-011,AA,0,0.375,7.63,257.5,0
S9-AA-NOC-washout-dish1-011,AA,0,0.901,10.9,257.2,0
S9-AA-NOC-washout-dish1-011,AA,0,0.686,22.89,237.5,0
S9-AA-NOC-washout-dish1-011,AA,0,0.783,5.45,355.8,0
S9-AA-NOC-washout-dish1-011,AA,0,0.493,4.36,329.5,0
S9-AA-NOC-washout-dish1-011,AA,0,0.379,7.63,424.0,0
S9-AA-NOC-washout-dish1-011,AA,0,0.511,8.72,238.8,1
S9-AA-NOC-washout-dish1-011,AA,0,0.761,11.99,183.8,0
S9-AA-NOC-washout-dish1-011,AA,0,0.2,9.81,381.7,0
S9-AA-NOC-washout-dish1-011,AA,0,0.321,8.72,330.7,0
S9-AA-NOC-washout-dish1-011,AA,0,0.158,18.53,268.4,0
S9-AA-NOC-washout-dish1-011,AA,0,0.723,9.81,266.7,1
S9-AA-NOC-washout-dish1-011,AA,0,0.091,9.81,346.4,0
S9-AA-NOC-washout-dish1-011,AA,0,0.412,4.36,231.5,0
S9-AA-NOC-washout-dish1-011,AA,0,0.923,29.43,211.3,1
S9-AA-NOC-washout-dish1-011,AA,0,0.019,5.45,301.7,0
S9-AA-NOC-washout-dish1-011,AA,0,0.033,4.36,365.6,0
S9-AA-NOC-washout-dish1-011,AA,0,0.417,7.63,365.2,0
S9-AA-NOC-washout-dish1-011,AA,0,0.894,5.45,180.1,0
S9-AA-NOC-washout-dish1-011,AA,0,0.419,22.89,251.8,0
S9-AA-NOC-washout-dish1-011,AA,0,0.277,16.35,284.3,0
S9-AA-NOC-washout-dish1-011,AA,0,0.542,5.45,200.0,0
S9-AA-NOC-washout-dish1-011,AA,0,0.382,14.17,302.0,1
S9-AA-NOC-washout-dish1-011,AA,0,0.479,6.54,529.7,0
S9-AA-NOC-washout-dish1-011,AA,0,0.793,6.54,232.3,0
S9-AA-NOC-washout-dish1-011,AA,0,0.289,19.62,372.7,0
S9-AA-NOC-washout-dish1-011,AA,0,0.206,7.63,397.2,1
S9-AA-NOC-washout-dish1-011,AA,0,0.857,11.99,310.2,1
S9-AA-NOC-washout-dish1-011,AA,0,0.367,5.45,313.1,1
S9-AA-NOC-washout-dish1-011,AA,0,0.741,27.25,256.7,0
S9-AA-NOC-washout-dish1-011,AA,0,0.572,5.45,267.5,1
S9-AA-NOC-washout-dish1-011,AA,0,0.792,5.45,212.1,0
S9-AA-NOC-washout-dish1-011,AA,0,0.18,9.81,362.3,1
S9-AA-NOC-washout-dish1-011,AA,0,0.664,10.9,343.2,0
S9-AA-NOC-washout-dish1-011,AA,0,0.517,8.72,423.2,1
S9-AA-NOC-washout-dish1-011,AA,0,0.571,17.44,192.8,1
S9-AA-NOC-washout-dish1-011,AA,0,0.155,5.45,368.3,0
S9-AA-NOC-washout-dish1-011,AA,0,0.792,10.9,251.0,0
S9-AA-NOC-washout-dish1-011,AA,0,0.408,8.72,284.5,0
S9-AA-NOC-washout-dish1-011,AA,0,0.701,9.81,338.1,0
S9-AA-NOC-washout-dish1-011,AA,0,0.515,17.44,333.4,0
S9-AA-NOC-washout-dish1-011,AA,0,0.327,5.45,267.9,0
S9-AA-NOC-washout-dish1-011,AA,0,0.665,5.45,255.1,0
S9-AA-NOC-washout-dish1-011,AA,0,0.11,5.45,467.6,1
S9-AA-NOC-washout-dish1-011,AA,0,0.632,5.45,326.1,1
S9-AA-NOC-washout-dish1-011,AA,0,0.49,6.54,427.5,0
S9-AA-NOC-washout-dish1-011,AA,0,0.765,21.8,181.1,1
S9-AA-NOC-washout-dish1-011,AA,0,0.194,5.45,337.1,0
S9-AA-NOC-washout-dish1-011,AA,0,0.351,7.63,337.9,1
S9-AA-NOC-washout-dish1-011,AA,0,0.825,10.9,251.5,1
S9-AA-NOC-washout-dish1-011,AA,0,0.034,5.45,412.3,0
S9-AA-NOC-washout-dish1-011,AA,0,0.034,13.08,372.6,0
S9-AA-NOC-washout-dish1-011,AA,0,0.237,4.36,261.7,0
S9-AA-NOC-washout-dish1-011,AA,0,0.811,20.71,235.6,0
S9-AA-NOC-washout-dish1-011,AA,0,0.97,8.72,192.9,1
S9-AA-NOC-washout-dish1-011,AA,0,0.558,26.16,197.1,1
S9-AA-NOC-washout-dish1-011,AA,0,0.267,5.45,258.8,1
S9-AA-NOC-washout-dish1-011,AA,0,0.391,13.08,299.0,0
S9-AA-NOC-washout-dish1-011,AA,0,0.652,6.54,281.7,1
S9-AA-NOC-washout-dish1-011,AA,0,0.365,10.9,209.2,1
S9-AA-NOC-washout-dish1-011,AA,0,0.863,5.45,279.2,0
S9-AA-NOC-washout-dish1-011,AA,0,0.202,23.98,179.8,0
S9-AA-NOC-washout-dish1-011,AA,0,0.399,15.26,254.8,1
S9-AA-NOC-washout-dish1-011,AA,0,0.338,9.81,406.1,0
S9-AA-NOC-washout-dish1-011,AA,0,0.605,7.63,260.4,1
S9-AA-NOC-washout-dish1-011,AA,0,0.783,7.63,313.1,1
S9-AA-NOC-washout-dish1-011,AA,0,0.702,19.62,193.5,0
S9-AA-NOC-washout-dish1-011,AA,0,0.19,6.54,344.8,1
S9-AA-NOC-washout-dish1-011,AA,0,0.921,5.45,293.9,0
S9-AA-NOC-washout-dish1-011,AA,0,0.83,6.54,262.2,1
S9-AA-NOC-washout-dish1-011,AA,0,0.3,7.63,275.9,1
S9-AA-NOC-washout-dish1-011,AA,0,0.22,5.45,435.9,0
S9-AA-NOC-washout-dish1-011,AA,0,0.896,15.26,339.3,1
S9-AA-NOC-washout-dish1-011,AA,0,0.355,7.63,458.7,1
S9-AA-NOC-washout-dish1-011,AA,0,0.017,5.45,380.3,0
S9-AA-NOC-washout-dish1-011,AA,0,0.225,4.36,420.9,0
S9-AA-NOC-washout-dish1-011,AA,0,0.3,6.54,330.2,1
S9-AA-NOC-washout-dish1-011,AA,0,0.864,19.62,177.0,0
S9-AA-NOC-washout-dish1-011,AA,0,0.659,8.72,179.9,1
S9-AA-NOC-washout-dish1-011,AA,0,0.819,16.35,229.6,0
S9-AA-NOC-washout-dish1-011,AA,0,0.479,5.45,208.5,1
S9-AA-NOC-washout-dish1-011,AA,0,0.287,8.72,311.2,0
S9-AA-NOC-washout-dish1-011,AA,0,0.724,14.17,345.9,0
S9-AA-NOC-washout-dish1-011,AA,0,0.914,4.36,390.6,0
S9-AA-NOC-washout-dish1-011,AA,0,0.466,5.45,237.7,0
S9-AA-NOC-washout-dish1-011,AA,0,0.758,13.08,256.1,1
S9-AA-NOC-washout-dish1-011,AA,0,0.419,7.63,346.5,0
S9-AA-NOC-washout-dish1-011,AA,0,0.231,5.45,376.8,1
S9-AA-NOC-washout-dish1-011,AA,0,0.94,17.44,188.9,0
S9-AA-NOC-washout-dish1-011,AA,0,0.891,7.63,420.5,0
S9-AA-NOC-washout-dish1-011,AA,0,0.852,6.54,286.2,0
S9-AA-NOC-washout-dish1-011,AA,0,0.203,5.45,268.8,0
S9-AA-NOC-washout-dish1-011,AA,0,0.026,4.36,459.5,0
S9-AA-NOC-washout-dish1-011,AA,0,0.443,9.81,353.0,0
S9-AA-NOC-washout-dish1-011,AA,0,0.86,5.45,373.7,0
S9-AA-NOC-washout-dish1-011,AA,0,0.479,4.36,340.3,0
S9-AA-NOC-washout-dish1-011,AA,0,0.532,5.45,315.3,0
S9-AA-NOC-washout-dish1-011,AA,0,0.348,8.72,307.2,0
S9-AA-NOC-washout-dish1-011,AA,0,0.493,4.36,255.1,1
S9-AA-NOC-washout-dish1-011,AA,0,0.352,14.17,245.9,0
S9-AA-NOC-washout-dish1-011,AA,0,0.183,8.72,348.2,0
S9-AA-NOC-washout-dish1-011,AA,0,0.709,5.45,365.0,0
S9-AA-NOC-washout-dish1-011,AA,0,0.816,6.54,142.1,0
S9-AA-NOC-washout-dish1-011,AA,0,0.375,5.45,309.2,1
S9-AA-NOC-washout-dish1-011,AA,0,0.535,6.54,139.3,0
S9-AA-NOC-washout-dish1-011,AA,0,0.299,5.45,364.2,0
S9-AA-NOC-washout-dish1-011,AA,0,0.652,14.17,202.0,0
S9-AA-NOC-washout-dish1-011,AA,0,0.806,10.9,172.4,0
S9-AA-NOC-washout-dish1-011,AA,0,0.685,6.54,352.3,0
S9-AA-NOC-washout-dish1-011,AA,0,0.396,4.36,331.1,1
S9-AA-NOC-washout-dish1-011,AA,0,0.648,6.54,212.1,0
S9-AA-NOC-washout-dish1-011,AA,0,0.444,8.72,286.0,0
S9-AA-NOC-washout-dish1-011,AA,0,0.415,8.72,286.0,0
S9-AA-NOC-washout-dish1-011,AA,0,0.418,8.72,324.9,0
S9-AA-NOC-washout-dish1-011,AA,0,0.759,8.72,360.9,0
S9-AA-NOC-washout-dish1-011,AA,0,0.376,5.45,330.2,1
S9-AA-NOC-washout-dish1-011,AA,0,0.77,9.81,316.2,0
S9-AA-NOC-washout-dish1-011,AA,0,0.596,5.45,269.7,1
S9-AA-NOC-washout-dish1-011,AA,0,0.406,8.72,245.8,0
S9-AA-NOC-washout-dish1-011,AA,0,0.403,10.9,172.0,0
S9-AA-NOC-washout-dish1-011,AA,0,0.777,8.72,220.1,0
S9-AA-NOC-washout-dish1-011,AA,0,0.556,4.36,412.1,1
S9-AA-NOC-washout-dish1-011,AA,0,0.814,4.36,187.4,0
S9-AA-NOC-washout-dish1-011,AA,0,0.287,7.63,407.2,0
S9-AA-NOC-washout-dish1-011,AA,0,0.924,10.9,197.3,0
S9-AA-NOC-washout-dish1-011,AA,0,0.694,8.72,229.8,1
S9-AA-NOC-washout-dish1-011,AA,0,0.772,8.72,416.6,0
S9-AA-NOC-washout-dish1-011,AA,0,0.283,9.81,368.6,0
S9-AA-NOC-washout-dish1-011,AA,0,0.271,6.54,353.1,1
S9-AA-NOC-washout-dish1-011,AA,0,0.263,5.45,413.9,0
S9-AA-NOC-washout-dish1-011,AA,0,0.217,6.54,256.1,1
S9-AA-NOC-washout-dish1-011,AA,0,0.388,7.63,258.7,1
S9-AA-NOC-washout-dish1-011,AA,0,0.72,6.54,304.1,0
S9-AA-NOC-washout-dish1-011,AA,0,0.642,4.36,341.4,0
S9-AA-NOC-washout-dish1-011,AA,0,0.694,6.54,161.6,0
S9-AA-NOC-washout-dish1-011,AA,0,0.477,5.45,305.0,0
S9-AA-NOC-washout-dish1-011,AA,0,0.261,5.45,257.2,0
S9-AA-NOC-washout-dish1-011,AA,0,0.766,5.45,226.6,0
S9-AA-NOC-washout-dish1-011,AA,0,0.337,5.45,333.9,0
S9-AA-NOC-washout-dish1-011,AA,0,0.944,5.45,207.7,1
S9-AA-NOC-washout-dish1-011,AA,0,0.866,4.36,263.0,0
S9-AA-NOC-washout-dish1-011,AA,0,0.277,4.36,309.1,1
S9-AA-NOC-washout-dish1-012,AA,0,0.536,23.98,217.6,1
S9-AA-NOC-washout-dish1-012,AA,0,0.938,4.36,194.2,1
S9-AA-NOC-washout-dish1-012,AA,0,0.534,4.36,253.4,1
S9-AA-NOC-washout-dish1-012,AA,0,0.415,27.25,176.2,0
S9-AA-NOC-washout-dish1-012,AA,0,0.377,15.26,164.0,0
S9-AA-NOC-washout-dish1-012,AA,0,0.595,59.95,165.5,0
S9-AA-NOC-washout-dish1-012,AA,0,0.15,101.37,114.0,0
S9-AA-NOC-washout-dish1-012,AA,0,0.087,17.44,149.4,1
S9-AA-NOC-washout-dish1-012,AA,0,0.793,37.06,149.5,1
S9-AA-NOC-washout-dish1-012,AA,0,0.281,23.98,147.1,1
S9-AA-NOC-washout-dish1-012,AA,0,0.276,7.63,151.8,1
S9-AA-NOC-washout-dish1-012,AA,0,0.736,7.63,72.1,1
S9-AA-NOC-washout-dish1-012,AA,0,0.301,4.36,332.0,1
S9-AA-NOC-washout-dish1-012,AA,0,0.568,6.54,161.0,0
S9-AA-NOC-washout-dish1-012,AA,0,0.622,45.78,121.9,1
S9-AA-NOC-washout-dish1-012,AA,0,0.905,22.89,241.2,0
S9-AA-NOC-washout-dish1-012,AA,0,0.284,41.42,217.5,0
S9-AA-NOC-washout-dish1-012,AA,0,0.934,25.07,155.5,1
S9-AA-NOC-washout-dish1-012,AA,0,0.727,7.63,244.9,1
S9-AA-NOC-washout-dish1-012,AA,0,0.226,8.72,271.1,0
S9-AA-NOC-washout-dish1-012,AA,0,0.516,23.98,190.3,0
S9-AA-NOC-washout-dish1-012,AA,0,0.675,68.67,186.1,0
S9-AA-NOC-washout-dish1-012,AA,0,0.74,5.45,220.0,1
S9-AA-NOC-washout-dish1-012,AA,0,0.607,4.36,328.4,0
S9-AA-NOC-washout-dish1-012,AA,0,0.96,5.45,270.9,0
S9-AA-NOC-washout-dish1-012,AA,0,0.282,6.54,224.8,1
S9-AA-NOC-washout-dish1-012,AA,0,0.747,10.9,213.0,1
S9-AA-NOC-washout-dish1-012,AA,0,0.528,5.45,403.0,1
S9-AA-NOC-washout-dish1-012,AA,0,0.703,6.54,241.9,1
S9-AA-NOC-washout-dish1-012,AA,0,0.575,9.81,229.5,1
S9-AA-NOC-washout-dish1-012,AA,0,0.75,7.63,173.3,0
S9-AA-NOC-washout-dish1-012,AA,0,0.248,38.15,118.2,1
S9-AA-NOC-washout-dish1-012,AA,0,0.724,30.52,160.0,0
S9-AA-NOC-washout-dish1-012,AA,0,0.355,10.9,113.2,0
S9-AA-NOC-washout-dish1-012,AA,0,0.334,21.8,230.8,0
S9-AA-NOC-washout-dish1-012,AA,0,0.286,4.36,272.2,1
S9-AA-NOC-washout-dish1-012,AA,0,0.629,25.07,222.2,1
S9-AA-NOC-washout-dish1-012,AA,0,0.598,20.71,178.8,1
S9-AA-NOC-washout-dish1-012,AA,0,0.275,5.45,205.8,1
S9-AA-NOC-washout-dish1-012,AA,0,0.652,5.45,375.1,0
S9-AA-NOC-washout-dish1-012,AA,0,0.691,7.63,270.5,1
S9-AA-NOC-washout-dish1-012,AA,0,0.017,22.89,193.5,1
S9-AA-NOC-washout-dish1-012,AA,0,0.872,7.63,174.5,0
S9-AA-NOC-washout-dish1-012,AA,0,0.257,4.36,306.5,1
S9-AA-NOC-washout-dish1-012,AA,0,0.592,4.36,352.9,1
S9-AA-NOC-washout-dish1-012,AA,0,0.915,57.77,194.5,1
S9-AA-NOC-washout-dish1-012,AA,0,0.769,13.08,209.2,0
S9-AA-NOC-washout-dish1-012,AA,0,0.881,10.9,235.2,1
S9-AA-NOC-washout-dish1-012,AA,0,0.687,14.17,257.6,0
S9-AA-NOC-washout-dish1-012,AA,0,0.386,5.45,293.9,0
S9-AA-NOC-washout-dish1-012,AA,0,0.914,27.25,200.0,1
S9-AA-NOC-washout-dish1-012,AA,0,0.643,5.45,354.0,1
S9-AA-NOC-washout-dish1-012,AA,0,0.407,4.36,204.6,1
S9-AA-NOC-washout-dish1-012,AA,0,0.386,6.54,396.5,0
S9-AA-NOC-washout-dish1-012,AA,0,0.142,11.99,280.0,1
S9-AA-NOC-washout-dish1-012,AA,0,0.524,7.63,338.7,1
S9-AA-NOC-washout-dish1-012,AA,0,0.457,8.72,246.1,1
S9-AA-NOC-washout-dish1-012,AA,0,0.66,11.99,187.0,0
S9-AA-NOC-washout-dish1-012,AA,0,0.255,15.26,220.4,0
S9-AA-NOC-washout-dish1-012,AA,0,0.837,5.45,168.7,0
S9-AA-NOC-washout-dish1-012,AA,0,0.536,4.36,173.4,1
S9-AA-NOC-washout-dish1-012,AA,0,0.972,8.72,201.9,1
S9-AA-NOC-washout-dish1-012,AA,0,0.796,5.45,185.4,0
S9-AA-NOC-washout-dish1-012,AA,0,0.215,4.36,314.0,1
S9-AA-NOC-washout-dish1-012,AA,0,0.512,5.45,259.3,1
S9-AA-NOC-washout-dish1-012,AA,0,0.697,14.17,115.8,0
S9-AA-NOC-washout-dish1-012,AA,0,0.676,5.45,249.7,0
S9-AA-NOC-washout-dish1-012,AA,0,0.693,5.45,162.7,1
S9-AA-NOC-washout-dish1-012,AA,0,0.599,9.81,266.1,0
S9-AA-NOC-washout-dish1-012,AA,0,0.516,4.36,390.5,1
S9-AA-NOC-washout-dish1-012,AA,0,0.781,10.9,163.2,1
S9-AA-NOC-washout-dish1-012,AA,0,0.544,6.54,160.5,1
S9-AA-NOC-washout-dish1-012,AA,0,0.439,9.81,107.0,0
S9-AA-NOC-washout-dish1-012,AA,0,0.05,10.9,128.1,0
S9-AA-NOC-washout-dish1-012,AA,0,0.211,6.54,116.3,0
S9-AA-NOC-washout-dish1-012,AA,0,0.204,5.45,168.0,1
S9-AA-NOC-washout-dish1-012,AA,0,0.57,11.99,155.5,0
S9-AA-NOC-washout-dish1-012,AA,0,0.703,10.9,295.3,0
S9-AA-NOC-washout-dish1-012,AA,0,0.631,42.51,179.9,1
S9-AA-NOC-washout-dish1-012,AA,0,0.594,8.72,335.2,0
S9-AA-NOC-washout-dish1-012,AA,0,0.261,14.17,214.8,1
S9-AA-NOC-washout-dish1-012,AA,0,0.604,8.72,261.1,0
S9-AA-NOC-washout-dish1-012,AA,0,0.654,9.81,162.7,0
S9-AA-NOC-washout-dish1-012,AA,0,0.315,5.45,206.3,0
S9-AA-NOC-washout-dish1-012,AA,0,0.295,7.63,206.4,0
S9-AA-NOC-washout-dish1-012,AA,0,0.866,13.08,198.6,1
S9-AA-NOC-washout-dish1-012,AA,0,0.727,11.99,204.6,0
S9-AA-NOC-washout-dish1-012,AA,0,0.162,6.54,337.3,0
S9-AA-NOC-washout-dish1-012,AA,0,0.704,9.81,295.6,0
S9-AA-NOC-washout-dish1-012,AA,0,0.976,15.26,210.5,0
S9-AA-NOC-washout-dish1-012,AA,0,0.741,22.89,140.4,0
S9-AA-NOC-washout-dish1-012,AA,0,0.638,4.36,263.2,0
S9-AA-NOC-washout-dish1-012,AA,0,0.605,11.99,177.7,1
S9-AA-NOC-washout-dish1-012,AA,0,0.665,5.45,305.1,0
S9-AA-NOC-washout-dish1-012,AA,0,0.12,35.97,196.2,0
S9-AA-NOC-washout-dish1-012,AA,0,0.423,5.45,156.1,1
S9-AA-NOC-washout-dish1-012,AA,0,0.921,14.17,171.5,1
S9-AA-NOC-washout-dish1-012,AA,0,0.223,6.54,276.8,1
S9-AA-NOC-washout-dish1-012,AA,0,0.432,9.81,149.9,1
S9-AA-NOC-washout-dish1-012,AA,0,0.48,18.53,149.8,0
S9-AA-NOC-washout-dish1-012,AA,0,0.947,23.98,142.3,0
S9-AA-NOC-washout-dish1-012,AA,0,0.656,5.45,209.5,0
S9-AA-NOC-washout-dish1-012,AA,0,0.112,6.54,205.6,0
S9-AA-NOC-washout-dish1-012,AA,0,0.224,5.45,188.4,0
S9-AA-NOC-washout-dish1-012,AA,0,0.368,6.54,355.0,1
S9-AA-NOC-washout-dish1-012,AA,0,0.681,15.26,125.9,0
S9-AA-NOC-washout-dish1-012,AA,0,0.6,22.89,148.0,0
S9-AA-NOC-washout-dish1-012,AA,0,0.784,29.43,250.1,0
S9-AA-NOC-washout-dish1-012,AA,0,0.181,18.53,236.3,0
S9-AA-NOC-washout-dish1-012,AA,0,0.991,7.63,98.0,0
S9-AA-NOC-washout-dish1-012,AA,0,0.718,19.62,204.7,0
S9-AA-NOC-washout-dish1-012,AA,0,0.61,21.8,218.2,0
S9-AA-NOC-washout-dish1-012,AA,0,0.947,10.9,151.2,0
S9-AA-NOC-washout-dish1-012,AA,0,0.424,6.54,250.0,1
S9-AA-NOC-washout-dish1-012,AA,0,0.777,6.54,202.1,0
S9-AA-NOC-washout-dish1-012,AA,0,0.493,10.9,227.2,0
S9-AA-NOC-washout-dish1-012,AA,0,0.309,14.17,188.3,0
S9-AA-NOC-washout-dish1-012,AA,0,0.491,5.45,240.5,1
S9-AA-NOC-washout-dish1-012,AA,0,0.72,6.54,233.5,1
S9-AA-NOC-washout-dish1-012,AA,0,0.897,4.36,372.0,1
S9-AA-NOC-washout-dish1-012,AA,0,0.455,6.54,239.2,1
S9-AA-NOC-washout-dish1-012,AA,0,0.495,18.53,227.2,0
S9-AA-NOC-washout-dish1-012,AA,0,0.852,5.45,190.5,0
S9-AA-NOC-washout-dish1-012,AA,0,0.634,21.8,150.6,0
S9-AA-NOC-washout-dish1-012,AA,0,0.503,20.71,296.6,0
S9-AA-NOC-washout-dish1-012,AA,0,0.336,11.99,312.4,0
S9-AA-NOC-washout-dish1-012,AA,0,0.415,17.44,247.1,1
S9-AA-NOC-washout-dish1-012,AA,0,0.601,9.81,206.4,1
S9-AA-NOC-washout-dish1-012,AA,0,0.815,5.45,297.3,1
S9-AA-NOC-washout-dish1-012,AA,0,0.451,32.7,180.3,1
S9-AA-NOC-washout-dish1-012,AA,0,0.903,33.79,201.7,0
S9-AA-NOC-washout-dish1-012,AA,0,0.486,7.63,258.6,0
S9-AA-NOC-washout-dish1-012,AA,0,0.844,11.99,253.1,1
S9-AA-NOC-washout-dish1-012,AA,0,0.927,6.54,164.9,0
S9-AA-NOC-washout-dish1-012,AA,0,0.393,22.89,284.2,0
S9-AA-NOC-washout-dish1-012,AA,0,0.819,5.45,294.7,0
S9-AA-NOC-washout-dish1-012,AA,0,0.632,7.63,136.2,0
S9-AA-NOC-washout-dish1-012,AA,0,0.359,26.16,169.5,1
S9-AA-NOC-washout-dish1-012,AA,0,0.288,11.99,172.0,0
S9-AA-NOC-washout-dish1-012,AA,0,0.368,26.16,151.0,0
S9-AA-NOC-washout-dish1-012,AA,0,0.085,20.71,145.3,0
S9-AA-NOC-washout-dish1-012,AA,0,0.117,5.45,250.1,0
S9-AA-NOC-washout-dish1-012,AA,0,0.343,16.35,260.8,0
S9-AA-NOC-washout-dish1-012,AA,0,0.375,14.17,326.1,1
S9-AA-NOC-washout-dish1-012,AA,0,0.223,4.36,348.0,1
S9-AA-NOC-washout-dish1-012,AA,0,0.404,5.45,188.8,1
S9-AA-NOC-washout-dish1-012,AA,0,0.196,19.62,191.6,0
S9-AA-NOC-washout-dish1-012,AA,0,0.257,7.63,210.7,0
S9-AA-NOC-washout-dish1-012,AA,0,0.808,8.72,155.9,0
S9-AA-NOC-washout-dish1-012,AA,0,0.403,4.36,415.2,0
S9-AA-NOC-washout-dish1-012,AA,0,0.051,4.36,212.6,0
S9-AA-NOC-washout-dish1-012,AA,0,0.464,8.72,303.8,1
S9-AA-NOC-washout-dish1-012,AA,0,0.924,7.63,127.4,0
S9-AA-NOC-washout-dish1-012,AA,0,0.36,7.63,182.1,0
S9-AA-NOC-washout-dish1-012,AA,0,0.033,10.9,151.1,0
S9-AA-NOC-washout-dish1-012,AA,0,0.485,7.63,236.1,0
S9-AA-NOC-washout-dish1-012,AA,0,0.744,4.36,184.2,0
S9-AA-NOC-washout-dish1-012,AA,0,0.978,4.36,414.3,0
S9-AA-NOC-washout-dish1-013,AA,0,0.394,11.99,284.9,0
S9-AA-NOC-washout-dish1-013,AA,0,0.348,11.99,203.7,1
S9-AA-NOC-washout-dish1-013,AA,0,0.406,26.16,147.8,0
S9-AA-NOC-washout-dish1-013,AA,0,0.653,20.71,178.9,0
S9-AA-NOC-washout-dish1-013,AA,0,0.301,11.99,232.6,0
S9-AA-NOC-washout-dish1-013,AA,0,0.87,8.72,169.9,0
S9-AA-NOC-washout-dish1-013,AA,0,0.754,75.21,128.1,0
S9-AA-NOC-washout-dish1-013,AA,0,0.828,23.98,171.4,1
S9-AA-NOC-washout-dish1-013,AA,0,0.524,114.45,73.5,0
S9-AA-NOC-washout-dish1-013,AA,0,0.877,13.08,193.6,0
S9-AA-NOC-washout-dish1-013,AA,0,0.312,22.89,159.8,1
S9-AA-NOC-washout-dish1-013,AA,0,0.415,18.53,281.7,1
S9-AA-NOC-washout-dish1-013,AA,0,0.837,31.61,157.6,0
S9-AA-NOC-washout-dish1-013,AA,0,0.901,5.45,292.0,1
S9-AA-NOC-washout-dish1-013,AA,0,0.974,26.16,254.1,0
S9-AA-NOC-washout-dish1-013,AA,0,0.862,35.97,139.2,0
S9-AA-NOC-washout-dish1-013,AA,0,0.745,90.47,153.1,1
S9-AA-NOC-washout-dish1-013,AA,0,0.69,18.53,300.0,1
S9-AA-NOC-washout-dish1-013,AA,0,0.588,15.26,355.3,1
S9-AA-NOC-washout-dish1-013,AA,0,0.815,14.17,129.6,0
S9-AA-NOC-washout-dish1-013,AA,0,0.178,14.17,123.6,0
S9-AA-NOC-washout-dish1-013,AA,0,0.518,18.53,128.1,0
S9-AA-NOC-washout-dish1-013,AA,0,0.802,7.63,231.5,0
S9-AA-NOC-washout-dish1-013,AA,0,0.85,4.36,226.3,1
S9-AA-NOC-washout-dish1-013,AA,0,0.322,7.63,401.1,0
S9-AA-NOC-washout-dish1-013,AA,0,0.247,7.63,299.2,1
S9-AA-NOC-washout-dish1-013,AA,0,0.762,37.06,213.9,1
S9-AA-NOC-washout-dish1-013,AA,0,0.384,6.54,304.1,1
S9-AA-NOC-washout-dish1-013,AA,0,0.531,35.97,159.4,1
S9-AA-NOC-washout-dish1-013,AA,0,0.635,15.26,83.8,0
S9-AA-NOC-washout-dish1-013,AA,0,0.206,5.45,449.7,0
S9-AA-NOC-washout-dish1-013,AA,0,0.502,20.71,199.9,0
S9-AA-NOC-washout-dish1-013,AA,0,0.443,10.9,199.8,1
S9-AA-NOC-washout-dish1-013,AA,0,0.5,5.45,155.3,1
S9-AA-NOC-washout-dish1-013,AA,0,0.771,9.81,158.1,0
S9-AA-NOC-washout-dish1-013,AA,0,0.834,20.71,210.2,0
S9-AA-NOC-washout-dish1-013,AA,0,0.178,5.45,235.6,1
S9-AA-NOC-washout-dish1-013,AA,0,0.076,8.72,244.7,0
S9-AA-NOC-washout-dish1-013,AA,0,0.576,8.72,290.6,0
S9-AA-NOC-washout-dish1-013,AA,0,0.865,16.35,204.9,0
S9-AA-NOC-washout-dish1-013,AA,0,0.83,6.54,260.5,1
S9-AA-NOC-washout-dish1-013,AA,0,0.352,40.33,162.5,1
S9-AA-NOC-washout-dish1-013,AA,0,0.771,5.45,210.8,0
S9-AA-NOC-washout-dish1-013,AA,0,0.582,13.08,256.9,0
S9-AA-NOC-washout-dish1-013,AA,0,0.472,7.63,352.3,1
S9-AA-NOC-washout-dish1-013,AA,0,0.653,20.71,213.2,0
S9-AA-NOC-washout-dish1-013,AA,0,0.444,6.54,241.2,0
S9-AA-NOC-washout-dish1-013,AA,0,0.179,7.63,212.2,0
S9-AA-NOC-washout-dish1-013,AA,0,0.742,6.54,279.7,1
S9-AA-NOC-washout-dish1-013,AA,0,0.641,6.54,218.5,0
S9-AA-NOC-washout-dish1-013,AA,0,0.067,4.36,366.4,0
S9-AA-NOC-washout-dish1-013,AA,0,0.256,105.73,125.7,1
S9-AA-NOC-washout-dish1-013,AA,0,0.236,21.8,179.9,1
S9-AA-NOC-washout-dish1-013,AA,0,0.504,38.15,148.9,0
S9-AA-NOC-washout-dish1-013,AA,0,0.192,7.63,289.0,0
S9-AA-NOC-washout-dish1-013,AA,0,0.18,5.45,210.3,1
S9-AA-NOC-washout-dish1-013,AA,0,0.83,9.81,234.5,0
S9-AA-NOC-washout-dish1-013,AA,0,0.388,55.59,173.4,0
S9-AA-NOC-washout-dish1-013,AA,0,0.339,4.36,341.2,0
S9-AA-NOC-washout-dish1-013,AA,0,0.235,4.36,359.3,0
S9-AA-NOC-washout-dish1-013,AA,0,0.657,10.9,278.4,0
S9-AA-NOC-washout-dish1-013,AA,0,0.569,17.44,192.8,0
S9-AA-NOC-washout-dish1-013,AA,0,0.776,11.99,165.6,0
S9-AA-NOC-washout-dish1-013,AA,0,0.52,7.63,242.3,1
S9-AA-NOC-washout-dish1-013,AA,0,0.455,22.89,274.2,0
S9-AA-NOC-washout-dish1-013,AA,0,0.595,13.08,259.7,0
S9-AA-NOC-washout-dish1-013,AA,0,0.514,31.61,177.9,1
S9-AA-NOC-washout-dish1-013,AA,0,0.552,7.63,247.6,0
S9-AA-NOC-washout-dish1-013,AA,0,0.777,17.44,147.8,1
S9-AA-NOC-washout-dish1-013,AA,0,0.701,8.72,238.6,0
S9-AA-NOC-washout-dish1-013,AA,0,0.665,7.63,294.0,1
S9-AA-NOC-washout-dish1-013,AA,0,0.905,47.96,157.6,0
S9-AA-NOC-washout-dish1-013,AA,0,0.78,4.36,306.6,0
S9-AA-NOC-washout-dish1-013,AA,0,0.433,9.81,315.8,0
S9-AA-NOC-washout-dish1-013,AA,0,0.553,4.36,323.9,0
S9-AA-NOC-washout-dish1-013,AA,0,0.7,18.53,257.8,0
S9-AA-NOC-washout-dish1-013,AA,0,0.612,22.89,213.7,1
S9-AA-NOC-washout-dish1-013,AA,0,0.428,17.44,232.7,1
S9-AA-NOC-washout-dish1-013,AA,0,0.775,20.71,163.0,0
S9-AA-NOC-washout-dish1-013,AA,0,0.438,28.34,196.7,0
S9-AA-NOC-washout-dish1-013,AA,0,0.292,8.72,243.3,1
S9-AA-NOC-washout-dish1-013,AA,0,0.604,19.62,229.8,0
S9-AA-NOC-washout-dish1-013,AA,0,0.69,17.44,229.8,0
S9-AA-NOC-washout-dish1-013,AA,0,0.882,6.54,277.5,1
S9-AA-NOC-washout-dish1-013,AA,0,0.324,29.43,170.0,1
S9-AA-NOC-washout-dish1-013,AA,0,0.706,9.81,257.6,0
S9-AA-NOC-washout-dish1-013,AA,0,0.842,19.62,216.6,1
S9-AA-NOC-washout-dish1-013,AA,0,0.914,4.36,414.1,0
S9-AA-NOC-washout-dish1-013,AA,0,0.908,23.98,133.1,0
S9-AA-NOC-washout-dish1-013,AA,0,0.852,10.9,257.6,1
S9-AA-NOC-washout-dish1-013,AA,0,0.918,9.81,147.3,0
S9-AA-NOC-washout-dish1-013,AA,0,0.442,9.81,304.7,0
S9-AA-NOC-washout-dish1-013,AA,0,0.696,62.13,169.8,0
S9-AA-NOC-washout-dish1-013,AA,0,0.358,6.54,225.9,0
S9-AA-NOC-washout-dish1-013,AA,0,0.274,6.54,286.5,1
S9-AA-NOC-washout-dish1-013,AA,0,0.327,4.36,208.3,0
S9-AA-NOC-washout-dish1-013,AA,0,0.607,15.26,168.0,0
S9-AA-NOC-washout-dish1-013,AA,0,0.195,4.36,118.2,0
S9-AA-NOC-washout-dish1-013,AA,0,0.266,13.08,273.6,0
S9-AA-NOC-washout-dish1-013,AA,0,0.299,11.99,190.2,0
S9-AA-NOC-washout-dish1-013,AA,0,0.69,4.36,245.4,0
S9-AA-NOC-washout-dish1-013,AA,0,0.738,5.45,275.3,0
S9-AA-NOC-washout-dish1-013,AA,0,0.378,4.36,170.8,0
S9-AA-NOC-washout-dish1-013,AA,0,0.581,8.72,167.8,1
S9-AA-NOC-washout-dish1-013,AA,0,0.449,6.54,362.7,0
S9-AA-NOC-washout-dish1-013,AA,0,0.206,10.9,216.1,0
S9-AA-NOC-washout-dish1-013,AA,0,0.861,21.8,275.4,1
S9-AA-NOC-washout-dish1-013,AA,0,0.967,13.08,169.5,0
S9-AA-NOC-washout-dish1-013,AA,0,0.426,5.45,258.4,1
S9-AA-NOC-washout-dish1-013,AA,0,0.701,74.12,179.6,0
S9-AA-NOC-washout-dish1-013,AA,0,0.793,22.89,176.4,0
S9-AA-NOC-washout-dish1-013,AA,0,0.724,9.81,220.4,0
S9-AA-NOC-washout-dish1-013,AA,0,0.582,5.45,363.3,0
S9-AA-NOC-washout-dish1-013,AA,0,0.979,6.54,269.5,1
S9-AA-NOC-washout-dish1-013,AA,0,0.743,18.53,136.8,0
S9-AA-NOC-washout-dish1-013,AA,0,0.708,18.53,225.3,1
S9-AA-NOC-washout-dish1-013,AA,0,0.727,15.26,271.9,0
S9-AA-NOC-washout-dish1-013,AA,0,0.635,4.36,212.0,1
S9-AA-NOC-washout-dish1-013,AA,0,0.142,6.54,273.1,0
S9-AA-NOC-washout-dish1-013,AA,0,0.469,15.26,210.1,0
S9-AA-NOC-washout-dish1-013,AA,0,0.84,29.43,178.7,0
S9-AA-NOC-washout-dish1-013,AA,0,0.441,76.3,135.8,1
S9-AA-NOC-washout-dish1-013,AA,0,0.32,9.81,331.9,1
S9-AA-NOC-washout-dish1-013,AA,0,0.309,4.36,268.4,1
S9-AA-NOC-washout-dish1-013,AA,0,0.844,21.8,139.8,0
S9-AA-NOC-washout-dish1-013,AA,0,0.248,9.81,213.9,0
S9-AA-NOC-washout-dish1-013,AA,0,0.747,5.45,216.6,1
S9-AA-NOC-washout-dish1-013,AA,0,0.697,10.9,301.1,0
S9-AA-NOC-washout-dish1-013,AA,0,0.717,10.9,226.7,0
S9-AA-NOC-washout-dish1-013,AA,0,0.636,6.54,299.6,1
S9-AA-NOC-washout-dish1-013,AA,0,0.313,9.81,140.5,0
S9-AA-NOC-washout-dish1-013,AA,0,0.162,9.81,179.1,0
S9-AA-NOC-washout-dish1-013,AA,0,0.862,8.72,130.5,0
S9-AA-NOC-washout-dish1-013,AA,0,0.951,20.71,139.7,1
S9-AA-NOC-washout-dish1-013,AA,0,0.412,19.62,240.1,1
S9-AA-NOC-washout-dish1-013,AA,0,0.557,28.34,246.9,0
S9-AA-NOC-washout-dish1-013,AA,0,0.468,9.81,254.9,0
S9-AA-NOC-washout-dish1-013,AA,0,0.46,9.81,345.2,1
S9-AA-NOC-washout-dish1-013,AA,0,0.664,7.63,227.9,0
S9-AA-NOC-washout-dish1-013,AA,0,0.599,4.36,303.6,0
S9-AA-NOC-washout-dish1-013,AA,0,0.481,5.45,293.7,0
S9-AA-NOC-washout-dish1-013,AA,0,0.637,9.81,217.5,1
S9-AA-NOC-washout-dish1-013,AA,0,0.611,25.07,124.8,0
S9-AA-NOC-washout-dish1-013,AA,0,0.722,4.36,197.4,0
S9-AA-NOC-washout-dish1-013,AA,0,0.685,67.58,192.0,0
S9-AA-NOC-washout-dish1-013,AA,0,0.486,4.36,304.8,0
S9-AA-NOC-washout-dish1-013,AA,0,0.65,6.54,306.4,0
S9-AA-NOC-washout-dish1-013,AA,0,0.745,19.62,182.2,1
S9-AA-NOC-washout-dish1-013,AA,0,0.729,14.17,221.1,1
S9-AA-NOC-washout-dish1-013,AA,0,0.825,22.89,270.1,0
S9-AA-NOC-washout-dish1-013,AA,0,0.486,15.26,184.3,0
S9-AA-NOC-washout-dish1-013,AA,0,0.962,62.13,141.4,1
S9-AA-NOC-washout-dish1-013,AA,0,0.713,8.72,282.5,0
S9-AA-NOC-washout-dish1-013,AA,0,0.478,8.72,177.3,0
S9-AA-NOC-washout-dish1-013,AA,0,0.481,5.45,338.3,0
S9-AA-NOC-washout-dish1-013,AA,0,0.85,43.6,154.0,1
S9-AA-NOC-washout-dish1-013,AA,0,0.214,7.63,318.3,0
S9-AA-NOC-washout-dish1-013,AA,0,0.863,18.53,212.3,0
S9-AA-NOC-washout-dish1-013,AA,0,0.717,15.26,241.4,0
S9-AA-NOC-washout-dish1-013,AA,0,0.568,29.43,220.9,0
S9-AA-NOC-washout-dish1-013,AA,0,0.472,6.54,393.7,0
S9-AA-NOC-washout-dish1-013,AA,0,0.624,29.43,286.1,0
S9-AA-NOC-washout-dish1-013,AA,0,0.354,5.45,202.2,1
S9-AA-NOC-washout-dish1-013,AA,0,0.582,6.54,148.1,1
S9-AA-NOC-washout-dish1-013,AA,0,0.594,25.07,231.5,1
S9-AA-NOC-washout-dish1-013,AA,0,0.351,5.45,277.6,1
S9-AA-NOC-washout-dish1-013,AA,0,0.821,20.71,217.9,0
S9-AA-NOC-washout-dish1-013,AA,0,0.336,14.17,189.6,1
S9-AA-NOC-washout-dish1-013,AA,0,0.956,53.41,124.9,0
S9-AA-NOC-washout-dish1-013,AA,0,0.371,4.36,369.1,0
S9-AA-NOC-washout-dish1-013,AA,0,0.744,7.63,240.8,0
S9-AA-NOC-washout-dish1-013,AA,0,0.471,18.53,188.8,1
S9-AA-NOC-washout-dish1-013,AA,0,0.312,34.88,166.1,0
S9-AA-NOC-washout-dish1-013,AA,0,0.381,6.54,171.5,0
S9-AA-NOC-washout-dish1-013,AA,0,0.265,14.17,175.3,0
S9-AA-NOC-washout-dish1-013,AA,0,0.584,6.54,285.5,0
S9-AA-NOC-washout-dish1-013,AA,0,0.664,9.81,275.4,0
S9-AA-NOC-washout-dish1-013,AA,0,0.967,5.45,256.0,0
S9-AA-NOC-washout-dish1-013,AA,0,0.593,19.62,172.7,0
S9-AA-NOC-washout-dish1-013,AA,0,0.705,17.44,164.3,0
S9-AA-NOC-washout-dish1-013,AA,0,0.878,41.42,124.1,0
S9-AA-NOC-washout-dish1-013,AA,0,0.979,6.54,209.2,0
S9-AA-NOC-washout-dish1-013,AA,0,0.804,9.81,249.9,1
S9-AA-NOC-washout-dish1-013,AA,0,0.622,10.9,185.5,1
S9-AA-NOC-washout-dish1-013,AA,0,0.43,9.81,290.6,0
S9-AA-NOC-washout-dish1-013,AA,0,0.769,27.25,170.7,0
S9-AA-NOC-washout-dish1-013,AA,0,0.666,13.08,192.4,0
S9-AA-NOC-washout-dish1-013,AA,0,0.783,5.45,253.0,0
S9-AA-NOC-washout-dish1-013,AA,0,0.462,4.36,266.9,0
S9-AA-NOC-washout-dish1-013,AA,0,0.797,6.54,218.4,0
S9-AA-NOC-washout-dish1-013,AA,0,0.87,10.9,196.7,1
S9-AA-NOC-washout-dish1-013,AA,0,0.454,9.81,216.5,1
S9-AA-NOC-washout-dish1-013,AA,0,0.333,7.63,202.2,1
S9-AA-NOC-washout-dish1-013,AA,0,0.77,4.36,401.0,0
S9-AA-NOC-washout-dish1-013,AA,0,0.931,6.54,256.9,0
S9-AA-NOC-washout-dish1-013,AA,0,0.607,14.17,175.2,1
S9-AA-NOC-washout-dish1-013,AA,0,0.242,4.36,374.4,0
S9-AA-NOC-washout-dish1-013,AA,0,0.24,8.72,208.5,0
S9-AA-NOC-washout-dish1-013,AA,0,0.931,23.98,216.3,1
S9-AA-NOC-washout-dish1-013,AA,0,0.703,26.16,107.9,1
S9-AA-NOC-washout-dish1-013,AA,0,0.204,9.81,260.0,0
S9-AA-NOC-washout-dish1-013,AA,0,0.163,4.36,215.1,1
S9-AA-NOC-washout-dish1-013,AA,0,0.133,4.36,280.5,0
S9-AA-NOC-washout-dish1-013,AA,0,0.368,30.52,196.7,1
S9-AA-NOC-washout-dish1-013,AA,0,0.408,6.54,379.3,1
S9-AA-NOC-washout-dish1-013,AA,0,0.744,6.54,338.2,1
S9-AA-NOC-washout-dish1-013,AA,0,0.715,7.63,174.4,0
S9-AA-NOC-washout-dish1-013,AA,0,0.499,8.72,293.2,1
S9-AA-NOC-washout-dish1-013,AA,0,0.731,5.45,271.6,0
S9-AA-NOC-washout-dish1-013,AA,0,0.959,5.45,334.7,1
S9-AA-NOC-washout-dish1-013,AA,0,0.299,6.54,282.9,0
S9-AA-NOC-washout-dish1-013,AA,0,0.795,26.16,230.4,1
S9-AA-NOC-washout-dish1-013,AA,0,0.431,13.08,269.3,1
S9-AA-NOC-washout-dish1-013,AA,0,0.204,16.35,281.0,0
S9-AA-NOC-washout-dish1-013,AA,0,0.517,18.53,161.8,0
S9-AA-NOC-washout-dish1-013,AA,0,0.562,13.08,184.3,1
S9-AA-NOC-washout-dish1-013,AA,0,0.743,22.89,147.8,0
S9-AA-NOC-washout-dish1-013,AA,0,0.333,6.54,168.1,0
S9-AA-NOC-washout-dish1-013,AA,0,0.793,7.63,231.6,0
S9-AA-NOC-washout-dish1-013,AA,0,0.475,9.81,377.2,1
S9-AA-NOC-washout-dish1-013,AA,0,0.327,5.45,332.5,0
S9-AA-NOC-washout-dish1-013,AA,0,0.173,17.44,284.6,0
S9-AA-NOC-washout-dish1-013,AA,0,0.361,13.08,238.3,1
S9-AA-NOC-washout-dish1-013,AA,0,0.699,20.71,221.7,0
S9-AA-NOC-washout-dish1-013,AA,0,0.747,11.99,240.5,1
S9-AA-NOC-washout-dish1-013,AA,0,0.158,5.45,300.4,1
S9-AA-NOC-washout-dish1-013,AA,0,0.791,7.63,190.2,1
S9-AA-NOC-washout-dish1-013,AA,0,0.982,5.45,217.3,0
S9-AA-NOC-washout-dish1-013,AA,0,0.886,11.99,137.3,0
S9-AA-NOC-washout-dish1-013,AA,0,0.672,11.99,130.9,1
S9-AA-NOC-washout-dish1-013,AA,0,0.278,16.35,132.5,0
S9-AA-NOC-washout-dish1-013,AA,0,0.367,14.17,179.1,1
S9-AA-NOC-washout-dish1-013,AA,0,0.13,10.9,298.4,1
S9-AA-NOC-washout-dish1-013,AA,0,0.73,5.45,267.2,0
S9-AA-NOC-washout-dish1-013,AA,0,0.419,9.81,304.1,0
S9-AA-NOC-washout-dish1-013,AA,0,0.617,10.9,137.4,0
S9-AA-NOC-washout-dish1-013,AA,0,0.58,4.36,224.6,0
S9-AA-NOC-washout-dish1-013,AA,0,0.601,6.54,252.7,1
S9-AA-NOC-washout-dish1-013,AA,0,0.338,5.45,248.6,1
S9-AA-NOC-washout-dish1-013,AA,0,0.821,4.36,395.4,1
S9-AA-NOC-washout-dish1-013,AA,0,0.275,8.72,268.4,0
S9-AA-NOC-washout-dish1-013,AA,0,0.461,9.81,317.2,0
S9-AA-NOC-washout-dish1-013,AA,0,0.858,9.81,163.9,1
S9-AA-NOC-washout-dish1-013,AA,0,0.685,4.36,460.8,0
S9-AA-NOC-washout-dish1-013,AA,0,0.917,6.54,212.9,0
S9-AA-NOC-washout-dish1-013,AA,0,0.9,6.54,167.4,1
S9-AA-NOC-washout-dish1-013,AA,0,0.192,5.45,170.4,0
S9-AA-NOC-washout-dish1-014,AA,0,0.483,89.38,116.2,0
S9-AA-NOC-washout-dish1-014,AA,0,0.662,11.99,178.4,1
S9-AA-NOC-washout-dish1-014,AA,0,0.815,54.5,199.1,0
S9-AA-NOC-washout-dish1-014,AA,0,0.947,18.53,177.1,0
S9-AA-NOC-washout-dish1-014,AA,0,0.214,5.45,307.2,0
S9-AA-NOC-washout-dish1-014,AA,0,0.396,9.81,171.3,0
S9-AA-NOC-washout-dish1-014,AA,0,0.882,29.43,201.2,1
S9-AA-NOC-washout-dish1-014,AA,0,0.275,16.35,158.4,0
S9-AA-NOC-washout-dish1-014,AA,0,0.648,79.57,147.8,0
S9-AA-NOC-washout-dish1-014,AA,0,0.607,41.42,203.2,0
S9-AA-NOC-washout-dish1-014,AA,0,0.835,43.6,239.8,1
S9-AA-NOC-washout-dish1-014,AA,0,0.34,7.63,219.1,0
S9-AA-NOC-washout-dish1-014,AA,0,0.638,19.62,194.1,1
S9-AA-NOC-washout-dish1-014,AA,0,0.574,4.36,224.4,1
S9-AA-NOC-washout-dish1-014,AA,0,0.311,27.25,219.8,0
S9-AA-NOC-washout-dish1-014,AA,0,0.214,5.45,305.3,1
S9-AA-NOC-washout-dish1-014,AA,0,0.219,4.36,289.7,0
S9-AA-NOC-washout-dish1-014,AA,0,0.651,8.72,130.3,1
S9-AA-NOC-washout-dish1-014,AA,0,0.952,65.4,140.3,0
S9-AA-NOC-washout-dish1-014,AA,0,0.705,26.16,240.4,0
S9-AA-NOC-washout-dish1-014,AA,0,0.958,5.45,211.8,1
S9-AA-NOC-washout-dish1-014,AA,0,0.151,29.43,171.2,0
S9-AA-NOC-washout-dish1-014,AA,0,0.951,52.32,113.5,0
S9-AA-NOC-washout-dish1-014,AA,0,0.466,21.8,184.7,0
S9-AA-NOC-washout-dish1-014,AA,0,0.968,14.17,206.2,0
S9-AA-NOC-washout-dish1-014,AA,0,0.828,6.54,259.1,0
S9-AA-NOC-washout-dish1-014,AA,0,0.963,57.77,139.8,0
S9-AA-NOC-washout-dish1-014,AA,0,0.113,6.54,325.4,0
S9-AA-NOC-washout-dish1-014,AA,0,0.881,49.05,170.7,1
S9-AA-NOC-washout-dish1-014,AA,0,0.275,6.54,207.1,0
S9-AA-NOC-washout-dish1-014,AA,0,0.426,6.54,256.3,1
S9-AA-NOC-washout-dish1-014,AA,0,0.84,16.35,167.4,0
S9-AA-NOC-washout-dish1-014,AA,0,0.643,5.45,280.9,0
S9-AA-NOC-washout-dish1-014,AA,0,0.413,16.35,132.0,0
S9-AA-NOC-washout-dish1-014,AA,0,0.635,7.63,205.8,1
S9-AA-NOC-washout-dish1-014,AA,0,0.325,20.71,194.1,1
S9-AA-NOC-washout-dish1-014,AA,0,0.651,5.45,225.9,0
S9-AA-NOC-washout-dish1-014,AA,0,0.662,20.71,276.5,1
S9-AA-NOC-washout-dish1-014,AA,0,0.141,19.62,195.2,1
S9-AA-NOC-washout-dish1-014,AA,0,0.076,7.63,248.1,1
S9-AA-NOC-washout-dish1-014,AA,0,0.417,7.63,378.0,1
S9-AA-NOC-washout-dish1-014,AA,0,0.507,5.45,220.4,0
S9-AA-NOC-washout-dish1-014,AA,0,0.778,34.88,215.1,0
S9-AA-NOC-washout-dish1-014,AA,0,0.525,8.72,296.6,0
S9-AA-NOC-washout-dish1-014,AA,0,0.849,4.36,243.4,0
S9-AA-NOC-washout-dish1-014,AA,0,0.335,31.61,234.3,0
S9-AA-NOC-washout-dish1-014,AA,0,0.316,9.81,135.1,0
S9-AA-NOC-washout-dish1-014,AA,0,0.909,5.45,298.5,1
S9-AA-NOC-washout-dish1-014,AA,0,0.652,10.9,195.3,0
S9-AA-NOC-washout-dish1-014,AA,0,0.538,35.97,179.6,1
S9-AA-NOC-washout-dish1-014,AA,0,0.805,13.08,246.1,1
S9-AA-NOC-washout-dish1-014,AA,0,0.318,6.54,257.8,0
S9-AA-NOC-washout-dish1-014,AA,0,0.631,18.53,250.1,0
S9-AA-NOC-washout-dish1-014,AA,0,0.655,16.35,220.7,0
S9-AA-NOC-washout-dish1-014,AA,0,0.522,4.36,271.9,1
S9-AA-NOC-washout-dish1-014,AA,0,0.658,5.45,183.7,0
S9-AA-NOC-washout-dish1-014,AA,0,0.176,8.72,387.3,1
S9-AA-NOC-washout-dish1-014,AA,0,0.75,4.36,320.1,1
S9-AA-NOC-washout-dish1-014,AA,0,0.508,5.45,151.7,0
S9-AA-NOC-washout-dish1-014,AA,0,0.545,26.16,205.7,0
S9-AA-NOC-washout-dish1-014,AA,0,0.801,46.87,245.1,0
S9-AA-NOC-washout-dish1-014,AA,0,0.857,23.98,159.1,0
S9-AA-NOC-washout-dish1-014,AA,0,0.553,11.99,170.9,0
S9-AA-NOC-washout-dish1-014,AA,0,0.521,8.72,234.1,1
S9-AA-NOC-washout-dish1-014,AA,0,0.76,25.07,257.9,0
S9-AA-NOC-washout-dish1-014,AA,0,0.478,39.24,248.9,1
S9-AA-NOC-washout-dish1-014,AA,0,0.622,17.44,268.2,1
S9-AA-NOC-washout-dish1-014,AA,0,0.86,50.14,127.3,1
S9-AA-NOC-washout-dish1-014,AA,0,0.818,5.45,231.5,0
S9-AA-NOC-washout-dish1-014,AA,0,0.533,11.99,230.0,0
S9-AA-NOC-washout-dish1-014,AA,0,0.778,4.36,287.8,1
S9-AA-NOC-washout-dish1-014,AA,0,0.659,6.54,193.2,0
S9-AA-NOC-washout-dish1-014,AA,0,0.553,32.7,212.0,0
S9-AA-NOC-washout-dish1-014,AA,0,0.69,6.54,271.9,1
S9-AA-NOC-washout-dish1-014,AA,0,0.818,23.98,233.0,0
S9-AA-NOC-washout-dish1-014,AA,0,0.227,26.16,202.0,0
S9-AA-NOC-washout-dish1-014,AA,0,0.308,4.36,226.7,0
S9-AA-NOC-washout-dish1-014,AA,0,0.124,7.63,308.9,0
S9-AA-NOC-washout-dish1-014,AA,0,0.644,7.63,189.4,0
S9-AA-NOC-washout-dish1-014,AA,0,0.201,29.43,230.9,1
S9-AA-NOC-washout-dish1-014,AA,0,0.518,6.54,323.0,0
S9-AA-NOC-washout-dish1-014,AA,0,0.669,5.45,337.5,0
S9-AA-NOC-washout-dish1-014,AA,0,0.457,18.53,251.8,0
S9-AA-NOC-washout-dish1-014,AA,0,0.443,17.44,244.5,1
S9-AA-NOC-washout-dish1-014,AA,0,0.635,6.54,333.0,0
S9-AA-NOC-washout-dish1-014,AA,0,0.803,15.26,193.9,0
S9-AA-NOC-washout-dish1-014,AA,0,0.912,4.36,177.9,0
S9-AA-NOC-washout-dish1-014,AA,0,0.848,7.63,257.5,0
S9-AA-NOC-washout-dish1-014,AA,0,0.692,26.16,217.1,0
S9-AA-NOC-washout-dish1-014,AA,0,0.867,14.17,299.4,0
S9-AA-NOC-washout-dish1-014,AA,0,0.68,23.98,238.8,1
S9-AA-NOC-washout-dish1-014,AA,0,0.595,4.36,249.5,0
S9-AA-NOC-washout-dish1-014,AA,0,0.685,21.8,145.9,0
S9-AA-NOC-washout-dish1-014,AA,0,0.184,11.99,298.6,1
S9-AA-NOC-washout-dish1-014,AA,0,0.721,11.99,197.2,0
S9-AA-NOC-washout-dish1-014,AA,0,0.417,52.32,259.2,0
S9-AA-NOC-washout-dish1-014,AA,0,0.681,5.45,280.8,1
S9-AA-NOC-washout-dish1-014,AA,0,0.794,8.72,159.4,0
S9-AA-NOC-washout-dish1-014,AA,0,0.849,6.54,265.7,0
S9-AA-NOC-washout-dish1-014,AA,0,0.331,29.43,145.9,0
S9-AA-NOC-washout-dish1-014,AA,0,0.232,5.45,343.0,1
S9-AA-NOC-washout-dish1-014,AA,0,0.492,16.35,242.3,0
S9-AA-NOC-washout-dish1-014,AA,0,0.316,86.11,191.6,0
S9-AA-NOC-washout-dish1-014,AA,0,0.272,26.16,230.7,0
S9-AA-NOC-washout-dish1-014,AA,0,0.402,5.45,374.5,1
S9-AA-NOC-washout-dish1-014,AA,0,0.282,9.81,195.5,0
S9-AA-NOC-washout-dish1-014,AA,0,0.597,9.81,323.8,0
S9-AA-NOC-washout-dish1-014,AA,0,0.503,15.26,278.9,0
S9-AA-NOC-washout-dish1-014,AA,0,0.52,22.89,236.8,0
S9-AA-NOC-washout-dish1-014,AA,0,0.432,5.45,348.3,0
S9-AA-NOC-washout-dish1-014,AA,0,0.264,7.63,293.9,1
S9-AA-NOC-washout-dish1-014,AA,0,0.782,10.9,310.0,0
S9-AA-NOC-washout-dish1-014,AA,0,0.292,6.54,287.4,0
S9-AA-NOC-washout-dish1-014,AA,0,0.522,4.36,435.0,0
S9-AA-NOC-washout-dish1-014,AA,0,0.842,7.63,263.8,0
S9-AA-NOC-washout-dish1-014,AA,0,0.848,4.36,203.0,1
S9-AA-NOC-washout-dish1-014,AA,0,0.202,16.35,265.6,0
S9-AA-NOC-washout-dish1-014,AA,0,0.562,4.36,570.8,0
S9-AA-NOC-washout-dish1-014,AA,0,0.221,5.45,432.9,1
S9-AA-NOC-washout-dish1-014,AA,0,0.709,4.36,290.2,1
S9-AA-NOC-washout-dish1-014,AA,0,0.914,63.22,166.8,0
S9-AA-NOC-washout-dish1-014,AA,0,0.093,4.36,343.5,1
S9-AA-NOC-washout-dish1-014,AA,0,0.781,6.54,231.0,1
S9-AA-NOC-washout-dish1-014,AA,0,0.007,6.54,287.9,0
S9-AA-NOC-washout-dish1-014,AA,0,0.424,23.98,148.6,0
S9-AA-NOC-washout-dish1-014,AA,0,0.606,17.44,245.9,0
S9-AA-NOC-washout-dish1-014,AA,0,0.765,6.54,248.3,0
S9-AA-NOC-washout-dish1-014,AA,0,0.159,16.35,303.5,0
S9-AA-NOC-washout-dish1-014,AA,0,0.377,4.36,265.6,0
S9-AA-NOC-washout-dish1-014,AA,0,0.936,29.43,112.6,0
S9-AA-NOC-washout-dish1-014,AA,0,0.689,15.26,145.5,0
S9-AA-NOC-washout-dish1-014,AA,0,0.207,4.36,378.3,0
S9-AA-NOC-washout-dish1-014,AA,0,0.571,4.36,432.1,0
S9-AA-NOC-washout-dish1-014,AA,0,0.689,9.81,371.6,0
S9-AA-NOC-washout-dish1-014,AA,0,0.399,10.9,280.3,0
S9-AA-NOC-washout-dish1-014,AA,0,0.412,4.36,425.4,1
S9-AA-NOC-washout-dish1-014,AA,0,0.773,6.54,215.3,0
S9-AA-NOC-washout-dish1-014,AA,0,0.822,5.45,153.2,0
S9-AA-NOC-washout-dish1-014,AA,0,0.463,5.45,227.1,1
S9-AA-NOC-washout-dish1-014,AA,0,0.256,20.71,152.9,0
S9-AA-NOC-washout-dish1-014,AA,0,0.35,28.34,174.6,1
S9-AA-NOC-washout-dish1-014,AA,0,0.334,6.54,366.3,0
S9-AA-NOC-washout-dish1-014,AA,0,0.62,18.53,267.8,0
S9-AA-NOC-washout-dish1-014,AA,0,0.208,7.63,202.1,1
S9-AA-NOC-washout-dish1-014,AA,0,0.271,9.81,311.1,1
S9-AA-NOC-washout-dish1-014,AA,0,0.479,6.54,318.6,0
S9-AA-NOC-washout-dish1-014,AA,0,0.613,18.53,261.1,0
S9-AA-NOC-washout-dish1-014,AA,0,0.57,4.36,243.9,0
S9-AA-NOC-washout-dish1-014,AA,0,0.365,10.9,243.1,1
S9-AA-NOC-washout-dish1-014,AA,0,0.659,6.54,163.7,0
S9-AA-NOC-washout-dish1-014,AA,0,0.793,28.34,220.5,1
S9-AA-NOC-washout-dish1-014,AA,0,0.769,4.36,386.9,0
S9-AA-NOC-washout-dish1-014,AA,0,0.557,4.36,257.7,0
S9-AA-NOC-washout-dish1-014,AA,0,0.469,8.72,336.4,0
S9-AA-NOC-washout-dish1-014,AA,0,0.637,11.99,244.6,0
S9-AA-NOC-washout-dish1-014,AA,0,0.272,20.71,199.0,1
S9-AA-NOC-washout-dish1-014,AA,0,0.339,17.44,200.1,0
S9-AA-NOC-washout-dish1-014,AA,0,0.428,26.16,288.9,1
S9-AA-NOC-washout-dish1-014,AA,0,0.208,6.54,379.3,1
S9-AA-NOC-washout-dish1-014,AA,0,0.487,23.98,169.1,1
S9-AA-NOC-washout-dish1-014,AA,0,0.602,5.45,374.1,0
S9-AA-NOC-washout-dish1-014,AA,0,0.796,11.99,246.9,1
S9-AA-NOC-washout-dish1-014,AA,0,0.08,6.54,172.7,0
S9-AA-NOC-washout-dish1-014,AA,0,0.509,13.08,223.3,1
S9-AA-NOC-washout-dish1-014,AA,0,0.479,8.72,316.3,0
S9-AA-NOC-washout-dish1-014,AA,0,0.242,19.62,201.8,1
S9-AA-NOC-washout-dish1-014,AA,0,0.826,22.89,233.2,1
S9-AA-NOC-washout-dish1-014,AA,0,0.738,4.36,325.4,1
S9-AA-NOC-washout-dish1-014,AA,0,0.445,7.63,238.5,0
S9-AA-NOC-washout-dish1-014,AA,0,0.823,23.98,251.5,0
S9-AA-NOC-washout-dish1-014,AA,0,0.456,8.72,369.6,1
S9-AA-NOC-washout-dish1-014,AA,0,0.83,45.78,208.3,1
S9-AA-NOC-washout-dish1-014,AA,0,0.515,7.63,314.8,1
S9-AA-NOC-washout-dish1-014,AA,0,0.676,4.36,291.4,0
S9-AA-NOC-washout-dish1-014,AA,0,0.372,17.44,198.0,0
S9-AA-NOC-washout-dish1-014,AA,0,0.656,4.36,438.2,0
S9-AA-NOC-washout-dish1-014,AA,0,0.157,6.54,329.6,0
S9-AA-NOC-washout-dish1-014,AA,0,0.593,6.54,198.0,0
S9-AA-NOC-washout-dish1-014,AA,0,0.926,5.45,146.3,1
S9-AA-NOC-washout-dish1-014,AA,0,0.676,11.99,270.6,1
S9-AA-NOC-washout-dish1-014,AA,0,0.216,23.98,237.7,1
S9-AA-NOC-washout-dish1-014,AA,0,0.383,5.45,154.3,1
S9-AA-NOC-washout-dish1-014,AA,0,0.815,25.07,142.7,0
S9-AA-NOC-washout-dish1-014,AA,0,0.32,4.36,190.2,0
S9-AA-NOC-washout-dish1-014,AA,0,0.196,7.63,351.9,0
S9-AA-NOC-washout-dish1-014,AA,0,0.416,32.7,167.2,1
S9-AA-NOC-washout-dish1-014,AA,0,0.652,15.26,211.4,0
S9-AA-NOC-washout-dish1-014,AA,0,0.275,4.36,395.2,0
S9-AA-NOC-washout-dish1-014,AA,0,0.195,19.62,148.7,1
S9-AA-NOC-washout-dish1-014,AA,0,0.577,10.9,300.9,1
S9-AA-NOC-washout-dish1-014,AA,0,0.243,5.45,170.2,1
S9-AA-NOC-washout-dish1-014,AA,0,0.058,4.36,261.7,0
S9-AA-NOC-washout-dish1-014,AA,0,0.585,4.36,386.2,1
S9-AA-NOC-washout-dish1-014,AA,0,0.648,10.9,231.0,0
S9-AA-NOC-washout-dish1-014,AA,0,0.09,6.54,394.8,0
S9-AA-NOC-washout-dish1-014,AA,0,0.801,15.26,261.6,0
S9-AA-NOC-washout-dish1-014,AA,0,0.658,13.08,178.5,0
S9-AA-NOC-washout-dish1-014,AA,0,0.221,13.08,236.1,0
S9-AA-NOC-washout-dish1-014,AA,0,0.371,4.36,325.7,0
S9-AA-NOC-washout-dish1-014,AA,0,0.317,6.54,198.7,0
S9-AA-NOC-washout-dish1-014,AA,0,0.636,10.9,190.5,0
S9-AA-NOC-washout-dish1-014,AA,0,0.545,4.36,349.8,0
S9-AA-NOC-washout-dish1-014,AA,0,0.805,6.54,251.5,0
S9-AA-NOC-washout-dish1-014,AA,0,0.614,18.53,295.8,0
S9-AA-NOC-washout-dish1-014,AA,0,0.266,4.36,424.4,0
S9-AA-NOC-washout-dish1-014,AA,0,0.953,5.45,188.6,0
S9-AA-NOC-washout-dish1-014,AA,0,0.31,19.62,179.4,0
S9-AA-NOC-washout-dish1-014,AA,0,0.78,6.54,276.8,0
S9-AA-NOC-washout-dish1-014,AA,0,0.901,5.45,366.7,1
S9-AA-NOC-washout-dish1-014,AA,0,0.382,7.63,184.5,0
S9-AA-NOC-washout-dish1-014,AA,0,0.739,7.63,151.8,0
S9-AA-NOC-washout-dish1-014,AA,0,0.651,4.36,156.6,0
S9-AA-NOC-washout-dish1-014,AA,0,0.445,5.45,214.4,0
S9-AA-NOC-washout-dish1-014,AA,0,0.554,30.52,240.1,0
S9-AA-NOC-washout-dish1-014,AA,0,0.228,4.36,225.0,0
S9-AA-NOC-washout-dish1-014,AA,0,0.278,15.26,189.3,1
S9-AA-NOC-washout-dish1-014,AA,0,0.158,4.36,194.1,1
S9-AA-NOC-washout-dish1-014,AA,0,0.542,4.36,270.1,0
S9-AA-NOC-washout-dish1-014,AA,0,0.209,5.45,355.2,1
S9-AA-NOC-washout-dish1-014,AA,0,0.699,52.32,167.2,0
S9-AA-NOC-washout-dish1-014,AA,0,0.455,27.25,188.2,0
S9-AA-NOC-washout-dish1-014,AA,0,0.682,13.08,160.5,1
S9-AA-NOC-washout-dish1-014,AA,0,0.391,6.54,417.6,0
S9-AA-NOC-washout-dish1-014,AA,0,0.909,7.63,283.9,0
S9-AA-NOC-washout-dish1-014,AA,0,0.955,4.36,147.7,1
S9-AA-NOC-washout-dish1-014,AA,0,0.92,5.45,333.5,0
S9-AA-NOC-washout-dish1-014,AA,0,0.357,10.9,297.5,1
S9-AA-NOC-washout-dish1-014,AA,0,0.271,7.63,153.5,0
S9-AA-NOC-washout-dish1-014,AA,0,0.831,15.26,133.7,0
S9-AA-NOC-washout-dish1-014,AA,0,0.76,9.81,299.9,0
S9-AA-NOC-washout-dish1-014,AA,0,0.448,4.36,290.5,0
S9-AA-NOC-washout-dish1-014,AA,0,0.532,15.26,233.6,0
S9-AA-NOC-washout-dish1-014,AA,0,0.953,39.24,131.0,0
S9-AA-NOC-washout-dish1-014,AA,0,0.427,17.44,265.6,0
S9-AA-NOC-washout-dish1-014,AA,0,0.587,13.08,190.1,0
S9-AA-NOC-washout-dish1-014,AA,0,0.268,9.81,264.7,0
S9-AA-NOC-washout-dish1-014,AA,0,0.265,6.54,309.6,1
S9-AA-NOC-washout-dish1-014,AA,0,0.62,6.54,288.3,0
S9-AA-NOC-washout-dish1-014,AA,0,0.335,11.99,239.1,0
S9-AA-NOC-washout-dish1-014,AA,0,0.87,20.71,222.5,0
S9-AA-NOC-washout-dish1-014,AA,0,0.94,4.36,233.5,0
S9-AA-NOC-washout-dish1-014,AA,0,0.808,8.72,188.1,0
S9-AA-NOC-washout-dish1-014,AA,0,0.615,8.72,257.4,1
S9-AA-NOC-washout-dish1-014,AA,0,0.986,9.81,224.4,1
S9-AA-NOC-washout-dish1-014,AA,0,0.551,4.36,345.5,0
S9-AA-NOC-washout-dish1-014,AA,0,0.62,9.81,197.0,1
S9-AA-NOC-washout-dish1-014,AA,0,0.418,4.36,136.7,0
S9-AA-NOC-washout-dish1-014,AA,0,0.759,8.72,241.0,0
S9-AA-NOC-washout-dish1-014,AA,0,0.705,4.36,290.5,0
S9-AA-NOC-washout-dish1-014,AA,0,0.319,39.24,184.5,1
S9-AA-NOC-washout-dish1-014,AA,0,0.43,8.72,160.2,1
S9-AA-NOC-washout-dish1-014,AA,0,0.346,15.26,329.9,0
S9-AA-NOC-washout-dish1-014,AA,0,0.814,15.26,179.8,1
S9-AA-NOC-washout-dish1-014,AA,0,0.466,10.9,337.6,1
S9-AA-NOC-washout-dish1-014,AA,0,0.554,8.72,273.6,0
S9-AA-NOC-washout-dish1-014,AA,0,0.425,4.36,515.2,0
S9-AA-NOC-washout-dish1-014,AA,0,0.629,8.72,273.6,1
S9-AA-NOC-washout-dish1-014,AA,0,0.94,15.26,236.9,1
S9-AA-NOC-washout-dish1-014,AA,0,0.186,5.45,254.4,1
S9-AA-NOC-washout-dish1-014,AA,0,0.689,35.97,177.1,0
S9-AA-NOC-washout-dish1-014,AA,0,0.85,25.07,108.8,1
S9-AA-NOC-washout-dish1-014,AA,0,0.632,7.63,324.9,1
S9-AA-NOC-washout-dish1-014,AA,0,0.88,4.36,467.3,1
S9-AA-NOC-washout-dish1-014,AA,0,0.902,11.99,252.6,0
S9-AA-NOC-washout-dish1-014,AA,0,0.124,6.54,382.7,1
S9-AA-NOC-washout-dish1-014,AA,0,0.724,22.89,156.7,0
S9-AA-NOC-washout-dish1-014,AA,0,0.945,18.53,239.4,0
S9-AA-NOC-washout-dish1-014,AA,0,0.95,22.89,191.3,0
S9-AA-NOC-washout-dish1-014,AA,0,0.076,32.7,202.0,0
S9-AA-NOC-washout-dish1-014,AA,0,0.513,4.36,502.5,0
S9-AA-NOC-washout-dish1-014,AA,0,0.132,23.98,207.7,1
S9-AA-NOC-washout-dish1-014,AA,0,0.55,6.54,301.4,0
S9-AA-NOC-washout-dish1-014,AA,0,0.194,5.45,332.3,1
S9-AA-NOC-washout-dish1-014,AA,0,0.34,7.63,148.7,1
S9-AA-NOC-washout-dish1-014,AA,0,0.855,16.35,243.4,0
S9-AA-NOC-washout-dish1-014,AA,0,0.851,9.81,248.6,0
S9-AA-NOC-washout-dish1-014,AA,0,0.538,4.36,375.2,1
S9-AA-NOC-washout-dish1-014,AA,0,0.493,5.45,156.9,0
S9-AA-NOC-washout-dish1-014,AA,0,0.352,4.36,238.1,0
S9-AA-NOC-washout-dish1-014,AA,0,0.712,10.9,354.4,1
S9-AA-NOC-washout-dish1-014,AA,0,0.676,5.45,330.6,1
S9-AA-NOC-washout-dish1-014,AA,0,0.651,8.72,203.2,0
S9-AA-NOC-washout-dish1-014,AA,0,0.842,30.52,169.0,0
S9-AA-NOC-washout-dish1-014,AA,0,0.499,4.36,246.3,0
S9-AA-NOC-washout-dish1-014,AA,0,0.516,28.34,139.7,0
S9-AA-NOC-washout-dish1-014,AA,0,0.515,10.9,161.0,0
S9-AA-NOC-washout-dish1-014,AA,0,0.779,10.9,177.0,0
S9-AA-NOC-washout-dish1-014,AA,0,0.27,5.45,433.9,0
S9-AA-NOC-washout-dish1-014,AA,0,0.121,7.63,357.4,0
S9-AA-NOC-washout-dish1-014,AA,0,0.483,21.8,170.7,0
S9-AA-NOC-washout-dish1-014,AA,0,0.337,10.9,147.0,0
S9-AA-NOC-washout-dish1-014,AA,0,0.686,23.98,232.1,0
S9-AA-NOC-washout-dish1-014,AA,0,0.807,18.53,243.1,0
S9-AA-NOC-washout-dish1-014,AA,0,0.153,4.36,125.8,0
S9-AA-NOC-washout-dish1-014,AA,0,0.185,21.8,213.4,0
S9-AA-NOC-washout-dish1-014,AA,0,0.941,16.35,175.2,0
S9-AA-NOC-washout-dish1-014,AA,0,0.537,7.63,197.7,1
S9-AA-NOC-washout-dish1-014,AA,0,0.411,9.81,233.2,0
S9-AA-NOC-washout-dish1-014,AA,0,0.494,4.36,308.1,0
S9-AA-NOC-washout-dish1-014,AA,0,0.201,4.36,199.5,0
S9-AA-NOC-washout-dish1-014,AA,0,0.954,11.99,241.2,0
S9-AA-NOC-washout-dish1-014,AA,0,0.157,6.54,233.7,0
S9-AA-NOC-washout-dish1-014,AA,0,0.655,15.26,195.9,0
S9-AA-NOC-washout-dish1-014,AA,0,0.487,10.9,231.3,0
S9-AA-NOC-washout-dish1-014,AA,0,0.635,7.63,257.0,1
S9-AA-NOC-washout-dish1-014,AA,0,0.676,6.54,337.2,1
S9-AA-NOC-washout-dish1-014,AA,0,0.273,5.45,278.0,0
S9-AA-NOC-washout-dish1-014,AA,0,0.261,5.45,343.0,1
S9-AA-NOC-washout-dish1-014,AA,0,0.515,19.62,101.7,1
S9-AA-NOC-washout-dish1-014,AA,0,0.068,5.45,321.4,0
S9-AA-NOC-washout-dish1-014,AA,0,0.172,14.17,126.0,1
S9-AA-NOC-washout-dish1-014,AA,0,0.871,15.26,170.2,1
S9-AA-NOC-washout-dish1-014,AA,0,0.227,11.99,277.5,0
S9-AA-NOC-washout-dish1-014,AA,0,0.21,4.36,401.3,1
S9-AA-NOC-washout-dish1-014,AA,0,0.859,15.26,256.6,0
S9-AA-NOC-washout-dish1-014,AA,0,0.556,11.99,176.4,0
S9-AA-NOC-washout-dish1-014,AA,0,0.864,11.99,130.0,1
S9-AA-NOC-washout-dish1-014,AA,0,0.778,5.45,322.7,0
S9-AA-NOC-washout-dish1-014,AA,0,0.426,4.36,257.8,0
S9-AA-NOC-washout-dish1-014,AA,0,0.552,10.9,231.0,0
S9-AA-NOC-washout-dish1-014,AA,0,0.958,9.81,147.7,0
S9-AA-NOC-washout-dish1-014,AA,0,0.622,5.45,292.1,0
S9-AA-NOC-washout-dish1-014,AA,0,0.94,5.45,218.5,0
S9-AA-NOC-washout-dish1-014,AA,0,0.537,6.54,260.4,0
S9-AA-NOC-washout-dish1-014,AA,0,0.862,7.63,198.9,1
S9-AA-NOC-washout-dish1-014,AA,0,0.696,4.36,227.3,1
S9-AA-NOC-washout-dish1-014,AA,0,0.119,9.81,199.2,0
S9-AA-NOC-washout-dish1-014,AA,0,0.726,8.72,140.8,0
S9-AA-NOC-washout-dish1-014,AA,0,0.087,7.63,151.8,1
S9-AA-NOC-washout-dish1-014,AA,0,0.238,9.81,164.5,0
S9-AA-NOC-washout-dish1-014,AA,0,0.981,9.81,172.8,1
S9-AA-NOC-washout-dish1-014,AA,0,0.739,9.81,262.8,0
S9-AA-NOC-washout-dish1-014,AA,0,0.589,7.63,301.4,0
S9-AA-NOC-washout-dish1-014,AA,0,0.547,10.9,241.4,0
S9-AA-NOC-washout-dish1-014,AA,0,0.638,7.63,228.2,1
S9-AA-NOC-washout-dish1-014,AA,0,0.179,7.63,97.3,0
S9-AA-NOC-washout-dish1-014,AA,0,0.779,7.63,284.0,0
S9-AA-NOC-washout-dish1-014,AA,0,0.444,7.63,315.5,0
S9-AA-NOC-washout-dish1-014,AA,0,0.465,5.45,211.5,1
S9-AA-NOC-washout-dish1-014,AA,0,0.749,5.45,209.2,1
S9-AA-NOC-washout-dish1-014,AA,0,0.755,4.36,174.2,1
S9-AA-NOC-washout-dish1-014,AA,0,0.539,5.45,142.8,0
S9-AA-NOC-washout-dish1-014,AA,0,0.985,4.36,171.4,0
S9-AA-NOC-washout-dish1-014,AA,0,0.876,5.45,306.5,0
S9-AA-NOC-washout-dish1-014,AA,0,0.155,4.36,144.7,0
S9-AA-NOC-washout-dish1-014,AA,0,0.923,4.36,349.9,0
S9-AA-NOC-washout-dish1-014,AA,0,0.771,4.36,327.0,1
S9-AA-NOC-washout-dish1-015,AA,0,0.713,35.97,168.0,1
S9-AA-NOC-washout-dish1-015,AA,0,0.663,11.99,198.2,0
S9-AA-NOC-washout-dish1-015,AA,0,0.825,7.63,211.0,0
S9-AA-NOC-washout-dish1-015,AA,0,0.86,27.25,201.2,0
S9-AA-NOC-washout-dish1-015,AA,0,0.921,9.81,168.5,1
S9-AA-NOC-washout-dish1-015,AA,0,0.862,18.53,152.3,0
S9-AA-NOC-washout-dish1-015,AA,0,0.455,20.71,280.9,1
S9-AA-NOC-washout-dish1-015,AA,0,0.648,4.36,250.6,1
S9-AA-NOC-washout-dish1-015,AA,0,0.43,11.99,119.4,1
S9-AA-NOC-washout-dish1-015,AA,0,0.71,69.76,125.0,1
S9-AA-NOC-washout-dish1-015,AA,0,0.706,27.25,109.7,0
S9-AA-NOC-washout-dish1-015,AA,0,0.742,10.9,220.6,0
S9-AA-NOC-washout-dish1-015,AA,0,0.962,38.15,113.5,0
S9-AA-NOC-washout-dish1-015,AA,0,0.182,7.63,285.9,1
S9-AA-NOC-washout-dish1-015,AA,0,0.419,7.63,305.9,0
S9-AA-NOC-washout-dish1-015,AA,0,0.838,11.99,216.4,0
S9-AA-NOC-washout-dish1-015,AA,0,0.366,6.54,252.6,0
S9-AA-NOC-washout-dish1-015,AA,0,0.126,13.08,293.0,1
S9-AA-NOC-washout-dish1-015,AA,0,0.308,35.97,132.1,1
S9-AA-NOC-washout-dish1-015,AA,0,0.429,19.62,162.9,0
S9-AA-NOC-washout-dish1-015,AA,0,0.321,26.16,253.8,0
S9-AA-NOC-washout-dish1-015,AA,0,0.641,65.4,236.9,0
S9-AA-NOC-washout-dish1-015,AA,0,0.339,10.9,382.1,0
S9-AA-NOC-washout-dish1-015,AA,0,0.578,6.54,227.3,1
S9-AA-NOC-washout-dish1-015,AA,0,0.369,10.9,310.8,1
S9-AA-NOC-washout-dish1-015,AA,0,0.222,13.08,224.1,1
S9-AA-NOC-washout-dish1-015,AA,0,0.289,5.45,272.3,0
S9-AA-NOC-washout-dish1-015,AA,0,0.513,7.63,258.2,1
S9-AA-NOC-washout-dish1-015,AA,0,0.471,34.88,228.3,1
S9-AA-NOC-washout-dish1-015,AA,0,0.95,10.9,131.3,0
S9-AA-NOC-washout-dish1-015,AA,0,0.151,16.35,232.1,0
S9-AA-NOC-washout-dish1-015,AA,0,0.249,14.17,184.8,0
S9-AA-NOC-washout-dish1-015,AA,0,0.788,19.62,224.4,0
S9-AA-NOC-washout-dish1-015,AA,0,0.836,6.54,174.3,0
S9-AA-NOC-washout-dish1-015,AA,0,0.841,17.44,222.6,1
S9-AA-NOC-washout-dish1-015,AA,0,0.811,6.54,259.3,0
S9-AA-NOC-washout-dish1-015,AA,0,0.282,8.72,198.6,0
S9-AA-NOC-washout-dish1-015,AA,0,0.895,16.35,139.7,0
S9-AA-NOC-washout-dish1-015,AA,0,0.743,4.36,195.5,1
S9-AA-NOC-washout-dish1-015,AA,0,0.381,4.36,259.9,1
S9-AA-NOC-washout-dish1-015,AA,0,0.421,16.35,254.2,0
S9-AA-NOC-washout-dish1-015,AA,0,0.526,4.36,251.2,0
S9-AA-NOC-washout-dish1-015,AA,0,0.707,13.08,144.7,0
S9-AA-NOC-washout-dish1-015,AA,0,0.411,16.35,128.7,1
S9-AA-NOC-washout-dish1-015,AA,0,0.646,7.63,261.4,1
S9-AA-NOC-washout-dish1-015,AA,0,0.759,7.63,275.4,0
S9-AA-NOC-washout-dish1-015,AA,0,0.431,17.44,297.8,0
S9-AA-NOC-washout-dish1-015,AA,0,0.88,8.72,209.9,0
S9-AA-NOC-washout-dish1-015,AA,0,0.825,16.35,309.9,1
S9-AA-NOC-washout-dish1-015,AA,0,0.874,34.88,149.6,0
S9-AA-NOC-washout-dish1-015,AA,0,0.809,6.54,323.1,0
S9-AA-NOC-washout-dish1-015,AA,0,0.874,14.17,207.4,0
S9-AA-NOC-washout-dish1-015,AA,0,0.633,13.08,171.4,1
S9-AA-NOC-washout-dish1-015,AA,0,0.633,13.08,238.8,0
S9-AA-NOC-washout-dish1-015,AA,0,0.485,7.63,226.4,0
S9-AA-NOC-washout-dish1-015,AA,0,0.463,8.72,214.5,0
S9-AA-NOC-washout-dish1-015,AA,0,0.093,7.63,245.5,0
S9-AA-NOC-washout-dish1-015,AA,0,0.704,34.88,154.9,0
S9-AA-NOC-washout-dish1-015,AA,0,0.448,5.45,367.9,0
S9-AA-NOC-washout-dish1-015,AA,0,0.407,23.98,272.9,0
S9-AA-NOC-washout-dish1-015,AA,0,0.354,5.45,333.3,0
S9-AA-NOC-washout-dish1-015,AA,0,0.743,4.36,189.8,0
S9-AA-NOC-washout-dish1-015,AA,0,0.829,14.17,164.2,1
S9-AA-NOC-washout-dish1-015,AA,0,0.242,10.9,305.5,0
S9-AA-NOC-washout-dish1-015,AA,0,0.817,11.99,241.5,0
S9-AA-NOC-washout-dish1-015,AA,0,0.39,10.9,158.4,1
S9-AA-NOC-washout-dish1-015,AA,0,0.796,23.98,230.2,0
S9-AA-NOC-washout-dish1-015,AA,0,0.693,16.35,235.0,1
S9-AA-NOC-washout-dish1-015,AA,0,0.229,11.99,260.9,0
S9-AA-NOC-washout-dish1-015,AA,0,0.203,7.63,184.6,1
S9-AA-NOC-washout-dish1-015,AA,0,0.394,8.72,278.8,0
S9-AA-NOC-washout-dish1-015,AA,0,0.453,7.63,318.2,0
S9-AA-NOC-washout-dish1-015,AA,0,0.66,16.35,199.4,1
S9-AA-NOC-washout-dish1-015,AA,0,0.882,37.06,195.9,0
S9-AA-NOC-washout-dish1-015,AA,0,0.753,39.24,197.9,0
S9-AA-NOC-washout-dish1-015,AA,0,0.795,9.81,130.5,0
S9-AA-NOC-washout-dish1-015,AA,0,0.46,7.63,299.4,0
S9-AA-NOC-washout-dish1-015,AA,0,0.472,22.89,190.3,0
S9-AA-NOC-washout-dish1-015,AA,0,0.439,13.08,177.6,0
S9-AA-NOC-washout-dish1-015,AA,0,0.649,27.25,118.6,1
S9-AA-NOC-washout-dish1-015,AA,0,0.394,6.54,183.6,1
S9-AA-NOC-washout-dish1-015,AA,0,0.654,6.54,300.0,1
S9-AA-NOC-washout-dish1-015,AA,0,0.473,5.45,241.7,1
S9-AA-NOC-washout-dish1-015,AA,0,0.891,17.44,286.7,1
S9-AA-NOC-washout-dish1-015,AA,0,0.596,7.63,225.6,0
S9-AA-NOC-washout-dish1-015,AA,0,0.9,19.62,234.4,1
S9-AA-NOC-washout-dish1-015,AA,0,0.85,23.98,204.9,1
S9-AA-NOC-washout-dish1-015,AA,0,0.815,8.72,264.4,0
S9-AA-NOC-washout-dish1-015,AA,0,0.641,21.8,238.5,0
S9-AA-NOC-washout-dish1-015,AA,0,0.78,65.4,203.6,0
S9-AA-NOC-washout-dish1-015,AA,0,0.654,18.53,205.1,1
S9-AA-NOC-washout-dish1-015,AA,0,0.655,18.53,210.5,1
S9-AA-NOC-washout-dish1-015,AA,0,0.321,9.81,324.8,1
S9-AA-NOC-washout-dish1-015,AA,0,0.196,7.63,304.9,1
S9-AA-NOC-washout-dish1-015,AA,0,0.463,53.41,187.7,0
S9-AA-NOC-washout-dish1-015,AA,0,0.987,49.05,210.3,1
S9-AA-NOC-washout-dish1-015,AA,0,0.393,14.17,292.7,1
S9-AA-NOC-washout-dish1-015,AA,0,0.426,4.36,412.5,0
S9-AA-NOC-washout-dish1-015,AA,0,0.246,11.99,198.1,0
S9-AA-NOC-washout-dish1-015,AA,0,0.215,6.54,307.5,1
S9-AA-NOC-washout-dish1-015,AA,0,0.137,4.36,129.5,0
S9-AA-NOC-washout-dish1-015,AA,0,0.725,8.72,210.6,0
S9-AA-NOC-washout-dish1-015,AA,0,0.281,9.81,334.3,1
S9-AA-NOC-washout-dish1-015,AA,0,0.245,5.45,230.7,0
S9-AA-NOC-washout-dish1-015,AA,0,0.373,6.54,331.5,0
S9-AA-NOC-washout-dish1-015,AA,0,0.689,10.9,338.3,1
S9-AA-NOC-washout-dish1-015,AA,0,0.821,16.35,192.9,1
S9-AA-NOC-washout-dish1-015,AA,0,0.368,6.54,194.4,1
S9-AA-NOC-washout-dish1-015,AA,0,0.567,9.81,232.5,0
S9-AA-NOC-washout-dish1-015,AA,0,0.447,8.72,202.6,0
S9-AA-NOC-washout-dish1-015,AA,0,0.077,5.45,265.1,0
S9-AA-NOC-washout-dish1-015,AA,0,0.842,6.54,192.7,1
S9-AA-NOC-washout-dish1-015,AA,0,0.356,18.53,143.1,1
S9-AA-NOC-washout-dish1-015,AA,0,0.314,27.25,196.3,0
S9-AA-NOC-washout-dish1-015,AA,0,0.458,4.36,386.7,1
S9-AA-NOC-washout-dish1-015,AA,0,0.473,10.9,329.4,0
S9-AA-NOC-washout-dish1-015,AA,0,0.313,10.9,197.6,1
S9-AA-NOC-washout-dish1-015,AA,0,0.829,13.08,234.6,0
S9-AA-NOC-washout-dish1-015,AA,0,0.12,5.45,301.1,0
S9-AA-NOC-washout-dish1-015,AA,0,0.851,6.54,202.8,0
S9-AA-NOC-washout-dish1-015,AA,0,0.392,11.99,193.7,0
S9-AA-NOC-washout-dish1-015,AA,0,0.246,4.36,327.8,0
S9-AA-NOC-washout-dish1-015,AA,0,0.661,23.98,247.2,0
S9-AA-NOC-washout-dish1-015,AA,0,0.579,26.16,186.5,0
S9-AA-NOC-washout-dish1-015,AA,0,0.743,6.54,311.8,0
S9-AA-NOC-washout-dish1-015,AA,0,0.674,37.06,249.2,1
S9-AA-NOC-washout-dish1-015,AA,0,0.959,8.72,364.8,1
S9-AA-NOC-washout-dish1-015,AA,0,0.265,23.98,106.5,0
S9-AA-NOC-washout-dish1-015,AA,0,0.38,11.99,161.8,0
S9-AA-NOC-washout-dish1-015,AA,0,0.632,11.99,353.3,0
S9-AA-NOC-washout-dish1-015,AA,0,0.534,8.72,305.5,0
S9-AA-NOC-washout-dish1-015,AA,0,0.259,8.72,212.0,0
S9-AA-NOC-washout-dish1-015,AA,0,0.874,34.88,167.2,1
S9-AA-NOC-washout-dish1-015,AA,0,0.761,15.26,215.3,1
S9-AA-NOC-washout-dish1-015,AA,0,0.7,18.53,215.1,0
S9-AA-NOC-washout-dish1-015,AA,0,0.68,5.45,304.3,0
S9-AA-NOC-washout-dish1-015,AA,0,0.389,23.98,139.6,1
S9-AA-NOC-washout-dish1-015,AA,0,0.96,7.63,274.4,1
S9-AA-NOC-washout-dish1-015,AA,0,0.551,31.61,204.1,1
S9-AA-NOC-washout-dish1-015,AA,0,0.571,9.81,305.6,0
S9-AA-NOC-washout-dish1-015,AA,0,0.602,38.15,222.7,1
S9-AA-NOC-washout-dish1-015,AA,0,0.418,8.72,269.1,0
S9-AA-NOC-washout-dish1-015,AA,0,0.046,4.36,328.2,1
S9-AA-NOC-washout-dish1-015,AA,0,0.761,18.53,256.4,1
S9-AA-NOC-washout-dish1-015,AA,0,0.655,17.44,298.6,0
S9-AA-NOC-washout-dish1-015,AA,0,0.879,19.62,202.4,0
S9-AA-NOC-washout-dish1-015,AA,0,0.574,6.54,251.6,0
S9-AA-NOC-washout-dish1-015,AA,0,0.264,9.81,374.9,1
S9-AA-NOC-washout-dish1-015,AA,0,0.646,8.72,272.4,0
S9-AA-NOC-washout-dish1-015,AA,0,0.604,7.63,248.4,0
S9-AA-NOC-washout-dish1-015,AA,0,0.275,6.54,229.6,1
S9-AA-NOC-washout-dish1-015,AA,0,0.664,23.98,256.8,1
S9-AA-NOC-washout-dish1-015,AA,0,0.949,11.99,215.5,1
S9-AA-NOC-washout-dish1-015,AA,0,0.245,42.51,112.1,0
S9-AA-NOC-washout-dish1-015,AA,0,0.375,9.81,179.0,0
S9-AA-NOC-washout-dish1-015,AA,0,0.407,7.63,224.8,0
S9-AA-NOC-washout-dish1-015,AA,0,0.624,6.54,284.8,1
S9-AA-NOC-washout-dish1-015,AA,0,0.632,52.32,157.5,1
S9-AA-NOC-washout-dish1-015,AA,0,0.878,11.99,256.1,1
S9-AA-NOC-washout-dish1-015,AA,0,0.542,14.17,263.4,0
S9-AA-NOC-washout-dish1-015,AA,0,0.576,17.44,171.3,0
S9-AA-NOC-washout-dish1-015,AA,0,0.184,5.45,411.6,0
S9-AA-NOC-washout-dish1-015,AA,0,0.328,40.33,193.4,1
S9-AA-NOC-washout-dish1-015,AA,0,0.413,30.52,267.3,1
S9-AA-NOC-washout-dish1-015,AA,0,0.986,28.34,202.8,1
S9-AA-NOC-washout-dish1-015,AA,0,0.678,4.36,250.7,0
S9-AA-NOC-washout-dish1-015,AA,0,0.645,4.36,309.5,0
S9-AA-NOC-washout-dish1-015,AA,0,0.267,5.45,253.9,0
S9-AA-NOC-washout-dish1-015,AA,0,0.919,11.99,293.6,0
S9-AA-NOC-washout-dish1-015,AA,0,0.481,13.08,170.2,1
S9-AA-NOC-washout-dish1-015,AA,0,0.868,44.69,235.3,1
S9-AA-NOC-washout-dish1-015,AA,0,0.769,4.36,308.9,1
S9-AA-NOC-washout-dish1-015,AA,0,0.722,5.45,209.6,0
S9-AA-NOC-washout-dish1-015,AA,0,0.904,5.45,207.9,0
S9-AA-NOC-washout-dish1-015,AA,0,0.419,6.54,241.5,1
S9-AA-NOC-washout-dish1-015,AA,0,0.412,9.81,207.9,0
S9-AA-NOC-washout-dish1-015,AA,0,0.699,8.72,281.7,1
S9-AA-NOC-washout-dish1-015,AA,0,0.596,7.63,329.6,0
S9-AA-NOC-washout-dish1-015,AA,0,0.251,6.54,139.4,0
S9-AA-NOC-washout-dish1-015,AA,0,0.076,4.36,308.9,0
S9-AA-NOC-washout-dish1-015,AA,0,0.276,9.81,97.5,0
S9-AA-NOC-washout-dish1-015,AA,0,0.608,5.45,315.3,1
S9-AA-NOC-washout-dish1-015,AA,0,0.703,15.26,357.5,0
S9-AA-NOC-washout-dish1-015,AA,0,0.514,5.45,317.3,0
S9-AA-NOC-washout-dish1-015,AA,0,0.511,43.6,145.5,1
S9-AA-NOC-washout-dish1-015,AA,0,0.599,4.36,240.3,0
S9-AA-NOC-washout-dish1-015,AA,0,0.525,41.42,133.3,0
S9-AA-NOC-washout-dish1-015,AA,0,0.746,7.63,238.8,0
S9-AA-NOC-washout-dish1-015,AA,0,0.752,23.98,275.2,0
S9-AA-NOC-washout-dish1-015,AA,0,0.499,9.81,319.2,0
S9-AA-NOC-washout-dish1-015,AA,0,0.635,11.99,328.6,0
S9-AA-NOC-washout-dish1-015,AA,0,0.577,6.54,160.9,1
S9-AA-NOC-washout-dish1-015,AA,0,0.601,9.81,332.6,0
S9-AA-NOC-washout-dish1-015,AA,0,0.802,5.45,183.1,1
S9-AA-NOC-washout-dish1-015,AA,0,0.827,5.45,306.1,0
S9-AA-NOC-washout-dish1-015,AA,0,0.389,7.63,191.1,0
S9-AA-NOC-washout-dish1-015,AA,0,0.364,6.54,422.0,1
S9-AA-NOC-washout-dish1-015,AA,0,0.535,7.63,214.5,0
S9-AA-NOC-washout-dish1-015,AA,0,0.358,16.35,295.3,1
S9-AA-NOC-washout-dish1-015,AA,0,0.734,33.79,165.7,1
S9-AA-NOC-washout-dish1-015,AA,0,0.85,13.08,239.9,0
S9-AA-NOC-washout-dish1-015,AA,0,0.63,4.36,211.8,0
S9-AA-NOC-washout-dish1-015,AA,0,0.905,20.71,206.1,0
S9-AA-NOC-washout-dish1-015,AA,0,0.489,5.45,244.9,0
S9-AA-NOC-washout-dish1-015,AA,0,0.919,16.35,251.8,0
S9-AA-NOC-washout-dish1-015,AA,0,0.943,5.45,265.7,0
S9-AA-NOC-washout-dish1-015,AA,0,0.111,7.63,337.6,0
S9-AA-NOC-washout-dish1-015,AA,0,0.392,5.45,460.9,1
S9-AA-NOC-washout-dish1-015,AA,0,0.295,21.8,284.2,1
S9-AA-NOC-washout-dish1-015,AA,0,0.514,8.72,372.2,0
S9-AA-NOC-washout-dish1-015,AA,0,0.457,5.45,300.7,0
S9-AA-NOC-washout-dish1-015,AA,0,0.955,8.72,263.5,0
S9-AA-NOC-washout-dish1-015,AA,0,0.88,27.25,124.5,1
S9-AA-NOC-washout-dish1-015,AA,0,0.779,9.81,340.6,0
S9-AA-NOC-washout-dish1-015,AA,0,0.873,11.99,180.9,1
S9-AA-NOC-washout-dish1-015,AA,0,0.425,6.54,90.6,0
S9-AA-NOC-washout-dish1-015,AA,0,0.498,5.45,276.4,0
S9-AA-NOC-washout-dish1-015,AA,0,0.781,4.36,283.2,1
S9-AA-NOC-washout-dish1-015,AA,0,0.209,5.45,288.5,0
S9-AA-NOC-washout-dish1-015,AA,0,0.603,5.45,175.9,0
S9-AA-NOC-washout-dish1-015,AA,0,0.653,8.72,228.2,1
S9-AA-NOC-washout-dish1-015,AA,0,0.462,26.16,167.5,1
S9-AA-NOC-washout-dish1-015,AA,0,0.349,4.36,156.8,0
S9-AA-NOC-washout-dish1-015,AA,0,0.778,9.81,195.8,0
S9-AA-NOC-washout-dish1-015,AA,0,0.85,18.53,176.0,1
S9-AA-NOC-washout-dish1-015,AA,0,0.308,8.72,222.8,0
S9-AA-NOC-washout-dish1-015,AA,0,0.201,9.81,303.4,0
S9-AA-NOC-washout-dish1-015,AA,0,0.467,10.9,236.0,0
S9-AA-NOC-washout-dish1-015,AA,0,0.361,5.45,182.0,1
S9-AA-NOC-washout-dish1-015,AA,0,0.686,4.36,206.9,0
S9-AA-NOC-washout-dish1-015,AA,0,0.548,19.62,224.5,0
S9-AA-NOC-washout-dish1-015,AA,0,0.836,18.53,129.3,0
S9-AA-NOC-washout-dish1-015,AA,0,0.412,4.36,271.3,1
S9-AA-NOC-washout-dish1-015,AA,0,0.377,6.54,168.4,0
S9-AA-NOC-washout-dish1-015,AA,0,0.9,5.45,255.4,0
S9-AA-NOC-washout-dish1-015,AA,0,0.533,5.45,165.3,1
S9-AA-NOC-washout-dish1-015,AA,0,0.484,7.63,228.5,0
S9-AA-NOC-washout-dish1-015,AA,0,0.182,16.35,151.9,0
S9-AA-NOC-washout-dish1-015,AA,0,0.349,4.36,254.1,1
S9-AA-NOC-washout-dish1-015,AA,0,0.718,7.63,301.8,0
S9-AA-NOC-washout-dish1-015,AA,0,0.961,15.26,227.8,0
S9-AA-NOC-washout-dish1-015,AA,0,0.313,6.54,292.0,0
S9-AA-NOC-washout-dish1-015,AA,0,0.207,9.81,190.3,0
S9-AA-NOC-washout-dish1-015,AA,0,0.352,8.72,182.2,0
S9-AA-NOC-washout-dish1-015,AA,0,0.53,5.45,340.7,1
S9-AA-NOC-washout-dish1-015,AA,0,0.736,9.81,242.7,0
S9-AA-NOC-washout-dish1-015,AA,0,0.283,5.45,382.0,0
S9-AA-NOC-washout-dish1-015,AA,0,0.678,4.36,329.4,0
S9-AA-NOC-washout-dish1-015,AA,0,0.695,10.9,173.5,0
S9-AA-NOC-washout-dish1-015,AA,0,0.408,9.81,185.1,0
S9-AA-NOC-washout-dish1-015,AA,0,0.675,6.54,196.6,0
S9-AA-NOC-washout-dish1-015,AA,0,0.608,9.81,196.6,0
S9-AA-NOC-washout-dish1-015,AA,0,0.787,6.54,231.2,0
S9-AA-NOC-washout-dish1-015,AA,0,0.433,7.63,135.1,0
S9-AA-NOC-washout-dish1-015,AA,0,0.468,4.36,210.2,0
S9-AA-NOC-washout-dish1-015,AA,0,0.103,6.54,122.3,1
S9-AA-NOC-washout-dish1-015,AA,0,0.493,5.45,233.2,1
S9-AA-NOC-washout-dish1-015,AA,0,0.53,5.45,319.4,0
S9-AA-NOC-washout-dish1-015,AA,0,0.196,4.36,198.9,0
S9-AA-NOC-washout-dish1-015,AA,1,0.802,33.79,151.2,0
S9-AA-NOC-washout-dish1-015,AA,1,0.878,25.07,170.9,1
S9-AA-NOC-washout-dish1-015,AA,1,0.296,7.63,146.5,0
S9-AA-NOC-washout-dish1-015,AA,1,0.322,16.35,236.2,1
S9-AA-NOC-washout-dish1-015,AA,1,0.406,16.35,232.0,0
S9-AA-NOC-washout-dish1-015,AA,1,0.826,35.97,105.1,0
S9-AA-NOC-washout-dish1-015,AA,1,0.62,16.35,161.5,1
S9-AA-NOC-washout-dish1-015,AA,1,0.923,39.24,167.9,1
S9-AA-NOC-washout-dish1-015,AA,1,0.547,28.34,176.4,1
S9-AA-NOC-washout-dish1-015,AA,1,0.83,61.04,125.6,1
S9-AA-NOC-washout-dish1-015,AA,1,0.716,23.98,177.0,0
S9-AA-NOC-washout-dish1-015,AA,1,0.847,111.18,139.0,1
S9-AA-NOC-washout-dish1-015,AA,1,0.933,23.98,141.5,1
S9-AA-NOC-washout-dish1-015,AA,1,0.438,16.35,115.7,1
S9-AA-NOC-washout-dish1-015,AA,1,0.698,14.17,194.1,0
S9-AA-NOC-washout-dish1-015,AA,1,0.904,8.72,151.6,1
S9-AA-NOC-washout-dish1-015,AA,1,0.349,13.08,190.6,1
S9-AA-NOC-washout-dish1-015,AA,1,0.634,11.99,254.6,0
S9-AA-NOC-washout-dish1-015,AA,1,0.656,31.61,138.8,1
S9-AA-NOC-washout-dish1-015,AA,1,0.101,9.81,207.3,0
S9-AA-NOC-washout-dish1-015,AA,1,0.454,7.63,223.5,1
S9-AA-NOC-washout-dish1-015,AA,1,0.671,43.6,171.4,1
S9-AA-NOC-washout-dish1-015,AA,1,0.351,45.78,133.7,1
S9-AA-NOC-washout-dish1-015,AA,1,0.262,5.45,281.5,0
S9-AA-NOC-washout-dish1-015,AA,1,0.73,40.33,146.3,1
S9-AA-NOC-washout-dish1-015,AA,1,0.251,9.81,332.8,0
S9-AA-NOC-washout-dish1-015,AA,1,0.746,18.53,188.8,1
S9-AA-NOC-washout-dish1-015,AA,1,0.348,6.54,181.4,0
S9-AA-NOC-washout-dish1-015,AA,1,0.393,5.45,225.2,1
S9-AA-NOC-washout-dish1-015,AA,1,0.477,4.36,184.1,0
S9-AA-NOC-washout-dish1-015,AA,1,0.611,14.17,152.5,1
S9-AA-NOC-washout-dish1-015,AA,1,0.798,4.36,343.1,0
S9-AA-NOC-washout-dish1-015,AA,1,0.518,27.25,197.3,0
S9-AA-NOC-washout-dish1-015,AA,1,0.527,14.17,165.6,1
S9-AA-NOC-washout-dish1-015,AA,1,0.358,5.45,256.5,0
S9-AA-NOC-washout-dish1-015,AA,1,0.752,8.72,274.9,1
S9-AA-NOC-washout-dish1-015,AA,1,0.51,5.45,257.3,0
S9-AA-NOC-washout-dish1-015,AA,1,0.938,28.34,133.5,0
S9-AA-NOC-washout-dish1-015,AA,1,0.45,10.9,249.5,0
S9-AA-NOC-washout-dish1-015,AA,1,0.135,8.72,310.2,1
S9-AA-NOC-washout-dish1-015,AA,1,0.657,40.33,179.4,0
S9-AA-NOC-washout-dish1-015,AA,1,0.672,8.72,170.6,1
S9-AA-NOC-washout-dish1-015,AA,1,0.826,16.35,177.7,0
S9-AA-NOC-washout-dish1-015,AA,1,0.575,5.45,425.2,0
S9-AA-NOC-washout-dish1-015,AA,1,0.828,25.07,121.3,0
S9-AA-NOC-washout-dish1-015,AA,1,0.363,37.06,157.5,0
S9-AA-NOC-washout-dish1-015,AA,1,0.261,5.45,388.3,1
S9-AA-NOC-washout-dish1-015,AA,1,0.479,49.05,101.6,1
S9-AA-NOC-washout-dish1-015,AA,1,0.699,5.45,353.8,1
S9-AA-NOC-washout-dish1-015,AA,1,0.434,4.36,244.7,1
S9-AA-NOC-washout-dish1-015,AA,1,0.122,4.36,201.2,0
S9-AA-NOC-washout-dish1-015,AA,1,0.607,16.35,175.1,1
S9-AA-NOC-washout-dish1-015,AA,1,0.62,6.54,209.9,0
S9-AA-NOC-washout-dish1-015,AA,1,0.59,5.45,198.8,0
S9-AA-NOC-washout-dish1-015,AA,1,0.385,11.99,216.5,1
S9-AA-NOC-washout-dish1-015,AA,1,0.815,13.08,333.1,1
S9-AA-NOC-washout-dish1-015,AA,1,0.432,5.45,406.7,1
S9-AA-NOC-washout-dish1-015,AA,1,0.325,6.54,287.1,0
S9-AA-NOC-washout-dish1-015,AA,1,0.74,11.99,299.9,0
S9-AA-NOC-washout-dish1-015,AA,1,0.097,5.45,253.8,0
S9-AA-NOC-washout-dish1-015,AA,1,0.981,31.61,185.9,0
S9-AA-NOC-washout-dish1-015,AA,1,0.357,10.9,175.6,0
S9-AA-NOC-washout-dish1-015,AA,1,0.717,9.81,137.7,0
S9-AA-NOC-washout-dish1-015,AA,1,0.854,8.72,330.1,0
S9-AA-NOC-washout-dish1-015,AA,1,0.739,9.81,213.3,1
S9-AA-NOC-washout-dish1-015,AA,1,0.918,41.42,199.8,0
S9-AA-NOC-washout-dish1-015,AA,1,0.555,4.36,409.1,0
S9-AA-NOC-washout-dish1-015,AA,1,0.785,19.62,202.4,1
S9-AA-NOC-washout-dish1-015,AA,1,0.972,87.2,116.0,0
S9-AA-NOC-washout-dish1-015,AA,1,0.104,4.36,239.4,0
S9-AA-NOC-washout-dish1-015,AA,1,0.666,27.25,215.5,1
S9-AA-NOC-washout-dish1-015,AA,1,0.68,4.36,365.0,0
S9-AA-NOC-washout-dish1-015,AA,1,0.235,6.54,296.6,0
S9-AA-NOC-washout-dish1-015,AA,1,0.341,19.62,199.6,0
S9-AA-NOC-washout-dish1-015,AA,1,0.722,78.48,111.3,0
S9-AA-NOC-washout-dish1-015,AA,1,0.6,16.35,204.0,0
S9-AA-NOC-washout-dish1-015,AA,1,0.563,37.06,175.1,0
S9-AA-NOC-washout-dish1-015,AA,1,0.869,9.81,345.5,0
S9-AA-NOC-washout-dish1-015,AA,1,0.745,52.32,165.1,1
S9-AA-NOC-washout-dish1-015,AA,1,0.691,15.26,130.9,0
S9-AA-NOC-washout-dish1-015,AA,1,0.392,4.36,212.6,1
S9-AA-NOC-washout-dish1-015,AA,1,0.436,5.45,356.3,1
S9-AA-NOC-washout-dish1-015,AA,1,0.425,14.17,390.4,1
S9-AA-NOC-washout-dish1-015,AA,1,0.82,6.54,251.0,0
S9-AA-NOC-washout-dish1-015,AA,1,0.347,4.36,139.7,0
S9-AA-NOC-washout-dish1-015,AA,1,0.337,14.17,208.6,1
S9-AA-NOC-washout-dish1-015,AA,1,0.948,27.25,196.3,1
S9-AA-NOC-washout-dish1-015,AA,1,0.878,23.98,161.6,0
S9-AA-NOC-washout-dish1-015,AA,1,0.614,10.9,243.1,0
S9-AA-NOC-washout-dish1-015,AA,1,0.802,30.52,157.8,0
S9-AA-NOC-washout-dish1-015,AA,1,0.188,5.45,439.4,1
S9-AA-NOC-washout-dish1-015,AA,1,0.814,67.58,168.9,0
S9-AA-NOC-washout-dish1-015,AA,1,0.421,5.45,340.8,1
S9-AA-NOC-washout-dish1-015,AA,1,0.345,4.36,256.4,1
S9-AA-NOC-washout-dish1-015,AA,1,0.604,8.72,257.6,0
S9-AA-NOC-washout-dish1-015,AA,1,0.38,4.36,155.7,0
S9-AA-NOC-washout-dish1-015,AA,1,0.886,8.72,218.5,1
S9-AA-NOC-washout-dish1-015,AA,1,0.549,14.17,199.9,0
S9-AA-NOC-washout-dish1-015,AA,1,0.356,4.36,346.1,0
S9-AA-NOC-washout-dish1-015,AA,1,0.226,5.45,192.7,1
S9-AA-NOC-washout-dish1-015,AA,1,0.734,15.26,253.0,0
S9-AA-NOC-washout-dish1-015,AA,1,0.224,7.63,404.1,1
S9-AA-NOC-washout-dish1-015,AA,1,0.604,5.45,361.8,0
S9-AA-NOC-washout-dish1-015,AA,1,0.371,5.45,208.7,0
S9-AA-NOC-washout-dish1-015,AA,1,0.244,7.63,293.3,1
S9-AA-NOC-washout-dish1-015,AA,1,0.677,13.08,141.4,0
S9-AA-NOC-washout-dish1-015,AA,1,0.896,18.53,197.0,1
S9-AA-NOC-washout-dish1-015,AA,1,0.42,11.99,312.0,0
S9-AA-NOC-washout-dish1-015,AA,1,0.785,21.8,165.9,0
S9-AA-NOC-washout-dish1-015,AA,1,0.612,11.99,287.0,0
S9-AA-NOC-washout-dish1-015,AA,1,0.415,54.5,135.7,1
S9-AA-NOC-washout-dish1-015,AA,1,0.727,8.72,273.9,0
S9-AA-NOC-washout-dish1-015,AA,1,0.521,5.45,338.7,0
S9-AA-NOC-washout-dish1-015,AA,1,0.249,13.08,199.0,0
S9-AA-NOC-washout-dish1-015,AA,1,0.725,20.71,188.7,0
S9-AA-NOC-washout-dish1-015,AA,1,0.914,10.9,206.0,1
S9-AA-NOC-washout-dish1-015,AA,1,0.572,47.96,156.7,0
S9-AA-NOC-washout-dish1-015,AA,1,0.664,5.45,209.4,0
S9-AA-NOC-washout-dish1-015,AA,1,0.42,5.45,402.2,0
S9-AA-NOC-washout-dish1-015,AA,1,0.744,9.81,181.5,0
S9-AA-NOC-washout-dish1-015,AA,1,0.271,6.54,303.5,1
S9-AA-NOC-washout-dish1-015,AA,1,0.728,10.9,187.2,1
S9-AA-NOC-washout-dish1-015,AA,1,0.715,22.89,305.6,0
S9-AA-NOC-washout-dish1-015,AA,1,0.062,16.35,240.3,0
S9-AA-NOC-washout-dish1-015,AA,1,0.074,4.36,336.0,0
S9-AA-NOC-washout-dish1-015,AA,1,0.682,10.9,176.9,0
S9-AA-NOC-washout-dish1-015,AA,1,0.978,44.69,147.9,0
S9-AA-NOC-washout-dish1-015,AA,1,0.264,10.9,223.2,0
S9-AA-NOC-washout-dish1-015,AA,1,0.171,13.08,330.1,0
S9-AA-NOC-washout-dish1-015,AA,1,0.453,21.8,221.1,0
S9-AA-NOC-washout-dish1-015,AA,1,0.3,19.62,202.0,1
S9-AA-NOC-washout-dish1-015,AA,1,0.506,4.36,216.6,0
S9-AA-NOC-washout-dish1-015,AA,1,0.263,15.26,280.2,1
S9-AA-NOC-washout-dish1-015,AA,1,0.732,16.35,163.2,0
S9-AA-NOC-washout-dish1-015,AA,1,0.776,9.81,163.5,1
S9-AA-NOC-washout-dish1-015,AA,1,0.827,5.45,238.2,0
S9-AA-NOC-washout-dish1-015,AA,1,0.595,4.36,277.0,0
S9-AA-NOC-washout-dish1-015,AA,1,0.083,20.71,240.4,0
S9-AA-NOC-washout-dish1-015,AA,1,0.92,5.45,186.9,0
S9-AA-NOC-washout-dish1-015,AA,1,0.853,34.88,116.8,1
S9-AA-NOC-washout-dish1-015,AA,1,0.55,6.54,352.2,0
S9-AA-NOC-washout-dish1-015,AA,1,0.365,4.36,263.2,0
S9-AA-NOC-washout-dish1-015,AA,1,0.677,9.81,174.9,0
S9-AA-NOC-washout-dish1-015,AA,1,0.574,7.63,315.0,0
S9-AA-NOC-washout-dish1-015,AA,1,0.342,6.54,271.2,0
S9-AA-NOC-washout-dish1-015,AA,1,0.262,5.45,214.9,1
S9-AA-NOC-washout-dish1-015,AA,1,0.677,30.52,146.6,1
S9-AA-NOC-washout-dish1-015,AA,1,0.346,10.9,244.7,1
S9-AA-NOC-washout-dish1-015,AA,1,0.366,6.54,299.7,1
S9-AA-NOC-washout-dish1-015,AA,1,0.515,18.53,168.8,1
S9-AA-NOC-washout-dish1-015,AA,1,0.556,4.36,318.8,0
S9-AA-NOC-washout-dish1-015,AA,1,0.825,5.45,178.1,1
S9-AA-NOC-washout-dish1-015,AA,1,0.912,8.72,287.7,1
S9-AA-NOC-washout-dish1-015,AA,1,0.524,6.54,233.7,0
S9-AA-NOC-washout-dish1-015,AA,1,0.047,8.72,306.4,0
S9-AA-NOC-washout-dish1-015,AA,1,0.446,13.08,301.0,1
S9-AA-NOC-washout-dish1-015,AA,1,0.84,19.62,244.9,0
S9-AA-NOC-washout-dish1-015,AA,1,0.184,5.45,195.1,0
S9-AA-NOC-washout-dish1-015,AA,1,0.252,4.36,140.9,1
S9-AA-NOC-washout-dish1-015,AA,1,0.592,21.8,75.8,0
S9-AA-NOC-washout-dish1-015,AA,1,0.512,8.72,305.1,1
S9-AA-NOC-washout-dish1-015,AA,1,0.668,6.54,321.6,0
S9-AA-NOC-washout-dish1-015,AA,1,0.42,13.08,299.9,0
S9-AA-NOC-washout-dish1-015,AA,1,0.766,15.26,158.5,1
S9-AA-NOC-washout-dish1-015,AA,1,0.345,4.36,264.0,0
S9-AA-NOC-washout-dish1-015,AA,1,0.309,10.9,293.8,0
S9-AA-NOC-washout-dish1-015,AA,1,0.323,11.99,176.2,1
S9-AA-NOC-washout-dish1-015,AA,1,0.362,9.81,194.5,0
S9-AA-NOC-washout-dish1-015,AA,1,0.743,8.72,215.3,1
S9-AA-NOC-washout-dish1-015,AA,1,0.687,9.81,148.5,0
S9-AA-NOC-washout-dish1-015,AA,1,0.32,4.36,408.3,0
S9-AA-NOC-washout-dish1-015,AA,1,0.398,5.45,237.6,0
S9-AA-NOC-washout-dish1-015,AA,1,0.594,8.72,209.4,1
S9-AA-NOC-washout-dish1-015,AA,1,0.886,6.54,94.3,1
S9-AA-NOC-washout-dish1-015,AA,1,0.841,6.54,110.2,1
S9-AA-NOC-washout-dish1-015,AA,1,0.464,4.36,295.0,0
S9-AA-NOC-washout-dish1-015,AA,1,0.403,5.45,147.8,0
S9-AA-NOC-washout-dish1-015,AA,1,0.931,5.45,172.0,1
S9-AA-NOC-washout-dish1-015,AA,1,0.333,4.36,158.3,0
S9-AA-NOC-washout-dish1-017,AA,0,0.538,58.86,167.7,0
S9-AA-NOC-washout-dish1-017,AA,0,0.239,4.36,349.6,1
S9-AA-NOC-washout-dish1-017,AA,0,0.65,15.26,194.4,0
S9-AA-NOC-washout-dish1-017,AA,0,0.199,6.54,359.5,0
S9-AA-NOC-washout-dish1-017,AA,0,0.435,32.7,221.1,1
S9-AA-NOC-washout-dish1-017,AA,0,0.716,34.88,133.8,1
S9-AA-NOC-washout-dish1-017,AA,0,0.407,8.72,295.7,0
S9-AA-NOC-washout-dish1-017,AA,0,0.822,7.63,285.6,0
S9-AA-NOC-washout-dish1-017,AA,0,0.662,5.45,356.3,0
S9-AA-NOC-washout-dish1-017,AA,0,0.617,30.52,242.5,1
S9-AA-NOC-washout-dish1-017,AA,0,0.769,10.9,234.3,1
S9-AA-NOC-washout-dish1-017,AA,0,0.338,4.36,469.6,0
S9-AA-NOC-washout-dish1-017,AA,0,0.633,8.72,263.1,0
S9-AA-NOC-washout-dish1-017,AA,0,0.529,9.81,293.0,0
S9-AA-NOC-washout-dish1-017,AA,0,0.723,17.44,203.4,0
S9-AA-NOC-washout-dish1-017,AA,0,0.015,6.54,195.3,0
S9-AA-NOC-washout-dish1-017,AA,0,0.632,13.08,185.1,0
S9-AA-NOC-washout-dish1-017,AA,0,0.52,4.36,303.4,0
S9-AA-NOC-washout-dish1-017,AA,0,0.036,6.54,365.6,1
S9-AA-NOC-washout-dish1-017,AA,0,0.647,4.36,237.2,0
S9-AA-NOC-washout-dish1-017,AA,0,0.147,9.81,104.3,0
S9-AA-NOC-washout-dish1-017,AA,0,0.751,10.9,139.1,0
S9-AA-NOC-washout-dish1-017,AA,0,0.657,10.9,161.4,0
S9-AA-NOC-washout-dish1-017,AA,0,0.677,13.08,306.0,0
S9-AA-NOC-washout-dish1-017,AA,0,0.289,6.54,204.2,0
S9-AA-NOC-washout-dish1-017,AA,0,0.769,6.54,280.5,1
S9-AA-NOC-washout-dish1-017,AA,0,0.744,4.36,161.6,0
S9-AA-NOC-washout-dish1-017,AA,0,0.079,8.72,127.1,0
S9-AA-NOC-washout-dish1-017,AA,0,0.836,38.15,286.4,0
S9-AA-NOC-washout-dish1-017,AA,0,0.949,47.96,163.8,0
S9-AA-NOC-washout-dish1-017,AA,0,0.51,17.44,252.8,0
S9-AA-NOC-washout-dish1-017,AA,0,0.942,22.89,190.7,0
S9-AA-NOC-washout-dish1-017,AA,0,0.551,51.23,101.5,1
S9-AA-NOC-washout-dish1-017,AA,0,0.824,25.07,192.8,0
S9-AA-NOC-washout-dish1-017,AA,0,0.498,9.81,277.4,1
S9-AA-NOC-washout-dish1-017,AA,0,0.838,11.99,193.3,1
S9-AA-NOC-washout-dish1-017,AA,0,0.614,29.43,320.4,0
S9-AA-NOC-washout-dish1-017,AA,0,0.931,47.96,188.0,1
S9-AA-NOC-washout-dish1-017,AA,0,0.861,30.52,220.6,1
S9-AA-NOC-washout-dish1-017,AA,0,0.884,4.36,315.4,0
S9-AA-NOC-washout-dish1-017,AA,0,0.812,5.45,271.0,0
S9-AA-NOC-washout-dish1-017,AA,0,0.306,6.54,360.0,1
S9-AA-NOC-washout-dish1-017,AA,0,0.608,31.61,163.8,0
S9-AA-NOC-washout-dish1-017,AA,0,0.9,8.72,381.9,1
S9-AA-NOC-washout-dish1-017,AA,0,0.547,4.36,320.8,0
S9-AA-NOC-washout-dish1-017,AA,0,0.536,19.62,281.3,0
S9-AA-NOC-washout-dish1-017,AA,0,0.836,20.71,267.6,0
S9-AA-NOC-washout-dish1-017,AA,0,0.57,4.36,253.5,1
S9-AA-NOC-washout-dish1-017,AA,0,0.445,8.72,277.2,0
S9-AA-NOC-washout-dish1-017,AA,0,0.417,6.54,322.4,1
S9-AA-NOC-washout-dish1-017,AA,0,0.9,5.45,229.7,1
S9-AA-NOC-washout-dish1-017,AA,0,0.827,17.44,225.4,0
S9-AA-NOC-washout-dish1-017,AA,0,0.81,22.89,223.8,0
S9-AA-NOC-washout-dish1-017,AA,0,0.871,18.53,226.8,0
S9-AA-NOC-washout-dish1-017,AA,0,0.926,11.99,138.7,1
S9-AA-NOC-washout-dish1-017,AA,0,0.604,116.63,129.7,0
S9-AA-NOC-washout-dish1-017,AA,0,0.81,20.71,226.7,0
S9-AA-NOC-washout-dish1-017,AA,0,0.931,9.81,276.1,1
S9-AA-NOC-washout-dish1-017,AA,0,0.552,8.72,276.4,0
S9-AA-NOC-washout-dish1-017,AA,0,0.89,23.98,195.7,1
S9-AA-NOC-washout-dish1-017,AA,0,0.614,34.88,215.1,0
S9-AA-NOC-washout-dish1-017,AA,0,0.197,6.54,317.6,1
S9-AA-NOC-washout-dish1-017,AA,0,0.266,11.99,332.8,1
S9-AA-NOC-washout-dish1-017,AA,0,0.506,30.52,203.7,1
S9-AA-NOC-washout-dish1-017,AA,0,0.752,5.45,334.1,0
S9-AA-NOC-washout-dish1-017,AA,0,0.74,4.36,201.6,1
S9-AA-NOC-washout-dish1-017,AA,0,0.576,17.44,241.0,1
S9-AA-NOC-washout-dish1-017,AA,0,0.625,28.34,103.9,1
S9-AA-NOC-washout-dish1-017,AA,0,0.216,118.81,77.3,1
S9-AA-NOC-washout-dish1-017,AA,0,0.286,21.8,263.1,1
S9-AA-NOC-washout-dish1-017,AA,0,0.747,15.26,253.6,1
S9-AA-NOC-washout-dish1-017,AA,0,0.541,47.96,231.7,0
S9-AA-NOC-washout-dish1-017,AA,0,0.792,22.89,150.9,0
S9-AA-NOC-washout-dish1-017,AA,0,0.35,25.07,272.3,0
S9-AA-NOC-washout-dish1-017,AA,0,0.545,75.21,107.3,1
S9-AA-NOC-washout-dish1-017,AA,0,0.878,7.63,177.2,0
S9-AA-NOC-washout-dish1-017,AA,0,0.66,4.36,297.7,0
S9-AA-NOC-washout-dish1-017,AA,0,0.664,32.7,109.9,1
S9-AA-NOC-washout-dish1-017,AA,0,0.522,8.72,226.0,0
S9-AA-NOC-washout-dish1-017,AA,0,0.64,7.63,300.6,0
S9-AA-NOC-washout-dish1-017,AA,0,0.51,33.79,321.7,1
S9-AA-NOC-washout-dish1-017,AA,0,0.609,9.81,171.7,0
S9-AA-NOC-washout-dish1-017,AA,0,0.622,10.9,66.8,0
S9-AA-NOC-washout-dish1-017,AA,0,0.233,21.8,156.0,0
S9-AA-NOC-washout-dish1-017,AA,0,0.243,43.6,114.3,0
S9-AA-NOC-washout-dish1-017,AA,0,0.537,4.36,313.1,0
S9-AA-NOC-washout-dish1-017,AA,0,0.304,4.36,330.8,0
S9-AA-NOC-washout-dish1-017,AA,0,0.214,5.45,264.7,0
S9-AA-NOC-washout-dish1-017,AA,0,0.507,31.61,282.3,0
S9-AA-NOC-washout-dish1-017,AA,0,0.679,5.45,363.9,1
S9-AA-NOC-washout-dish1-017,AA,0,0.788,7.63,338.3,1
S9-AA-NOC-washout-dish1-017,AA,0,0.836,23.98,229.7,0
S9-AA-NOC-washout-dish1-017,AA,0,0.79,15.26,286.0,0
S9-AA-NOC-washout-dish1-017,AA,0,0.785,20.71,234.7,0
S9-AA-NOC-washout-dish1-017,AA,0,0.458,20.71,274.9,0
S9-AA-NOC-washout-dish1-017,AA,0,0.813,14.17,270.2,1
S9-AA-NOC-washout-dish1-017,AA,0,0.221,5.45,210.4,0
S9-AA-NOC-washout-dish1-017,AA,0,0.778,11.99,232.4,1
S9-AA-NOC-washout-dish1-017,AA,0,0.174,5.45,387.9,1
S9-AA-NOC-washout-dish1-017,AA,0,0.147,8.72,233.9,0
S9-AA-NOC-washout-dish1-017,AA,0,0.454,4.36,322.2,0
S9-AA-NOC-washout-dish1-017,AA,0,0.448,16.35,343.0,0
S9-AA-NOC-washout-dish1-017,AA,0,0.548,16.35,253.9,0
S9-AA-NOC-washout-dish1-017,AA,0,0.388,5.45,365.1,1
S9-AA-NOC-washout-dish1-017,AA,0,0.403,18.53,256.6,1
S9-AA-NOC-washout-dish1-017,AA,0,0.907,4.36,394.4,1
S9-AA-NOC-washout-dish1-017,AA,0,0.611,14.17,291.3,0
S9-AA-NOC-washout-dish1-017,AA,0,0.962,29.43,256.6,1
S9-AA-NOC-washout-dish1-017,AA,0,0.946,95.92,169.8,0
S9-AA-NOC-washout-dish1-017,AA,0,0.94,7.63,216.8,1
S9-AA-NOC-washout-dish1-017,AA,0,0.668,6.54,155.1,0
S9-AA-NOC-washout-dish1-017,AA,0,0.643,8.72,192.4,1
S9-AA-NOC-washout-dish1-017,AA,0,0.897,20.71,226.7,0
S9-AA-NOC-washout-dish1-017,AA,0,0.409,14.17,221.0,0
S9-AA-NOC-washout-dish1-017,AA,0,0.71,5.45,317.8,0
S9-AA-NOC-washout-dish1-017,AA,0,0.6,46.87,206.0,0
S9-AA-NOC-washout-dish1-017,AA,0,0.424,18.53,301.1,0
S9-AA-NOC-washout-dish1-017,AA,0,0.019,8.72,233.8,1
S9-AA-NOC-washout-dish1-017,AA,0,0.448,8.72,335.9,0
S9-AA-NOC-washout-dish1-017,AA,0,0.901,7.63,311.6,1
S9-AA-NOC-washout-dish1-017,AA,0,0.786,4.36,257.8,0
S9-AA-NOC-washout-dish1-017,AA,0,0.209,14.17,321.5,0
S9-AA-NOC-washout-dish1-017,AA,0,0.928,4.36,238.9,0
S9-AA-NOC-washout-dish1-017,AA,0,0.64,6.54,163.9,1
S9-AA-NOC-washout-dish1-017,AA,0,0.496,16.35,344.3,0
S9-AA-NOC-washout-dish1-017,AA,0,0.593,6.54,330.4,0
S9-AA-NOC-washout-dish1-017,AA,0,0.394,7.63,285.1,0
S9-AA-NOC-washout-dish1-017,AA,0,0.347,6.54,356.1,0
S9-AA-NOC-washout-dish1-017,AA,0,0.525,21.8,249.5,1
S9-AA-NOC-washout-dish1-017,AA,0,0.341,13.08,308.9,0
S9-AA-NOC-washout-dish1-017,AA,0,0.169,4.36,440.7,1
S9-AA-NOC-washout-dish1-017,AA,0,0.905,4.36,426.3,0
S9-AA-NOC-washout-dish1-017,AA,0,0.802,5.45,313.4,0
S9-AA-NOC-washout-dish1-017,AA,0,0.638,57.77,176.7,1
S9-AA-NOC-washout-dish1-017,AA,0,0.822,4.36,344.8,1
S9-AA-NOC-washout-dish1-017,AA,0,0.524,13.08,287.7,1
S9-AA-NOC-washout-dish1-017,AA,0,0.358,8.72,360.8,0
S9-AA-NOC-washout-dish1-017,AA,0,0.039,7.63,332.7,1
S9-AA-NOC-washout-dish1-017,AA,0,0.037,16.35,296.6,1
S9-AA-NOC-washout-dish1-017,AA,0,0.198,17.44,324.7,0
S9-AA-NOC-washout-dish1-017,AA,0,0.583,8.72,250.8,0
S9-AA-NOC-washout-dish1-017,AA,0,0.856,10.9,328.2,0
S9-AA-NOC-washout-dish1-017,AA,0,0.207,4.36,234.2,0
S9-AA-NOC-washout-dish1-017,AA,0,0.418,29.43,208.7,0
S9-AA-NOC-washout-dish1-017,AA,0,0.65,7.63,254.8,1
S9-AA-NOC-washout-dish1-017,AA,0,0.818,26.16,229.4,0
S9-AA-NOC-washout-dish1-017,AA,0,0.905,23.98,269.8,1
S9-AA-NOC-washout-dish1-017,AA,0,0.469,9.81,325.9,0
S9-AA-NOC-washout-dish1-017,AA,0,0.473,14.17,310.0,0
S9-AA-NOC-washout-dish1-017,AA,0,0.489,8.72,364.4,0
S9-AA-NOC-washout-dish1-017,AA,0,0.857,22.89,248.0,1
S9-AA-NOC-washout-dish1-017,AA,0,0.406,9.81,265.5,0
S9-AA-NOC-washout-dish1-017,AA,0,0.054,5.45,276.6,0
S9-AA-NOC-washout-dish1-017,AA,0,0.57,5.45,160.5,0
S9-AA-NOC-washout-dish1-017,AA,0,0.621,4.36,409.1,1
S9-AA-NOC-washout-dish1-017,AA,0,0.526,18.53,241.1,0
S9-AA-NOC-washout-dish1-017,AA,0,0.788,6.54,313.6,0
S9-AA-NOC-washout-dish1-017,AA,0,0.567,25.07,198.2,0
S9-AA-NOC-washout-dish1-017,AA,0,0.609,5.45,239.3,0
S9-AA-NOC-washout-dish1-017,AA,0,0.263,5.45,200.2,0
S9-AA-NOC-washout-dish1-017,AA,0,0.383,11.99,299.8,0
S9-AA-NOC-washout-dish1-017,AA,0,0.832,4.36,312.6,0
S9-AA-NOC-washout-dish1-017,AA,0,0.147,5.45,426.0,0
S9-AA-NOC-washout-dish1-017,AA,0,0.772,5.45,353.4,0
S9-AA-NOC-washout-dish1-017,AA,0,0.821,16.35,157.9,0
S9-AA-NOC-washout-dish1-017,AA,0,0.055,4.36,454.9,1
S9-AA-NOC-washout-dish1-017,AA,0,0.693,16.35,284.4,0
S9-AA-NOC-washout-dish1-017,AA,0,0.76,6.54,167.8,1
S9-AA-NOC-washout-dish1-017,AA,0,0.397,4.36,319.6,1
S9-AA-NOC-washout-dish1-017,AA,0,0.027,11.99,138.7,0
S9-AA-NOC-washout-dish1-017,AA,0,0.256,40.33,115.8,0
S9-AA-NOC-washout-dish1-017,AA,0,0.478,34.88,165.0,0
S9-AA-NOC-washout-dish1-017,AA,0,0.047,7.63,346.3,0
S9-AA-NOC-washout-dish1-017,AA,0,0.729,4.36,262.1,1
S9-AA-NOC-washout-dish1-017,AA,0,0.811,35.97,227.6,0
S9-AA-NOC-washout-dish1-017,AA,0,0.329,13.08,377.2,0
S9-AA-NOC-washout-dish1-017,AA,0,0.69,7.63,293.7,0
S9-AA-NOC-washout-dish1-017,AA,0,0.671,4.36,205.4,0
S9-AA-NOC-washout-dish1-017,AA,0,0.198,7.63,247.2,0
S9-AA-NOC-washout-dish1-017,AA,0,0.398,9.81,362.7,0
S9-AA-NOC-washout-dish1-017,AA,0,0.028,52.32,151.1,0
S9-AA-NOC-washout-dish1-017,AA,0,0.753,8.72,274.9,0
S9-AA-NOC-washout-dish1-017,AA,0,0.11,5.45,417.2,1
S9-AA-NOC-washout-dish1-017,AA,0,0.398,19.62,266.4,1
S9-AA-NOC-washout-dish1-017,AA,0,0.666,20.71,194.8,0
S9-AA-NOC-washout-dish1-017,AA,0,0.377,6.54,307.8,1
S9-AA-NOC-washout-dish1-017,AA,0,0.464,8.72,308.0,1
S9-AA-NOC-washout-dish1-017,AA,0,0.65,14.17,319.5,1
S9-AA-NOC-washout-dish1-017,AA,0,0.227,8.72,289.9,1
S9-AA-NOC-washout-dish1-017,AA,0,0.128,5.45,172.8,0
S9-AA-NOC-washout-dish1-017,AA,0,0.17,28.34,151.8,0
S9-AA-NOC-washout-dish1-017,AA,0,0.261,5.45,394.3,0
S9-AA-NOC-washout-dish1-017,AA,0,0.348,5.45,216.5,1
S9-AA-NOC-washout-dish1-017,AA,0,0.073,16.35,199.0,0
S9-AA-NOC-washout-dish1-017,AA,0,0.534,13.08,335.6,1
S9-AA-NOC-washout-dish1-017,AA,0,0.674,7.63,340.3,1
S9-AA-NOC-washout-dish1-017,AA,0,0.984,14.17,197.2,0
S9-AA-NOC-washout-dish1-017,AA,0,0.262,4.36,343.0,1
S9-AA-NOC-washout-dish1-017,AA,0,0.739,5.45,340.1,0
S9-AA-NOC-washout-dish1-017,AA,0,0.845,98.1,175.5,0
S9-AA-NOC-washout-dish1-017,AA,0,0.584,5.45,420.7,0
S9-AA-NOC-washout-dish1-017,AA,0,0.403,9.81,297.4,1
S9-AA-NOC-washout-dish1-017,AA,0,0.184,16.35,348.0,0
S9-AA-NOC-washout-dish1-017,AA,0,0.483,14.17,253.4,0
S9-AA-NOC-washout-dish1-017,AA,0,0.248,4.36,383.5,1
S9-AA-NOC-washout-dish1-017,AA,0,0.629,9.81,202.1,0
S9-AA-NOC-washout-dish1-017,AA,0,0.017,4.36,220.9,0
S9-AA-NOC-washout-dish1-017,AA,0,0.863,5.45,383.3,0
S9-AA-NOC-washout-dish1-017,AA,0,0.782,26.16,195.1,0
S9-AA-NOC-washout-dish1-017,AA,0,0.762,14.17,191.7,0
S9-AA-NOC-washout-dish1-017,AA,0,0.995,14.17,125.0,0
S9-AA-NOC-washout-dish1-017,AA,0,0.475,4.36,326.5,1
S9-AA-NOC-washout-dish1-017,AA,0,0.936,25.07,290.2,0
S9-AA-NOC-washout-dish1-017,AA,0,0.423,21.8,264.1,0
S9-AA-NOC-washout-dish1-017,AA,0,0.315,8.72,335.8,0
S9-AA-NOC-washout-dish1-017,AA,0,0.018,6.54,266.4,0
S9-AA-NOC-washout-dish1-017,AA,0,0.715,23.98,214.1,0
S9-AA-NOC-washout-dish1-017,AA,0,0.653,4.36,448.6,0
S9-AA-NOC-washout-dish1-017,AA,0,0.823,19.62,245.2,0
S9-AA-NOC-washout-dish1-017,AA,0,0.333,5.45,204.8,1
S9-AA-NOC-washout-dish1-017,AA,0,0.692,8.72,353.0,0
S9-AA-NOC-washout-dish1-017,AA,0,0.67,10.9,320.4,0
S9-AA-NOC-washout-dish1-017,AA,0,0.329,30.52,307.2,0
S9-AA-NOC-washout-dish1-017,AA,0,0.768,15.26,251.0,0
S9-AA-NOC-washout-dish1-017,AA,0,0.384,13.08,250.2,0
S9-AA-NOC-washout-dish1-017,AA,0,0.51,4.36,401.7,1
S9-AA-NOC-washout-dish1-017,AA,0,0.595,5.45,240.6,1
S9-AA-NOC-washout-dish1-017,AA,0,0.552,9.81,247.8,0
S9-AA-NOC-washout-dish1-017,AA,0,0.26,14.17,325.5,1
S9-AA-NOC-washout-dish1-017,AA,0,0.099,10.9,332.7,0
S9-AA-NOC-washout-dish1-017,AA,0,0.747,41.42,209.8,1
S9-AA-NOC-washout-dish1-017,AA,0,0.699,57.77,232.1,1
S9-AA-NOC-washout-dish1-017,AA,0,0.842,17.44,219.5,1
S9-AA-NOC-washout-dish1-017,AA,0,0.717,5.45,294.4,0
S9-AA-NOC-washout-dish1-017,AA,0,0.665,5.45,473.5,0
S9-AA-NOC-washout-dish1-017,AA,0,0.275,9.81,405.9,0
S9-AA-NOC-washout-dish1-017,AA,0,0.247,5.45,324.5,1
S9-AA-NOC-washout-dish1-017,AA,0,0.36,6.54,237.0,1
S9-AA-NOC-washout-dish1-017,AA,0,0.717,8.72,244.8,0
S9-AA-NOC-washout-dish1-017,AA,0,0.433,14.17,269.4,1
S9-AA-NOC-washout-dish1-017,AA,0,0.934,5.45,294.1,0
S9-AA-NOC-washout-dish1-017,AA,0,0.586,9.81,269.7,0
S9-AA-NOC-washout-dish1-017,AA,0,0.702,9.81,100.5,0
S9-AA-NOC-washout-dish1-017,AA,0,0.792,31.61,298.5,0
S9-AA-NOC-washout-dish1-017,AA,0,0.906,21.8,265.3,1
S9-AA-NOC-washout-dish1-017,AA,0,0.612,10.9,276.6,0
S9-AA-NOC-washout-dish1-017,AA,0,0.546,10.9,383.5,1
S9-AA-NOC-washout-dish1-017,AA,0,0.328,5.45,178.3,1
S9-AA-NOC-washout-dish1-017,AA,0,0.865,21.8,243.1,1
S9-AA-NOC-washout-dish1-017,AA,0,0.204,9.81,256.7,1
S9-AA-NOC-washout-dish1-017,AA,0,0.824,10.9,307.4,0
S9-AA-NOC-washout-dish1-017,AA,0,0.608,14.17,326.7,0
S9-AA-NOC-washout-dish1-017,AA,0,0.546,6.54,388.1,1
S9-AA-NOC-washout-dish1-017,AA,0,0.706,13.08,280.9,1
S9-AA-NOC-washout-dish1-017,AA,0,0.897,28.34,281.1,0
S9-AA-NOC-washout-dish1-017,AA,0,0.511,4.36,253.9,1
S9-AA-NOC-washout-dish1-017,AA,0,0.296,7.63,375.5,1
S9-AA-NOC-washout-dish1-017,AA,0,0.793,13.08,252.1,1
S9-AA-NOC-washout-dish1-017,AA,0,0.404,9.81,258.7,0
S9-AA-NOC-washout-dish1-017,AA,0,0.834,6.54,282.1,0
S9-AA-NOC-washout-dish1-017,AA,0,0.823,31.61,284.3,1
S9-AA-NOC-washout-dish1-017,AA,0,0.854,4.36,284.7,0
S9-AA-NOC-washout-dish1-017,AA,0,0.972,4.36,217.3,0
S9-AA-NOC-washout-dish1-017,AA,0,0.291,8.72,255.5,1
S9-AA-NOC-washout-dish1-017,AA,0,0.606,9.81,320.6,0
S9-AA-NOC-washout-dish1-017,AA,0,0.608,4.36,205.6,0
S9-AA-NOC-washout-dish1-017,AA,0,0.336,10.9,221.1,1
S9-AA-NOC-washout-dish1-017,AA,0,0.463,26.16,206.2,0
S9-AA-NOC-washout-dish1-017,AA,0,0.077,5.45,252.3,1
S9-AA-NOC-washout-dish1-017,AA,0,0.109,5.45,227.0,1
S9-AA-NOC-washout-dish1-017,AA,0,0.022,31.61,137.7,0
S9-AA-NOC-washout-dish1-017,AA,0,0.765,5.45,278.2,0
S9-AA-NOC-washout-dish1-017,AA,0,0.704,33.79,208.2,0
S9-AA-NOC-washout-dish1-017,AA,0,0.878,43.6,206.8,0
S9-AA-NOC-washout-dish1-017,AA,0,0.56,6.54,366.4,0
S9-AA-NOC-washout-dish1-017,AA,0,0.804,37.06,293.7,0
S9-AA-NOC-washout-dish1-017,AA,0,0.83,11.99,346.8,1
S9-AA-NOC-washout-dish1-017,AA,0,0.828,5.45,274.5,1
S9-AA-NOC-washout-dish1-017,AA,0,0.563,5.45,417.4,1
S9-AA-NOC-washout-dish1-017,AA,0,0.472,5.45,413.1,0
S9-AA-NOC-washout-dish1-017,AA,0,0.415,7.63,218.5,0
S9-AA-NOC-washout-dish1-017,AA,0,0.038,14.17,311.7,1
S9-AA-NOC-washout-dish1-017,AA,0,0.343,8.72,335.1,0
S9-AA-NOC-washout-dish1-017,AA,0,0.464,14.17,340.6,0
S9-AA-NOC-washout-dish1-017,AA,0,0.761,10.9,348.3,1
S9-AA-NOC-washout-dish1-017,AA,0,0.444,17.44,263.5,0
S9-AA-NOC-washout-dish1-017,AA,0,0.349,16.35,224.5,0
S9-AA-NOC-washout-dish1-017,AA,0,0.263,9.81,325.2,1
S9-AA-NOC-washout-dish1-017,AA,0,0.494,4.36,208.1,0
S9-AA-NOC-washout-dish1-017,AA,0,0.792,6.54,279.2,0
S9-AA-NOC-washout-dish1-017,AA,0,0.338,6.54,305.9,0
S9-AA-NOC-washout-dish1-017,AA,0,0.433,11.99,394.4,1
S9-AA-NOC-washout-dish1-017,AA,0,0.627,26.16,265.1,0
S9-AA-NOC-washout-dish1-017,AA,0,0.345,26.16,147.5,0
S9-AA-NOC-washout-dish1-017,AA,0,0.727,7.63,411.8,0
S9-AA-NOC-washout-dish1-017,AA,0,0.192,15.26,262.9,0
S9-AA-NOC-washout-dish1-017,AA,0,0.899,4.36,401.4,0
S9-AA-NOC-washout-dish1-017,AA,0,0.561,10.9,254.9,0
S9-AA-NOC-washout-dish1-017,AA,0,0.521,4.36,346.4,0
S9-AA-NOC-washout-dish1-017,AA,0,0.947,32.7,140.4,0
S9-AA-NOC-washout-dish1-017,AA,0,0.33,4.36,379.9,0
S9-AA-NOC-washout-dish1-017,AA,0,0.766,6.54,378.8,0
S9-AA-NOC-washout-dish1-017,AA,0,0.589,4.36,406.0,0
S9-AA-NOC-washout-dish1-017,AA,0,0.756,8.72,268.4,1
S9-AA-NOC-washout-dish1-017,AA,0,0.407,4.36,310.7,1
S9-AA-NOC-washout-dish1-017,AA,0,0.361,5.45,457.9,0
S9-AA-NOC-washout-dish1-017,AA,0,0.387,9.81,373.9,0
S9-AA-NOC-washout-dish1-017,AA,0,0.384,4.36,345.1,0
S9-AA-NOC-washout-dish1-017,AA,0,0.397,7.63,235.3,1
S9-AA-NOC-washout-dish1-017,AA,0,0.963,18.53,201.8,0
S9-AA-NOC-washout-dish1-017,AA,0,0.441,13.08,359.4,1
S9-AA-NOC-washout-dish1-017,AA,0,0.724,16.35,327.1,0
S9-AA-NOC-washout-dish1-017,AA,0,0.503,4.36,230.3,1
S9-AA-NOC-washout-dish1-017,AA,0,0.644,4.36,419.3,1
S9-AA-NOC-washout-dish1-017,AA,0,0.937,27.25,184.8,0
S9-AA-NOC-washout-dish1-017,AA,0,0.429,4.36,354.4,0
S9-AA-NOC-washout-dish1-017,AA,0,0.677,42.51,294.0,0
S9-AA-NOC-washout-dish1-017,AA,0,0.377,9.81,364.9,0
S9-AA-NOC-washout-dish1-017,AA,0,0.595,23.98,231.5,1
S9-AA-NOC-washout-dish1-017,AA,0,0.653,23.98,261.1,1
S9-AA-NOC-washout-dish1-017,AA,0,0.364,5.45,241.2,0
S9-AA-NOC-washout-dish1-017,AA,0,0.331,18.53,210.9,1
S9-AA-NOC-washout-dish1-017,AA,0,0.614,4.36,267.8,0
S9-AA-NOC-washout-dish1-017,AA,0,0.389,4.36,327.6,0
S9-AA-NOC-washout-dish1-017,AA,0,0.705,9.81,306.5,0
S9-AA-NOC-washout-dish1-017,AA,0,0.311,7.63,201.5,0
S9-AA-NOC-washout-dish1-017,AA,0,0.738,23.98,299.9,0
S9-AA-NOC-washout-dish1-017,AA,0,0.883,20.71,230.6,0
S9-AA-NOC-washout-dish1-017,AA,0,0.537,4.36,303.7,0
S9-AA-NOC-washout-dish1-017,AA,0,0.364,13.08,292.5,0
S9-AA-NOC-washout-dish1-017,AA,0,0.818,8.72,307.3,1
S9-AA-NOC-washout-dish1-017,AA,0,0.3,11.99,187.3,1
S9-AA-NOC-washout-dish1-017,AA,0,0.616,20.71,252.4,1
S9-AA-NOC-washout-dish1-017,AA,0,0.761,5.45,435.7,1
S9-AA-NOC-washout-dish1-017,AA,0,0.114,33.79,153.1,1
S9-AA-NOC-washout-dish1-017,AA,0,0.425,23.98,289.1,0
S9-AA-NOC-washout-dish1-017,AA,0,0.687,30.52,266.5,0
S9-AA-NOC-washout-dish1-017,AA,0,0.668,50.14,182.0,0
S9-AA-NOC-washout-dish1-017,AA,0,0.242,5.45,320.9,1
S9-AA-NOC-washout-dish1-017,AA,0,0.263,4.36,351.3,1
S9-AA-NOC-washout-dish1-017,AA,0,0.267,9.81,319.5,1
S9-AA-NOC-washout-dish1-017,AA,0,0.765,11.99,286.1,1
S9-AA-NOC-washout-dish1-017,AA,0,0.862,22.89,222.3,1
S9-AA-NOC-washout-dish1-017,AA,0,0.97,11.99,260.8,1
S9-AA-NOC-washout-dish1-017,AA,0,0.708,4.36,429.0,0
S9-AA-NOC-washout-dish1-017,AA,0,0.855,8.72,181.0,0
S9-AA-NOC-washout-dish1-017,AA,0,0.238,7.63,260.4,0
S9-AA-NOC-washout-dish1-017,AA,0,0.235,7.63,259.3,0
S9-AA-NOC-washout-dish1-017,AA,0,0.69,8.72,289.2,1
S9-AA-NOC-washout-dish1-017,AA,0,0.224,15.26,271.3,1
S9-AA-NOC-washout-dish1-017,AA,0,0.317,6.54,319.5,0
S9-AA-NOC-washout-dish1-017,AA,0,0.462,13.08,197.3,1
S9-AA-NOC-washout-dish1-017,AA,0,0.044,9.81,261.4,0
S9-AA-NOC-washout-dish1-017,AA,0,0.425,5.45,453.6,1
S9-AA-NOC-washout-dish1-017,AA,0,0.983,11.99,263.2,0
S9-AA-NOC-washout-dish1-017,AA,0,0.385,7.63,356.7,0
S9-AA-NOC-washout-dish1-017,AA,0,0.522,10.9,357.9,1
S9-AA-NOC-washout-dish1-017,AA,0,0.488,7.63,374.1,0
S9-AA-NOC-washout-dish1-017,AA,0,0.869,8.72,338.4,0
S9-AA-NOC-washout-dish1-017,AA,0,0.875,7.63,355.0,0
S9-AA-NOC-washout-dish1-017,AA,0,0.618,10.9,331.7,0
S9-AA-NOC-washout-dish1-017,AA,0,0.894,7.63,239.4,1
S9-AA-NOC-washout-dish1-017,AA,0,0.849,13.08,178.4,1
S9-AA-NOC-washout-dish1-017,AA,0,0.828,18.53,217.1,0
S9-AA-NOC-washout-dish1-017,AA,0,0.593,15.26,198.1,1
S9-AA-NOC-washout-dish1-017,AA,0,0.579,9.81,255.7,0
S9-AA-NOC-washout-dish1-017,AA,0,0.867,6.54,230.2,1
S9-AA-NOC-washout-dish1-017,AA,0,0.573,5.45,357.5,1
S9-AA-NOC-washout-dish1-017,AA,0,0.385,6.54,183.2,0
S9-AA-NOC-washout-dish1-017,AA,0,0.121,4.36,337.3,1
S9-AA-NOC-washout-dish1-017,AA,0,0.322,8.72,358.8,0
S9-AA-NOC-washout-dish1-017,AA,0,0.952,22.89,254.8,0
S9-AA-NOC-washout-dish1-017,AA,0,0.012,4.36,245.1,0
S9-AA-NOC-washout-dish1-017,AA,0,0.911,9.81,287.2,1
S9-AA-NOC-washout-dish1-017,AA,0,0.864,13.08,253.3,0
S9-AA-NOC-washout-dish1-017,AA,0,0.806,10.9,349.8,1
S9-AA-NOC-washout-dish1-017,AA,0,0.194,6.54,208.6,0
S9-AA-NOC-washout-dish1-017,AA,0,0.297,7.63,280.5,0
S9-AA-NOC-washout-dish1-017,AA,0,0.096,4.36,417.3,1
S9-AA-NOC-washout-dish1-017,AA,0,0.771,9.81,289.2,0
S9-AA-NOC-washout-dish1-017,AA,0,0.049,5.45,269.3,0
S9-AA-NOC-washout-dish1-017,AA,0,0.018,7.63,313.1,0
S9-AA-NOC-washout-dish1-017,AA,0,0.067,11.99,206.0,0
S9-AA-NOC-washout-dish1-017,AA,0,0.501,10.9,408.7,1
S9-AA-NOC-washout-dish1-017,AA,0,0.456,7.63,251.4,1
S9-AA-NOC-washout-dish1-017,AA,0,0.825,8.72,179.0,0
S9-AA-NOC-washout-dish1-017,AA,0,0.545,8.72,390.4,1
S9-AA-NOC-washout-dish1-017,AA,0,0.29,5.45,219.7,1
S9-AA-NOC-washout-dish1-017,AA,0,0.336,10.9,286.6,0
S9-AA-NOC-washout-dish1-017,AA,0,0.51,18.53,211.5,1
S9-AA-NOC-washout-dish1-017,AA,0,0.054,13.08,256.1,0
S9-AA-NOC-washout-dish1-017,AA,0,0.057,5.45,457.2,1
S9-AA-NOC-washout-dish1-017,AA,0,0.705,8.72,282.6,0
S9-AA-NOC-washout-dish1-017,AA,0,0.132,5.45,184.4,1
S9-AA-NOC-washout-dish1-017,AA,0,0.845,6.54,188.0,1
S9-AA-NOC-washout-dish1-017,AA,0,0.966,15.26,203.8,0
S9-AA-NOC-washout-dish1-017,AA,0,0.961,4.36,209.1,0
S9-AA-NOC-washout-dish1-017,AA,0,0.852,23.98,275.8,1
S9-AA-NOC-washout-dish1-017,AA,0,0.504,8.72,203.7,0
S9-AA-NOC-washout-dish1-017,AA,0,0.253,6.54,295.1,1
S9-AA-NOC-washout-dish1-017,AA,0,0.67,5.45,322.2,0
S9-AA-NOC-washout-dish1-017,AA,0,0.573,23.98,221.3,1
S9-AA-NOC-washout-dish1-017,AA,0,0.309,5.45,275.3,1
S9-AA-NOC-washout-dish1-017,AA,0,0.447,8.72,383.8,0
S9-AA-NOC-washout-dish1-017,AA,0,0.633,7.63,362.6,1
S9-AA-NOC-washout-dish1-017,AA,0,0.309,4.36,324.8,0
S9-AA-NOC-washout-dish1-017,AA,0,0.309,6.54,299.4,0
S9-AA-NOC-washout-dish1-017,AA,0,0.982,4.36,319.2,0
S9-AA-NOC-washout-dish1-017,AA,0,0.782,23.98,241.1,0
S9-AA-NOC-washout-dish1-017,AA,0,0.543,10.9,301.2,1
S9-AA-NOC-washout-dish1-017,AA,0,0.818,6.54,269.1,1
S9-AA-NOC-washout-dish1-017,AA,0,0.457,17.44,258.1,1
S9-AA-NOC-washout-dish1-017,AA,0,0.362,5.45,475.0,0
S9-AA-NOC-washout-dish1-017,AA,0,0.537,6.54,459.2,0
S9-AA-NOC-washout-dish1-017,AA,0,0.425,16.35,298.8,1
S9-AA-NOC-washout-dish1-017,AA,0,0.672,10.9,227.7,0
S9-AA-NOC-washout-dish1-017,AA,0,0.635,11.99,319.8,0
S9-AA-NOC-washout-dish1-017,AA,0,0.852,51.23,249.3,0
S9-AA-NOC-washout-dish1-017,AA,0,0.622,31.61,272.1,1
S9-AA-NOC-washout-dish1-017,AA,0,0.868,51.23,225.0,1
S9-AA-NOC-washout-dish1-017,AA,0,0.735,41.42,201.3,1
S9-AA-NOC-washout-dish1-017,AA,0,0.394,17.44,199.8,0
S9-AA-NOC-washout-dish1-017,AA,0,0.666,25.07,202.7,1
S9-AA-NOC-washout-dish1-017,AA,0,0.47,8.72,344.1,0
S9-AA-NOC-washout-dish1-017,AA,0,0.243,5.45,271.7,1
S9-AA-NOC-washout-dish1-017,AA,0,0.376,8.72,297.6,0
S9-AA-NOC-washout-dish1-017,AA,0,0.361,6.54,371.1,1
S9-AA-NOC-washout-dish1-017,AA,0,0.586,15.26,176.7,1
S9-AA-NOC-washout-dish1-017,AA,0,0.455,9.81,291.4,0
S9-AA-NOC-washout-dish1-017,AA,0,0.501,16.35,282.6,0
S9-AA-NOC-washout-dish1-017,AA,0,0.528,4.36,190.7,0
S9-AA-NOC-washout-dish1-017,AA,0,0.667,5.45,203.3,1
S9-AA-NOC-washout-dish1-017,AA,0,0.502,22.89,254.4,0
S9-AA-NOC-washout-dish1-017,AA,0,0.71,10.9,192.6,1
S9-AA-NOC-washout-dish1-017,AA,0,0.721,5.45,233.5,1
S9-AA-NOC-washout-dish1-017,AA,0,0.738,8.72,236.6,0
S9-AA-NOC-washout-dish1-017,AA,0,0.232,9.81,280.3,0
S9-AA-NOC-washout-dish1-017,AA,0,0.883,15.26,150.6,0
S9-AA-NOC-washout-dish1-017,AA,0,0.019,7.63,282.8,1
S9-AA-NOC-washout-dish1-017,AA,0,0.494,64.31,156.8,1
S9-AA-NOC-washout-dish1-017,AA,0,0.551,7.63,253.9,1
S9-AA-NOC-washout-dish1-017,AA,0,0.915,15.26,253.7,0
S9-AA-NOC-washout-dish1-017,AA,0,0.163,9.81,255.5,1
S9-AA-NOC-washout-dish1-017,AA,0,0.911,7.63,254.8,0
S9-AA-NOC-washout-dish1-017,AA,0,0.551,6.54,295.8,0
S9-AA-NOC-washout-dish1-017,AA,0,0.573,4.36,276.0,0
S9-AA-NOC-washout-dish1-017,AA,0,0.294,5.45,329.3,1
S9-AA-NOC-washout-dish1-017,AA,0,0.438,10.9,345.5,1
S9-AA-NOC-washout-dish1-017,AA,0,0.894,8.72,241.9,0
S9-AA-NOC-washout-dish1-017,AA,0,0.583,16.35,233.5,1
S9-AA-NOC-washout-dish1-017,AA,0,0.598,15.26,259.0,1
S9-AA-NOC-washout-dish1-017,AA,0,0.679,40.33,158.7,0
S9-AA-NOC-washout-dish1-017,AA,0,0.849,11.99,401.0,1
S9-AA-NOC-washout-dish1-017,AA,0,0.753,8.72,210.3,1
S9-AA-NOC-washout-dish1-017,AA,0,0.516,10.9,309.0,1
S9-AA-NOC-washout-dish1-017,AA,0,0.924,17.44,270.7,0
S9-AA-NOC-washout-dish1-017,AA,0,0.245,5.45,293.9,1
S9-AA-NOC-washout-dish1-017,AA,0,0.347,7.63,254.2,1
S9-AA-NOC-washout-dish1-017,AA,0,0.869,4.36,252.8,0
S9-AA-NOC-washout-dish1-017,AA,0,0.149,10.9,118.7,0
S9-AA-NOC-washout-dish1-017,AA,0,0.505,5.45,281.7,0
S9-AA-NOC-washout-dish1-017,AA,0,0.451,18.53,260.4,0
S9-AA-NOC-washout-dish1-017,AA,0,0.59,10.9,257.9,0
S9-AA-NOC-washout-dish1-017,AA,0,0.625,27.25,288.1,1
S9-AA-NOC-washout-dish1-017,AA,0,0.067,6.54,274.8,1
S9-AA-NOC-washout-dish1-017,AA,0,0.333,7.63,243.3,0
S9-AA-NOC-washout-dish1-017,AA,0,0.674,7.63,330.8,0
S9-AA-NOC-washout-dish1-017,AA,0,0.084,6.54,427.8,1
S9-AA-NOC-washout-dish1-017,AA,0,0.834,5.45,351.0,1
S9-AA-NOC-washout-dish1-017,AA,0,0.644,13.08,324.2,1
S9-AA-NOC-washout-dish1-017,AA,0,0.183,8.72,337.0,1
S9-AA-NOC-washout-dish1-017,AA,0,0.085,6.54,292.6,0
S9-AA-NOC-washout-dish1-017,AA,0,0.66,20.71,276.6,1
S9-AA-NOC-washout-dish1-017,AA,0,0.065,9.81,292.1,0
S9-AA-NOC-washout-dish1-017,AA,0,0.596,13.08,305.5,0
S9-AA-NOC-washout-dish1-017,AA,0,0.48,4.36,327.1,0
S9-AA-NOC-washout-dish1-017,AA,0,0.823,14.17,281.0,1
S9-AA-NOC-washout-dish1-017,AA,0,0.455,13.08,182.3,0
S9-AA-NOC-washout-dish1-017,AA,0,0.252,9.81,309.8,1
S9-AA-NOC-washout-dish1-017,AA,0,0.406,5.45,285.7,0
S9-AA-NOC-washout-dish1-017,AA,0,0.247,31.61,142.0,1
S9-AA-NOC-washout-dish1-017,AA,0,0.34,5.45,382.3,0
S9-AA-NOC-washout-dish1-017,AA,0,0.623,4.36,301.9,0
S9-AA-NOC-washout-dish1-017,AA,0,0.526,10.9,304.6,1
S9-AA-NOC-washout-dish1-017,AA,0,0.49,14.17,241.0,0
S9-AA-NOC-washout-dish1-017,AA,0,0.98,21.8,215.6,1
S9-AA-NOC-washout-dish1-017,AA,0,0.705,13.08,303.7,1
S9-AA-NOC-washout-dish1-017,AA,0,0.904,27.25,268.4,0
S9-AA-NOC-washout-dish1-017,AA,0,0.808,25.07,164.7,0
S9-AA-NOC-washout-dish1-017,AA,0,0.702,6.54,234.3,0
S9-AA-NOC-washout-dish1-017,AA,0,0.335,29.43,189.3,0
S9-AA-NOC-washout-dish1-017,AA,0,0.164,6.54,337.6,0
S9-AA-NOC-washout-dish1-017,AA,0,0.441,6.54,440.6,0
S9-AA-NOC-washout-dish1-017,AA,0,0.03,5.45,345.3,1
S9-AA-NOC-washout-dish1-017,AA,0,0.587,4.36,429.8,0
S9-AA-NOC-washout-dish1-017,AA,0,0.809,10.9,147.7,0
S9-AA-NOC-washout-dish1-017,AA,0,0.617,13.08,281.2,1
S9-AA-NOC-washout-dish1-017,AA,0,0.203,13.08,352.9,1
S9-AA-NOC-washout-dish1-017,AA,0,0.715,20.71,201.8,0
S9-AA-NOC-washout-dish1-017,AA,0,0.638,9.81,181.4,1
S9-AA-NOC-washout-dish1-017,AA,0,0.734,4.36,271.8,0
S9-AA-NOC-washout-dish1-017,AA,0,0.366,7.63,333.9,1
S9-AA-NOC-washout-dish1-017,AA,0,0.312,40.33,207.7,0
S9-AA-NOC-washout-dish1-017,AA,0,0.046,9.81,328.9,1
S9-AA-NOC-washout-dish1-017,AA,0,0.782,15.26,233.9,0
S9-AA-NOC-washout-dish1-017,AA,0,0.722,30.52,154.1,1
S9-AA-NOC-washout-dish1-017,AA,0,0.868,28.34,231.6,1
S9-AA-NOC-washout-dish1-017,AA,0,0.42,15.26,303.2,0
S9-AA-NOC-washout-dish1-017,AA,0,0.624,8.72,411.2,0
S9-AA-NOC-washout-dish1-017,AA,0,0.301,6.54,262.1,1
S9-AA-NOC-washout-dish1-017,AA,0,0.604,28.34,185.1,1
S9-AA-NOC-washout-dish1-017,AA,0,0.885,14.17,251.4,0
S9-AA-NOC-washout-dish1-017,AA,0,0.443,6.54,221.4,0
S9-AA-NOC-washout-dish1-017,AA,0,0.452,4.36,203.3,0
S9-AA-NOC-washout-dish1-017,AA,0,0.425,18.53,258.5,0
S9-AA-NOC-washout-dish1-017,AA,0,0.85,33.79,169.2,1
S9-AA-NOC-washout-dish1-017,AA,0,0.835,16.35,218.1,1
S9-AA-NOC-washout-dish1-017,AA,0,0.044,4.36,347.7,1
S9-AA-NOC-washout-dish1-017,AA,0,0.836,7.63,286.9,0
S9-AA-NOC-washout-dish1-017,AA,0,0.941,4.36,304.2,0
S9-AA-NOC-washout-dish1-017,AA,0,0.778,6.54,294.3,1
S9-AA-NOC-washout-dish1-017,AA,0,0.685,15.26,293.9,1
S9-AA-NOC-washout-dish1-017,AA,0,0.285,6.54,307.5,1
S9-AA-NOC-washout-dish1-017,AA,0,0.53,20.71,257.4,1
S9-AA-NOC-washout-dish1-017,AA,0,0.92,8.72,313.1,0
S9-AA-NOC-washout-dish1-017,AA,0,0.386,11.99,298.0,1
S9-AA-NOC-washout-dish1-017,AA,0,0.896,25.07,183.5,0
S9-AA-NOC-washout-dish1-017,AA,0,0.248,6.54,191.2,1
S9-AA-NOC-washout-dish1-017,AA,0,0.626,25.07,277.8,1
S9-AA-NOC-washout-dish1-017,AA,0,0.701,9.81,463.9,1
S9-AA-NOC-washout-dish1-017,AA,0,0.637,13.08,207.2,0
S9-AA-NOC-washout-dish1-017,AA,0,0.619,16.35,157.1,0
S9-AA-NOC-washout-dish1-017,AA,0,0.425,10.9,324.7,0
S9-AA-NOC-washout-dish1-017,AA,0,0.379,6.54,236.3,1
S9-AA-NOC-washout-dish1-017,AA,0,0.932,33.79,196.5,1
S9-AA-NOC-washout-dish1-017,AA,0,0.549,18.53,266.9,1
S9-AA-NOC-washout-dish1-017,AA,0,0.444,18.53,291.6,1
S9-AA-NOC-washout-dish1-017,AA,0,0.82,6.54,282.4,1
S9-AA-NOC-washout-dish1-017,AA,0,0.574,7.63,329.8,0
S9-AA-NOC-washout-dish1-017,AA,0,0.175,8.72,313.4,1
S9-AA-NOC-washout-dish1-017,AA,0,0.684,6.54,298.8,0
S9-AA-NOC-washout-dish1-017,AA,0,0.778,9.81,268.7,1
S9-AA-NOC-washout-dish1-017,AA,0,0.775,11.99,248.3,0
S9-AA-NOC-washout-dish1-017,AA,0,0.05,6.54,312.3,1
S9-AA-NOC-washout-dish1-017,AA,0,0.057,4.36,208.8,1
S9-AA-NOC-washout-dish1-017,AA,0,0.637,14.17,309.0,0
S9-AA-NOC-washout-dish1-017,AA,0,0.821,8.72,248.8,1
S9-AA-NOC-washout-dish1-017,AA,0,0.494,15.26,275.8,0
S9-AA-NOC-washout-dish1-017,AA,0,0.461,29.43,222.4,0
S9-AA-NOC-washout-dish1-017,AA,0,0.804,4.36,270.2,1
S9-AA-NOC-washout-dish1-017,AA,0,0.42,10.9,280.9,1
S9-AA-NOC-washout-dish1-017,AA,0,0.476,16.35,280.7,1
S9-AA-NOC-washout-dish1-017,AA,0,0.599,9.81,300.7,0
S9-AA-NOC-washout-dish1-017,AA,0,0.661,13.08,313.0,1
S9-AA-NOC-washout-dish1-017,AA,0,0.571,7.63,245.2,1
S9-AA-NOC-washout-dish1-017,AA,0,0.62,25.07,145.2,0
S9-AA-NOC-washout-dish1-017,AA,0,0.131,6.54,334.5,1
S9-AA-NOC-washout-dish1-017,AA,0,0.022,4.36,453.6,0
S9-AA-NOC-washout-dish1-017,AA,0,0.875,9.81,294.2,1
S9-AA-NOC-washout-dish1-017,AA,0,0.737,55.59,250.2,0
S9-AA-NOC-washout-dish1-017,AA,0,0.305,16.35,220.4,1
S9-AA-NOC-washout-dish1-017,AA,0,0.228,9.81,300.5,1
S9-AA-NOC-washout-dish1-017,AA,0,0.458,10.9,224.0,1
S9-AA-NOC-washout-dish1-017,AA,0,0.539,5.45,354.3,0
S9-AA-NOC-washout-dish1-017,AA,0,0.298,7.63,223.7,0
S9-AA-NOC-washout-dish1-017,AA,0,0.043,6.54,356.1,0
S9-AA-NOC-washout-dish1-017,AA,0,0.961,4.36,266.5,0
S9-AA-NOC-washout-dish1-017,AA,0,0.443,7.63,288.7,1
S9-AA-NOC-washout-dish1-017,AA,0,0.826,4.36,386.2,1
S9-AA-NOC-washout-dish1-017,AA,0,0.298,4.36,308.8,1
S9-AA-NOC-washout-dish1-017,AA,0,0.498,11.99,162.8,0
S9-AA-NOC-washout-dish1-017,AA,0,0.886,35.97,248.4,0
S9-AA-NOC-washout-dish1-017,AA,0,0.871,9.81,235.1,1
S9-AA-NOC-washout-dish1-017,AA,0,0.255,38.15,141.6,1
S9-AA-NOC-washout-dish1-017,AA,0,0.215,5.45,327.0,1
S9-AA-NOC-washout-dish1-017,AA,0,0.046,8.72,229.9,0
S9-AA-NOC-washout-dish1-017,AA,0,0.316,7.63,392.5,1
S9-AA-NOC-washout-dish1-017,AA,0,0.837,47.96,257.5,0
S9-AA-NOC-washout-dish1-017,AA,0,0.538,11.99,349.5,0
S9-AA-NOC-washout-dish1-017,AA,0,0.558,14.17,279.4,1
S9-AA-NOC-washout-dish1-017,AA,0,0.287,20.71,222.7,1
S9-AA-NOC-washout-dish1-017,AA,0,0.663,4.36,238.0,0
S9-AA-NOC-washout-dish1-017,AA,0,0.349,22.89,189.7,0
S9-AA-NOC-washout-dish1-017,AA,0,0.607,4.36,423.8,1
S9-AA-NOC-washout-dish1-017,AA,0,0.053,11.99,272.4,0
S9-AA-NOC-washout-dish1-017,AA,0,0.623,13.08,300.5,0
S9-AA-NOC-washout-dish1-017,AA,0,0.413,6.54,395.2,0
S9-AA-NOC-washout-dish1-017,AA,0,0.755,8.72,286.5,0
S9-AA-NOC-washout-dish1-017,AA,0,0.624,39.24,220.8,0
S9-AA-NOC-washout-dish1-017,AA,0,0.937,8.72,172.9,0
S9-AA-NOC-washout-dish1-017,AA,0,0.903,10.9,321.8,0
S9-AA-NOC-washout-dish1-017,AA,0,0.574,10.9,407.0,1
S9-AA-NOC-washout-dish1-017,AA,0,0.196,4.36,428.7,0
S9-AA-NOC-washout-dish1-017,AA,0,0.986,5.45,249.9,0
S9-AA-NOC-washout-dish1-017,AA,0,0.294,13.08,305.4,0
S9-AA-NOC-washout-dish1-017,AA,0,0.387,6.54,470.6,0
S9-AA-NOC-washout-dish1-017,AA,0,0.289,8.72,256.9,0
S9-AA-NOC-washout-dish1-017,AA,0,0.433,13.08,220.3,0
S9-AA-NOC-washout-dish1-017,AA,0,0.48,17.44,251.1,0
S9-AA-NOC-washout-dish1-017,AA,0,0.207,13.08,175.6,0
S9-AA-NOC-washout-dish1-017,AA,0,0.575,13.08,284.7,0
S9-AA-NOC-washout-dish1-017,AA,0,0.311,17.44,370.4,0
S9-AA-NOC-washout-dish1-017,AA,0,0.394,4.36,322.9,1
S9-AA-NOC-washout-dish1-017,AA,0,0.378,5.45,214.1,0
S9-AA-NOC-washout-dish1-017,AA,0,0.279,37.06,146.0,0
S9-AA-NOC-washout-dish1-017,AA,0,0.785,55.59,159.5,0
S9-AA-NOC-washout-dish1-017,AA,0,0.364,4.36,528.5,0
S9-AA-NOC-washout-dish1-017,AA,0,0.066,5.45,263.9,0
S9-AA-NOC-washout-dish1-017,AA,0,0.211,6.54,350.6,0
S9-AA-NOC-washout-dish1-017,AA,0,0.061,5.45,342.2,1
S9-AA-NOC-washout-dish1-017,AA,0,0.227,28.34,277.9,0
S9-AA-NOC-washout-dish1-017,AA,0,0.867,9.81,304.4,1
S9-AA-NOC-washout-dish1-017,AA,0,0.99,4.36,250.7,1
S9-AA-NOC-washout-dish1-017,AA,0,0.797,14.17,219.1,0
S9-AA-NOC-washout-dish1-017,AA,0,0.788,11.99,193.7,0
S9-AA-NOC-washout-dish1-017,AA,0,0.633,5.45,282.2,0
S9-AA-NOC-washout-dish1-017,AA,0,0.925,5.45,364.0,1
S9-AA-NOC-washout-dish1-017,AA,0,0.573,7.63,216.2,0
S9-AA-NOC-washout-dish1-017,AA,0,0.528,10.9,334.5,0
S9-AA-NOC-washout-dish1-017,AA,0,0.637,29.43,256.3,0
S9-AA-NOC-washout-dish1-017,AA,0,0.388,5.45,228.8,0
S9-AA-NOC-washout-dish1-017,AA,0,0.457,14.17,327.6,0
S9-AA-NOC-washout-dish1-017,AA,0,0.412,5.45,278.0,0
S9-AA-NOC-washout-dish1-017,AA,0,0.912,6.54,313.8,0
S9-AA-NOC-washout-dish1-017,AA,0,0.879,10.9,319.8,0
S9-AA-NOC-washout-dish1-017,AA,0,0.037,18.53,230.1,0
S9-AA-NOC-washout-dish1-017,AA,0,0.656,7.63,263.6,0
S9-AA-NOC-washout-dish1-017,AA,0,0.915,21.8,229.3,0
S9-AA-NOC-washout-dish1-017,AA,0,0.636,4.36,321.4,0
S9-AA-NOC-washout-dish1-017,AA,0,0.405,4.36,315.8,1
S9-AA-NOC-washout-dish1-017,AA,0,0.933,4.36,318.5,0
S9-AA-NOC-washout-dish1-017,AA,0,0.152,53.41,140.7,1
S9-AA-NOC-washout-dish1-017,AA,0,0.464,9.81,400.2,1
S9-AA-NOC-washout-dish1-017,AA,0,0.849,9.81,262.5,0
S9-AA-NOC-washout-dish1-017,AA,0,0.612,11.99,338.5,0
S9-AA-NOC-washout-dish1-017,AA,0,0.796,20.71,143.8,1
S9-AA-NOC-washout-dish1-017,AA,0,0.723,5.45,332.4,1
S9-AA-NOC-washout-dish1-017,AA,0,0.103,10.9,142.2,0
S9-AA-NOC-washout-dish1-017,AA,0,0.082,27.25,239.3,1
S9-AA-NOC-washout-dish1-017,AA,0,0.877,22.89,202.8,0
S9-AA-NOC-washout-dish1-017,AA,0,0.589,20.71,341.9,0
S9-AA-NOC-washout-dish1-017,AA,0,0.3,19.62,175.7,0
S9-AA-NOC-washout-dish1-017,AA,0,0.448,9.81,277.5,0
S9-AA-NOC-washout-dish1-017,AA,0,0.602,15.26,269.4,0
S9-AA-NOC-washout-dish1-017,AA,0,0.482,5.45,236.8,0
S9-AA-NOC-washout-dish1-017,AA,0,0.308,9.81,273.9,1
S9-AA-NOC-washout-dish1-017,AA,0,0.384,7.63,268.3,1
S9-AA-NOC-washout-dish1-017,AA,0,0.76,4.36,188.4,0
S9-AA-NOC-washout-dish1-017,AA,0,0.53,14.17,275.0,0
S9-AA-NOC-washout-dish1-017,AA,0,0.51,39.24,210.6,0
S9-AA-NOC-washout-dish1-017,AA,0,0.313,4.36,315.7,0
S9-AA-NOC-washout-dish1-017,AA,0,0.477,50.14,225.7,0
S9-AA-NOC-washout-dish1-017,AA,0,0.349,9.81,342.1,0
S9-AA-NOC-washout-dish1-017,AA,0,0.69,29.43,287.8,0
S9-AA-NOC-washout-dish1-017,AA,0,0.018,5.45,501.9,0
S9-AA-NOC-washout-dish1-017,AA,0,0.089,6.54,338.7,1
S9-AA-NOC-washout-dish1-017,AA,0,0.765,10.9,333.4,1
S9-AA-NOC-washout-dish1-017,AA,0,0.863,22.89,247.9,1
S9-AA-NOC-washout-dish1-017,AA,0,0.853,26.16,229.0,1
S9-AA-NOC-washout-dish1-017,AA,0,0.863,11.99,237.3,0
S9-AA-NOC-washout-dish1-017,AA,0,0.629,7.63,262.7,1
S9-AA-NOC-washout-dish1-017,AA,0,0.833,7.63,301.4,0
S9-AA-NOC-washout-dish1-017,AA,0,0.709,9.81,296.8,0
S9-AA-NOC-washout-dish1-017,AA,0,0.735,11.99,261.5,1
S9-AA-NOC-washout-dish1-017,AA,0,0.593,7.63,329.4,0
S9-AA-NOC-washout-dish1-017,AA,0,0.371,18.53,334.1,1
S9-AA-NOC-washout-dish1-017,AA,0,0.225,17.44,263.6,1
S9-AA-NOC-washout-dish1-017,AA,0,0.804,5.45,304.0,0
S9-AA-NOC-washout-dish1-017,AA,0,0.72,16.35,261.1,0
S9-AA-NOC-washout-dish1-017,AA,0,0.81,28.34,163.8,0
S9-AA-NOC-washout-dish1-017,AA,0,0.96,5.45,242.1,0
S9-AA-NOC-washout-dish1-017,AA,0,0.636,7.63,366.6,0
S9-AA-NOC-washout-dish1-017,AA,0,0.944,19.62,228.4,0
S9-AA-NOC-washout-dish1-017,AA,0,0.199,5.45,448.9,1
S9-AA-NOC-washout-dish1-017,AA,0,0.325,13.08,331.8,0
S9-AA-NOC-washout-dish1-017,AA,0,0.769,5.45,190.6,0
S9-AA-NOC-washout-dish1-017,AA,0,0.639,4.36,364.7,1
S9-AA-NOC-washout-dish1-017,AA,0,0.614,5.45,277.7,0
S9-AA-NOC-washout-dish1-017,AA,0,0.92,17.44,155.6,0
S9-AA-NOC-washout-dish1-017,AA,0,0.36,8.72,192.0,0
S9-AA-NOC-washout-dish1-017,AA,0,0.607,8.72,206.9,1
S9-AA-NOC-washout-dish1-017,AA,0,0.038,4.36,173.9,0
S9-AA-NOC-washout-dish1-017,AA,0,0.909,7.63,135.9,0
S9-AA-NOC-washout-dish1-017,AA,0,0.614,5.45,143.8,1
S9-AA-NOC-washout-dish1-017,AA,0,0.98,14.17,311.3,0
S9-AA-NOC-washout-dish1-017,AA,0,0.28,8.72,166.7,0
S9-AA-NOC-washout-dish1-017,AA,0,0.549,7.63,357.9,0
S9-AA-NOC-washout-dish1-017,AA,0,0.191,4.36,277.2,0
S9-AA-NOC-washout-dish1-017,AA,0,0.33,6.54,212.2,0
S9-AA-NOC-washout-dish1-017,AA,0,0.667,6.54,279.4,1
S9-AA-NOC-washout-dish1-017,AA,0,0.787,5.45,228.2,0
S9-AA-NOC-washout-dish1-017,AA,0,0.355,6.54,363.2,1
S9-AA-NOC-washout-dish1-017,AA,0,0.735,17.44,219.8,1
S9-AA-NOC-washout-dish1-017,AA,0,0.44,5.45,354.9,0
S9-AA-NOC-washout-dish1-017,AA,0,0.847,6.54,389.2,0
S9-AA-NOC-washout-dish1-017,AA,0,0.54,9.81,300.1,1
S9-AA-NOC-washout-dish1-017,AA,0,0.46,5.45,403.2,0
S9-AA-NOC-washout-dish1-017,AA,0,0.553,11.99,253.8,0
S9-AA-NOC-washout-dish1-017,AA,0,0.386,4.36,342.8,0
S9-AA-NOC-washout-dish1-017,AA,0,0.052,6.54,320.6,0
S9-AA-NOC-washout-dish1-017,AA,0,0.906,13.08,253.3,0
S9-AA-NOC-washout-dish1-017,AA,0,0.867,4.36,281.9,1
S9-AA-NOC-washout-dish1-017,AA,0,0.467,13.08,212.2,0
S9-AA-NOC-washout-dish1-017,AA,0,0.509,11.99,273.8,0
S9-AA-NOC-washout-dish1-017,AA,0,0.403,5.45,240.1,0
S9-AA-NOC-washout-dish1-017,AA,0,0.057,5.45,429.1,0
S9-AA-NOC-washout-dish1-017,AA,0,0.06,11.99,280.3,1
S9-AA-NOC-washout-dish1-017,AA,0,0.472,10.9,378.8,1
S9-AA-NOC-washout-dish1-017,AA,0,0.58,14.17,224.7,1
S9-AA-NOC-washout-dish1-017,AA,0,0.657,5.45,324.8,0
S9-AA-NOC-washout-dish1-017,AA,0,0.735,4.36,213.0,0
S9-AA-NOC-washout-dish1-017,AA,0,0.336,6.54,300.9,1
S9-AA-NOC-washout-dish1-017,AA,0,0.801,11.99,221.9,0
S9-AA-NOC-washout-dish1-017,AA,0,0.839,38.15,205.2,0
S9-AA-NOC-washout-dish1-017,AA,0,0.063,38.15,199.5,0
S9-AA-NOC-washout-dish1-017,AA,0,0.846,21.8,160.2,0
S9-AA-NOC-washout-dish1-017,AA,0,0.744,7.63,235.1,0
S9-AA-NOC-washout-dish1-017,AA,0,0.776,7.63,185.9,1
S9-AA-NOC-washout-dish1-017,AA,0,0.02,18.53,289.5,0
S9-AA-NOC-washout-dish1-017,AA,0,0.317,10.9,362.4,0
S9-AA-NOC-washout-dish1-017,AA,0,0.3,4.36,310.3,1
S9-AA-NOC-washout-dish1-017,AA,0,0.532,23.98,188.4,1
S9-AA-NOC-washout-dish1-017,AA,0,0.315,9.81,231.6,0
S9-AA-NOC-washout-dish1-017,AA,0,0.198,15.26,281.5,0
S9-AA-NOC-washout-dish1-017,AA,0,0.175,5.45,322.1,1
S9-AA-NOC-washout-dish1-017,AA,0,0.764,4.36,312.3,0
S9-AA-NOC-washout-dish1-017,AA,0,0.44,5.45,172.1,1
S9-AA-NOC-washout-dish1-017,AA,0,0.765,10.9,349.7,1
S9-AA-NOC-washout-dish1-017,AA,0,0.788,37.06,258.3,0
S9-AA-NOC-washout-dish1-017,AA,0,0.766,6.54,381.1,0
S9-AA-NOC-washout-dish1-017,AA,0,0.465,13.08,239.6,1
S9-AA-NOC-washout-dish1-017,AA,0,0.973,6.54,158.4,0
S9-AA-NOC-washout-dish1-017,AA,0,0.742,28.34,309.2,1
S9-AA-NOC-washout-dish1-017,AA,0,0.223,4.36,310.2,1
S9-AA-NOC-washout-dish1-017,AA,0,0.665,29.43,164.7,1
S9-AA-NOC-washout-dish1-017,AA,0,0.849,5.45,280.8,0
S9-AA-NOC-washout-dish1-017,AA,0,0.834,8.72,240.4,0
S9-AA-NOC-washout-dish1-017,AA,0,0.851,8.72,394.9,1
S9-AA-NOC-washout-dish1-017,AA,0,0.538,4.36,424.0,0
S9-AA-NOC-washout-dish1-017,AA,0,0.164,6.54,134.2,1
S9-AA-NOC-washout-dish1-017,AA,0,0.437,10.9,310.8,1
S9-AA-NOC-washout-dish1-017,AA,0,0.429,4.36,304.3,1
S9-AA-NOC-washout-dish1-017,AA,0,0.023,18.53,212.6,1
S9-AA-NOC-washout-dish1-017,AA,0,0.785,7.63,294.0,1
S9-AA-NOC-washout-dish1-017,AA,0,0.665,6.54,165.3,1
S9-AA-NOC-washout-dish1-017,AA,0,0.631,17.44,235.8,0
S9-AA-NOC-washout-dish1-017,AA,0,0.19,4.36,263.3,0
S9-AA-NOC-washout-dish1-017,AA,0,0.658,6.54,210.9,1
S9-AA-NOC-washout-dish1-017,AA,0,0.761,6.54,192.9,0
S9-AA-NOC-washout-dish1-017,AA,0,0.778,11.99,138.0,1
S9-AA-NOC-washout-dish1-017,AA,0,0.736,5.45,200.5,0
S9-AA-NOC-washout-dish1-017,AA,0,0.553,9.81,282.9,0
S9-AA-NOC-washout-dish1-017,AA,0,0.199,6.54,219.0,0
S9-AA-NOC-washout-dish1-017,AA,0,0.241,6.54,334.2,0
S9-AA-NOC-washout-dish1-017,AA,0,0.921,9.81,283.4,0
S9-AA-NOC-washout-dish1-017,AA,0,0.864,6.54,334.9,0
S9-AA-NOC-washout-dish1-017,AA,0,0.51,11.99,230.8,1
S9-AA-NOC-washout-dish1-017,AA,0,0.92,29.43,176.0,1
S9-AA-NOC-washout-dish1-017,AA,0,0.959,6.54,270.3,0
S9-AA-NOC-washout-dish1-017,AA,0,0.947,15.26,265.7,0
S9-AA-NOC-washout-dish1-017,AA,0,0.684,4.36,277.9,0
S9-AA-NOC-washout-dish1-017,AA,0,0.336,5.45,289.9,1
S9-AA-NOC-washout-dish1-017,AA,0,0.552,10.9,171.7,0
S9-AA-NOC-washout-dish1-017,AA,0,0.585,20.71,264.4,0
S9-AA-NOC-washout-dish1-017,AA,0,0.315,5.45,389.0,0
S9-AA-NOC-washout-dish1-017,AA,0,0.352,6.54,329.4,1
S9-AA-NOC-washout-dish1-017,AA,0,0.445,15.26,270.8,1
S9-AA-NOC-washout-dish1-017,AA,0,0.025,5.45,163.5,0
S9-AA-NOC-washout-dish1-017,AA,0,0.506,18.53,186.5,1
S9-AA-NOC-washout-dish1-017,AA,0,0.004,4.36,365.8,0
S9-AA-NOC-washout-dish1-017,AA,0,0.954,5.45,307.9,0
S9-AA-NOC-washout-dish1-017,AA,0,0.772,6.54,350.0,0
S9-AA-NOC-washout-dish1-017,AA,0,0.823,4.36,245.4,1
S9-AA-NOC-washout-dish1-017,AA,0,0.866,5.45,448.2,0
S9-AA-NOC-washout-dish1-017,AA,0,0.384,35.97,181.0,0
S9-AA-NOC-washout-dish1-017,AA,0,0.353,40.33,141.3,1
S9-AA-NOC-washout-dish1-017,AA,0,0.518,11.99,261.9,1
S9-AA-NOC-washout-dish1-017,AA,0,0.249,22.89,369.4,0
S9-AA-NOC-washout-dish1-017,AA,0,0.417,4.36,230.3,1
S9-AA-NOC-washout-dish1-017,AA,0,0.364,25.07,229.3,0
S9-AA-NOC-washout-dish1-017,AA,0,0.32,6.54,331.7,0
S9-AA-NOC-washout-dish1-017,AA,0,0.629,10.9,296.5,1
S9-AA-NOC-washout-dish1-017,AA,0,0.353,18.53,300.5,1
S9-AA-NOC-washout-dish1-017,AA,0,0.775,21.8,242.4,0
S9-AA-NOC-washout-dish1-017,AA,0,0.627,4.36,387.1,0
S9-AA-NOC-washout-dish1-017,AA,0,0.304,7.63,332.1,0
S9-AA-NOC-washout-dish1-017,AA,0,0.64,6.54,250.7,0
S9-AA-NOC-washout-dish1-017,AA,0,0.562,5.45,303.7,0
S9-AA-NOC-washout-dish1-017,AA,0,0.39,17.44,281.8,1
S9-AA-NOC-washout-dish1-017,AA,0,0.461,20.71,270.4,0
S9-AA-NOC-washout-dish1-017,AA,0,0.395,15.26,325.1,0
S9-AA-NOC-washout-dish1-017,AA,0,0.224,5.45,421.3,1
S9-AA-NOC-washout-dish1-017,AA,0,0.532,7.63,257.4,1
S9-AA-NOC-washout-dish1-017,AA,0,0.8,8.72,186.1,0
S9-AA-NOC-washout-dish1-017,AA,0,0.538,9.81,330.8,0
S9-AA-NOC-washout-dish1-017,AA,0,0.853,5.45,313.3,1
S9-AA-NOC-washout-dish1-017,AA,0,0.502,16.35,210.0,0
S9-AA-NOC-washout-dish1-017,AA,0,0.895,21.8,196.6,0
S9-AA-NOC-washout-dish1-017,AA,0,0.963,8.72,327.8,1
S9-AA-NOC-washout-dish1-017,AA,0,0.843,13.08,126.0,0
S9-AA-NOC-washout-dish1-017,AA,0,0.162,15.26,216.4,0
S9-AA-NOC-washout-dish1-017,AA,0,0.649,31.61,263.6,0
S9-AA-NOC-washout-dish1-017,AA,0,0.402,8.72,233.9,0
S9-AA-NOC-washout-dish1-017,AA,0,0.556,21.8,187.0,0
S9-AA-NOC-washout-dish1-017,AA,0,0.325,9.81,366.1,0
S9-AA-NOC-washout-dish1-017,AA,0,0.25,9.81,251.7,0
S9-AA-NOC-washout-dish1-017,AA,0,0.569,5.45,300.6,1
S9-AA-NOC-washout-dish1-017,AA,0,0.597,5.45,206.8,0
S9-AA-NOC-washout-dish1-017,AA,0,0.509,16.35,320.0,0
S9-AA-NOC-washout-dish1-017,AA,0,0.611,19.62,284.6,0
S9-AA-NOC-washout-dish1-017,AA,0,0.707,27.25,254.3,0
S9-AA-NOC-washout-dish1-017,AA,0,0.607,30.52,211.5,0
S9-AA-NOC-washout-dish1-017,AA,0,0.824,9.81,208.2,0
S9-AA-NOC-washout-dish1-017,AA,0,0.992,27.25,160.0,1
S9-AA-NOC-washout-dish1-017,AA,0,0.78,9.81,237.4,1
S9-AA-NOC-washout-dish1-017,AA,0,0.076,4.36,393.9,1
S9-AA-NOC-washout-dish1-017,AA,0,0.842,10.9,314.1,0
S9-AA-NOC-washout-dish1-017,AA,0,0.973,4.36,395.8,1
S9-AA-NOC-washout-dish1-017,AA,0,0.873,30.52,207.3,1
S9-AA-NOC-washout-dish1-017,AA,0,0.543,16.35,262.8,0
S9-AA-NOC-washout-dish1-017,AA,0,0.951,17.44,285.3,0
S9-AA-NOC-washout-dish1-017,AA,0,0.832,5.45,285.9,1
S9-AA-NOC-washout-dish1-017,AA,0,0.607,17.44,289.9,1
S9-AA-NOC-washout-dish1-017,AA,0,0.678,6.54,329.7,0
S9-AA-NOC-washout-dish1-017,AA,0,0.491,4.36,253.2,1
S9-AA-NOC-washout-dish1-017,AA,0,0.549,29.43,208.1,1
S9-AA-NOC-washout-dish1-017,AA,0,0.262,10.9,316.7,0
S9-AA-NOC-washout-dish1-017,AA,0,0.767,32.7,195.2,1
S9-AA-NOC-washout-dish1-017,AA,0,0.121,8.72,236.2,0
S9-AA-NOC-washout-dish1-017,AA,0,0.771,8.72,391.7,1
S9-AA-NOC-washout-dish1-017,AA,0,0.503,32.7,128.4,0
S9-AA-NOC-washout-dish1-017,AA,0,0.283,6.54,222.6,1
S9-AA-NOC-washout-dish1-017,AA,0,0.523,4.36,340.2,0
S9-AA-NOC-washout-dish1-017,AA,0,0.203,4.36,347.0,1
S9-AA-NOC-washout-dish1-017,AA,0,0.737,4.36,238.3,0
S9-AA-NOC-washout-dish1-017,AA,0,0.365,6.54,265.7,0
S9-AA-NOC-washout-dish1-017,AA,0,0.517,23.98,261.3,1
S9-AA-NOC-washout-dish1-017,AA,0,0.356,4.36,336.3,1
S9-AA-NOC-washout-dish1-017,AA,0,0.384,5.45,336.9,0
S9-AA-NOC-washout-dish1-017,AA,0,0.051,13.08,224.1,0
S9-AA-NOC-washout-dish1-017,AA,0,0.146,4.36,241.8,0
S9-AA-NOC-washout-dish1-017,AA,0,0.182,4.36,436.8,0
S9-AA-NOC-washout-dish1-017,AA,0,0.795,4.36,424.5,1
S9-AA-NOC-washout-dish1-017,AA,0,0.789,13.08,261.6,1
S9-AA-NOC-washout-dish1-017,AA,0,0.658,5.45,148.2,0
S9-AA-NOC-washout-dish1-017,AA,0,0.067,4.36,375.2,1
S9-AA-NOC-washout-dish1-017,AA,0,0.046,10.9,273.7,1
S9-AA-NOC-washout-dish1-017,AA,0,0.601,10.9,273.6,0
S9-AA-NOC-washout-dish1-017,AA,0,0.724,5.45,194.9,0
S9-AA-NOC-washout-dish1-017,AA,0,0.042,6.54,125.8,0
S9-AA-NOC-washout-dish1-017,AA,0,0.521,7.63,190.2,0
S9-AA-NOC-washout-dish1-017,AA,0,0.577,7.63,299.2,0
S9-AA-NOC-washout-dish1-017,AA,0,0.371,5.45,180.2,0
S9-AA-NOC-washout-dish1-017,AA,0,0.605,14.17,270.4,0
S9-AA-NOC-washout-dish1-017,AA,0,0.369,5.45,333.5,0
S9-AA-NOC-washout-dish1-017,AA,0,0.893,25.07,213.5,1
S9-AA-NOC-washout-dish1-017,AA,0,0.911,15.26,240.1,1
S9-AA-NOC-washout-dish1-017,AA,0,0.232,6.54,379.3,0
S9-AA-NOC-washout-dish1-017,AA,0,0.204,4.36,426.0,0
S9-AA-NOC-washout-dish1-017,AA,0,0.809,6.54,236.2,1
S9-AA-NOC-washout-dish1-017,AA,0,0.505,22.89,300.2,0
S9-AA-NOC-washout-dish1-017,AA,0,0.661,5.45,373.7,0
S9-AA-NOC-washout-dish1-017,AA,0,0.661,11.99,323.5,0
S9-AA-NOC-washout-dish1-017,AA,0,0.862,14.17,145.8,1
S9-AA-NOC-washout-dish1-017,AA,0,0.388,10.9,203.5,0
S9-AA-NOC-washout-dish1-017,AA,0,0.184,6.54,222.2,0
S9-AA-NOC-washout-dish1-017,AA,0,0.602,5.45,421.7,1
S9-AA-NOC-washout-dish1-017,AA,0,0.719,26.16,150.2,0
S9-AA-NOC-washout-dish1-017,AA,0,0.568,4.36,324.2,0
S9-AA-NOC-washout-dish1-017,AA,0,0.653,7.63,258.3,0
S9-AA-NOC-washout-dish1-017,AA,0,0.795,28.34,183.4,0
S9-AA-NOC-washout-dish1-017,AA,0,0.242,6.54,335.4,0
S9-AA-NOC-washout-dish1-017,AA,0,0.857,6.54,274.4,1
S9-AA-NOC-washout-dish1-017,AA,0,0.743,27.25,191.1,0
S9-AA-NOC-washout-dish1-017,AA,0,0.162,10.9,290.5,0
S9-AA-NOC-washout-dish1-017,AA,0,0.701,8.72,333.7,1
S9-AA-NOC-washout-dish1-017,AA,0,0.774,6.54,252.4,0
S9-AA-NOC-washout-dish1-017,AA,0,0.432,4.36,410.9,0
S9-AA-NOC-washout-dish1-017,AA,0,0.381,23.98,188.4,1
S9-AA-NOC-washout-dish1-017,AA,0,0.426,9.81,254.9,0
S9-AA-NOC-washout-dish1-017,AA,0,0.581,6.54,205.1,0
S9-AA-NOC-washout-dish1-017,AA,0,0.786,13.08,319.6,0
S9-AA-NOC-washout-dish1-017,AA,0,0.061,8.72,295.8,0
S9-AA-NOC-washout-dish1-017,AA,0,0.429,18.53,226.1,1
S9-AA-NOC-washout-dish1-017,AA,0,0.501,4.36,422.4,1
S9-AA-NOC-washout-dish1-017,AA,0,0.854,10.9,295.2,1
S9-AA-NOC-washout-dish1-017,AA,0,0.196,7.63,298.1,0
S9-AA-NOC-washout-dish1-017,AA,0,0.34,21.8,268.1,0
S9-AA-NOC-washout-dish1-017,AA,0,0.707,25.07,175.4,1
S9-AA-NOC-washout-dish1-017,AA,0,0.019,23.98,197.8,0
S9-AA-NOC-washout-dish1-017,AA,0,0.864,22.89,203.3,0
S9-AA-NOC-washout-dish1-017,AA,0,0.837,6.54,165.7,0
S9-AA-NOC-washout-dish1-017,AA,0,0.786,16.35,242.2,0
S9-AA-NOC-washout-dish1-017,AA,0,0.286,5.45,277.1,0
S9-AA-NOC-washout-dish1-017,AA,0,0.221,14.17,163.0,1
S9-AA-NOC-washout-dish1-017,AA,0,0.147,4.36,442.5,1
S9-AA-NOC-washout-dish1-017,AA,0,0.476,25.07,224.0,1
S9-AA-NOC-washout-dish1-017,AA,0,0.351,7.63,313.8,0
S9-AA-NOC-washout-dish1-017,AA,0,0.216,14.17,331.8,0
S9-AA-NOC-washout-dish1-017,AA,0,0.019,5.45,280.1,1
S9-AA-NOC-washout-dish1-017,AA,0,0.72,22.89,145.3,1
S9-AA-NOC-washout-dish1-017,AA,0,0.349,9.81,190.5,1
S9-AA-NOC-washout-dish1-017,AA,0,0.371,5.45,265.8,1
S9-AA-NOC-washout-dish1-017,AA,0,0.882,10.9,341.0,1
S9-AA-NOC-washout-dish1-017,AA,0,0.508,6.54,385.2,1
S9-AA-NOC-washout-dish1-017,AA,0,0.279,22.89,146.6,0
S9-AA-NOC-washout-dish1-017,AA,0,0.727,7.63,254.3,1
S9-AA-NOC-washout-dish1-017,AA,0,0.38,6.54,219.0,0
S9-AA-NOC-washout-dish1-017,AA,0,0.02,5.45,253.1,0
S9-AA-NOC-washout-dish1-017,AA,0,0.816,4.36,231.7,0
S9-AA-NOC-washout-dish1-017,AA,0,0.394,11.99,336.3,1
S9-AA-NOC-washout-dish1-017,AA,0,0.938,22.89,218.5,1
S9-AA-NOC-washout-dish1-017,AA,0,0.901,19.62,172.8,0
S9-AA-NOC-washout-dish1-017,AA,0,0.354,4.36,283.3,0
S9-AA-NOC-washout-dish1-017,AA,0,0.238,17.44,283.5,1
S9-AA-NOC-washout-dish1-017,AA,0,0.968,16.35,272.5,0
S9-AA-NOC-washout-dish1-017,AA,0,0.117,13.08,204.8,1
S9-AA-NOC-washout-dish1-017,AA,0,0.514,13.08,255.0,0
S9-AA-NOC-washout-dish1-017,AA,0,0.241,22.89,220.7,1
S9-AA-NOC-washout-dish1-017,AA,0,0.544,4.36,251.1,0
S9-AA-NOC-washout-dish1-017,AA,0,0.963,10.9,265.7,0
S9-AA-NOC-washout-dish1-017,AA,0,0.819,22.89,155.5,0
S9-AA-NOC-washout-dish1-017,AA,0,0.904,7.63,211.1,0
S9-AA-NOC-washout-dish1-017,AA,0,0.85,13.08,219.5,1
S9-AA-NOC-washout-dish1-017,AA,0,0.73,14.17,353.3,0
S9-AA-NOC-washout-dish1-017,AA,0,0.673,4.36,278.6,1
S9-AA-NOC-washout-dish1-017,AA,0,0.886,17.44,261.6,0
S9-AA-NOC-washout-dish1-017,AA,0,0.595,6.54,349.7,0
S9-AA-NOC-washout-dish1-017,AA,0,0.636,6.54,203.6,0
S9-AA-NOC-washout-dish1-017,AA,0,0.679,6.54,229.4,1
S9-AA-NOC-washout-dish1-017,AA,0,0.764,8.72,352.4,0
S9-AA-NOC-washout-dish1-017,AA,0,0.81,9.81,291.8,1
S9-AA-NOC-washout-dish1-017,AA,0,0.695,8.72,168.3,1
S9-AA-NOC-washout-dish1-017,AA,0,0.407,5.45,401.6,0
S9-AA-NOC-washout-dish1-017,AA,0,0.645,6.54,221.7,0
S9-AA-NOC-washout-dish1-017,AA,0,0.69,21.8,181.4,1
S9-AA-NOC-washout-dish1-017,AA,0,0.688,8.72,273.1,1
S9-AA-NOC-washout-dish1-017,AA,0,0.703,6.54,242.4,1
S9-AA-NOC-washout-dish1-017,AA,0,0.969,21.8,152.6,1
S9-AA-NOC-washout-dish1-017,AA,0,0.288,4.36,493.7,0
S9-AA-NOC-washout-dish1-017,AA,0,0.803,19.62,215.6,1
S9-AA-NOC-washout-dish1-017,AA,0,0.538,13.08,349.3,1
S9-AA-NOC-washout-dish1-017,AA,0,0.684,17.44,188.1,0
S9-AA-NOC-washout-dish1-017,AA,0,0.466,11.99,211.1,0
S9-AA-NOC-washout-dish1-017,AA,0,0.816,19.62,152.8,0
S9-AA-NOC-washout-dish1-017,AA,0,0.61,4.36,188.4,0
S9-AA-NOC-washout-dish1-017,AA,0,0.561,11.99,283.9,0
S9-AA-NOC-washout-dish1-017,AA,0,0.275,7.63,150.8,0
S9-AA-NOC-washout-dish1-017,AA,0,0.796,9.81,208.6,0
S9-AA-NOC-washout-dish1-017,AA,0,0.903,5.45,234.6,1
S9-AA-NOC-washout-dish1-017,AA,0,0.024,19.62,165.3,0
S9-AA-NOC-washout-dish1-017,AA,0,0.796,10.9,251.5,0
S9-AA-NOC-washout-dish1-017,AA,0,0.61,18.53,153.2,1
S9-AA-NOC-washout-dish1-017,AA,0,0.31,17.44,320.5,0
S9-AA-NOC-washout-dish1-017,AA,0,0.817,4.36,253.9,0
S9-AA-NOC-washout-dish1-017,AA,0,0.681,4.36,277.7,1
S9-AA-NOC-washout-dish1-017,AA,0,0.787,18.53,185.9,0
S9-AA-NOC-washout-dish1-017,AA,0,0.128,8.72,194.7,1
S9-AA-NOC-washout-dish1-017,AA,0,0.051,18.53,194.6,0
S9-AA-NOC-washout-dish1-017,AA,0,0.732,16.35,321.1,0
S9-AA-NOC-washout-dish1-017,AA,0,0.581,15.26,252.4,1
S9-AA-NOC-washout-dish1-017,AA,0,0.696,13.08,252.6,0
S9-AA-NOC-washout-dish1-017,AA,0,0.169,6.54,314.4,0
S9-AA-NOC-washout-dish1-017,AA,0,0.995,4.36,277.9,1
S9-AA-NOC-washout-dish1-017,AA,0,0.548,4.36,357.1,0
S9-AA-NOC-washout-dish1-017,AA,0,0.489,15.26,206.2,1
S9-AA-NOC-washout-dish1-017,AA,0,0.556,6.54,265.8,1
S9-AA-NOC-washout-dish1-017,AA,0,0.336,4.36,356.6,0
S9-AA-NOC-washout-dish1-017,AA,0,0.634,4.36,299.0,0
S9-AA-NOC-washout-dish1-017,AA,0,0.027,17.44,177.8,1
S9-AA-NOC-washout-dish1-017,AA,0,0.06,17.44,262.7,0
S9-AA-NOC-washout-dish1-017,AA,0,0.509,4.36,238.8,0
S9-AA-NOC-washout-dish1-017,AA,0,0.406,15.26,304.9,1
S9-AA-NOC-washout-dish1-017,AA,0,0.951,6.54,280.2,0
S9-AA-NOC-washout-dish1-017,AA,0,0.568,4.36,323.9,1
S9-AA-NOC-washout-dish1-017,AA,0,0.962,5.45,122.2,1
S9-AA-NOC-washout-dish1-017,AA,0,0.024,14.17,204.1,0
S9-AA-NOC-washout-dish1-017,AA,0,0.858,10.9,252.3,0
S9-AA-NOC-washout-dish1-017,AA,0,0.367,17.44,165.2,0
S9-AA-NOC-washout-dish1-017,AA,0,0.207,5.45,347.1,1
S9-AA-NOC-washout-dish1-017,AA,0,0.21,9.81,158.0,0
S9-AA-NOC-washout-dish1-017,AA,0,0.676,6.54,229.3,1
S9-AA-NOC-washout-dish1-017,AA,0,0.328,6.54,354.1,0
S9-AA-NOC-washout-dish1-017,AA,0,0.335,5.45,318.9,0
S9-AA-NOC-washout-dish1-017,AA,0,0.338,15.26,268.0,1
S9-AA-NOC-washout-dish1-017,AA,0,0.382,9.81,278.1,1
S9-AA-NOC-washout-dish1-017,AA,0,0.223,16.35,156.5,0
S9-AA-NOC-washout-dish1-017,AA,0,0.76,6.54,306.6,0
S9-AA-NOC-washout-dish1-017,AA,0,0.184,5.45,261.9,1
S9-AA-NOC-washout-dish1-017,AA,0,0.638,14.17,295.6,0
S9-AA-NOC-washout-dish1-017,AA,0,0.542,7.63,209.4,0
S9-AA-NOC-washout-dish1-017,AA,0,0.484,10.9,241.4,0
S9-AA-NOC-washout-dish1-017,AA,0,0.082,4.36,388.3,0
S9-AA-NOC-washout-dish1-017,AA,0,0.827,10.9,227.9,0
S9-AA-NOC-washout-dish1-017,AA,0,0.854,4.36,318.9,1
S9-AA-NOC-washout-dish1-017,AA,0,0.628,10.9,335.3,1
S9-AA-NOC-washout-dish1-017,AA,0,0.772,4.36,425.1,0
S9-AA-NOC-washout-dish1-017,AA,0,0.519,5.45,306.4,0
S9-AA-NOC-washout-dish1-017,AA,0,0.551,7.63,188.2,0
S9-AA-NOC-washout-dish1-017,AA,0,0.112,8.72,393.2,1
S9-AA-NOC-washout-dish1-017,AA,0,0.078,11.99,331.7,0
S9-AA-NOC-washout-dish1-017,AA,0,0.791,4.36,440.0,0
S9-AA-NOC-washout-dish1-017,AA,0,0.659,11.99,227.6,0
S9-AA-NOC-washout-dish1-017,AA,0,0.457,5.45,380.7,0
S9-AA-NOC-washout-dish1-017,AA,0,0.744,13.08,219.7,1
S9-AA-NOC-washout-dish1-017,AA,0,0.305,6.54,329.9,0
S9-AA-NOC-washout-dish1-017,AA,0,0.858,10.9,293.4,0
S9-AA-NOC-washout-dish1-017,AA,0,0.888,9.81,124.7,0
S9-AA-NOC-washout-dish1-017,AA,0,0.196,10.9,173.1,0
S9-AA-NOC-washout-dish1-017,AA,0,0.692,5.45,217.0,0
S9-AA-NOC-washout-dish1-017,AA,0,0.607,9.81,323.7,0
S9-AA-NOC-washout-dish1-017,AA,0,0.31,11.99,163.3,0
S9-AA-NOC-washout-dish1-017,AA,0,0.09,9.81,277.8,0
S9-AA-NOC-washout-dish1-017,AA,0,0.219,4.36,288.9,1
S9-AA-NOC-washout-dish1-017,AA,0,0.329,7.63,334.4,1
S9-AA-NOC-washout-dish1-017,AA,0,0.853,6.54,217.2,0
S9-AA-NOC-washout-dish1-017,AA,0,0.41,5.45,278.8,0
S9-AA-NOC-washout-dish1-017,AA,0,0.721,11.99,172.6,1
S9-AA-NOC-washout-dish1-017,AA,0,0.55,5.45,203.5,1
S9-AA-NOC-washout-dish1-017,AA,0,0.634,8.72,303.7,1
S9-AA-NOC-washout-dish1-017,AA,0,0.582,4.36,316.5,1
S9-AA-NOC-washout-dish1-017,AA,0,0.968,9.81,104.2,1
S9-AA-NOC-washout-dish1-017,AA,0,0.799,10.9,194.5,0
S9-AA-NOC-washout-dish1-017,AA,0,0.021,5.45,279.0,0
S9-AA-NOC-washout-dish1-017,AA,0,0.774,6.54,451.8,0
S9-AA-NOC-washout-dish1-017,AA,0,0.577,5.45,174.5,0
S9-AA-NOC-washout-dish1-017,AA,0,0.574,9.81,215.8,0
S9-AA-NOC-washout-dish1-017,AA,0,0.615,11.99,210.3,0
S9-AA-NOC-washout-dish1-017,AA,0,0.058,4.36,386.2,1
S9-AA-NOC-washout-dish1-017,AA,0,0.704,9.81,284.6,0
S9-AA-NOC-washout-dish1-017,AA,0,0.815,8.72,404.1,0
S9-AA-NOC-washout-dish1-017,AA,0,0.781,7.63,250.0,1
S9-AA-NOC-washout-dish1-017,AA,0,0.619,7.63,319.1,0
S9-AA-NOC-washout-dish1-017,AA,0,0.903,7.63,328.7,0
S9-AA-NOC-washout-dish1-017,AA,0,0.978,5.45,236.0,0
S9-AA-NOC-washout-dish1-017,AA,0,0.531,6.54,277.3,0
S9-AA-NOC-washout-dish1-017,AA,0,0.485,4.36,367.2,1
S9-AA-NOC-washout-dish1-017,AA,0,0.776,7.63,310.3,0
S9-AA-NOC-washout-dish1-017,AA,0,0.83,8.72,197.3,0
S9-AA-NOC-washout-dish1-017,AA,0,0.263,8.72,302.0,1
S9-AA-NOC-washout-dish1-017,AA,0,0.916,7.63,367.0,0
S9-AA-NOC-washout-dish1-017,AA,0,0.227,4.36,238.0,0
S9-AA-NOC-washout-dish1-017,AA,0,0.675,7.63,283.8,1
S9-AA-NOC-washout-dish1-017,AA,0,0.991,8.72,202.2,0
S9-AA-NOC-washout-dish1-017,AA,0,0.452,6.54,260.1,0
S9-AA-NOC-washout-dish1-017,AA,0,0.826,7.63,253.3,1
S9-AA-NOC-washout-dish1-017,AA,0,0.921,6.54,337.7,0
S9-AA-NOC-washout-dish1-017,AA,0,0.54,5.45,265.6,0
S9-AA-NOC-washout-dish1-017,AA,0,0.282,7.63,252.9,0
S9-AA-NOC-washout-dish1-017,AA,0,0.955,6.54,271.7,0
S9-AA-NOC-washout-dish1-017,AA,0,0.527,5.45,235.1,0
S9-AA-NOC-washout-dish1-017,AA,0,0.328,4.36,331.6,0
S9-AA-NOC-washout-dish1-017,AA,0,0.48,5.45,166.4,0
S9-AA-NOC-washout-dish1-017,AA,0,0.836,4.36,189.2,1
S9-AA-NOC-washout-dish1-017,AA,0,0.539,6.54,249.8,1
S9-AA-NOC-washout-dish1-017,AA,0,0.886,4.36,314.1,0
S9-AA-NOC-washout-dish1-017,AA,0,0.689,4.36,364.2,1
S9-AA-NOC-washout-dish1-017,AA,0,0.711,5.45,215.0,0
S9-AA-NOC-washout-dish1-017,AA,0,0.266,5.45,259.0,1
S9-AA-NOC-washout-dish1-017,AA,0,0.588,5.45,154.3,0
S9-AA-NOC-washout-dish1-017,AA,0,0.029,4.36,341.9,0
S9-AA-NOC-washout-dish1-017,AA,0,0.731,5.45,221.8,0
S9-AA-NOC-washout-dish1-017,AA,0,0.17,4.36,254.4,0
S9-AA-NOC-washout-dish1-017,AA,0,0.178,4.36,339.4,0
S9-AA-NOC-washout-dish1-017,AA,0,0.637,4.36,385.8,0
S9-AA-NOC-washout-dish1-017,AA,0,0.195,4.36,375.8,0
S9-AA-NOC-washout-dish1-017,AA,0,0.403,4.36,194.9,0
S9-AA-NOC-washout-dish1-017,AA,0,0.616,4.36,307.8,0
S9-AA-NOC-washout-dish1-017,AA,0,0.672,4.36,289.8,1
S9-AA-NOC-washout-dish1-017,AA,0,0.552,4.36,303.9,0
S9-AA-NOC-washout-dish1-017,AA,0,0.79,4.36,133.3,0
S9-AA-NOC-washout-dish2-004,AA,0,0.418,39.24,170.0,0
S9-AA-NOC-washout-dish2-004,AA,0,0.344,10.9,261.0,0
S9-AA-NOC-washout-dish2-004,AA,0,0.42,47.96,148.4,0
S9-AA-NOC-washout-dish2-004,AA,0,0.594,28.34,153.5,0
S9-AA-NOC-washout-dish2-004,AA,0,0.321,19.62,139.3,0
S9-AA-NOC-washout-dish2-004,AA,0,0.701,4.36,326.8,0
S9-AA-NOC-washout-dish2-004,AA,0,0.601,29.43,156.5,0
S9-AA-NOC-washout-dish2-004,AA,0,0.357,47.96,141.5,1
S9-AA-NOC-washout-dish2-004,AA,0,0.183,15.26,287.6,1
S9-AA-NOC-washout-dish2-004,AA,0,0.878,29.43,164.0,1
S9-AA-NOC-washout-dish2-004,AA,0,0.221,4.36,386.0,1
S9-AA-NOC-washout-dish2-004,AA,0,0.704,4.36,204.9,0
S9-AA-NOC-washout-dish2-004,AA,0,0.922,49.05,193.4,1
S9-AA-NOC-washout-dish2-004,AA,0,0.661,31.61,251.3,1
S9-AA-NOC-washout-dish2-004,AA,0,0.305,10.9,266.4,1
S9-AA-NOC-washout-dish2-004,AA,0,0.983,22.89,162.4,1
S9-AA-NOC-washout-dish2-004,AA,0,0.77,21.8,183.7,0
S9-AA-NOC-washout-dish2-004,AA,0,0.713,87.2,130.9,0
S9-AA-NOC-washout-dish2-004,AA,0,0.727,6.54,157.6,0
S9-AA-NOC-washout-dish2-004,AA,0,0.989,9.81,239.2,1
S9-AA-NOC-washout-dish2-004,AA,0,0.554,28.34,172.6,1
S9-AA-NOC-washout-dish2-004,AA,0,0.915,10.9,276.7,0
S9-AA-NOC-washout-dish2-004,AA,0,0.994,8.72,105.6,1
S9-AA-NOC-washout-dish2-004,AA,0,0.782,13.08,316.6,1
S9-AA-NOC-washout-dish2-004,AA,0,0.336,79.57,122.7,0
S9-AA-NOC-washout-dish2-004,AA,0,0.877,5.45,214.6,1
S9-AA-NOC-washout-dish2-004,AA,0,0.863,32.7,191.6,1
S9-AA-NOC-washout-dish2-004,AA,0,0.89,23.98,160.4,1
S9-AA-NOC-washout-dish2-004,AA,0,0.355,29.43,151.7,0
S9-AA-NOC-washout-dish2-004,AA,0,0.136,26.16,310.0,0
S9-AA-NOC-washout-dish2-004,AA,0,0.916,16.35,242.9,0
S9-AA-NOC-washout-dish2-004,AA,0,0.842,47.96,136.3,1
S9-AA-NOC-washout-dish2-004,AA,0,0.918,11.99,121.2,0
S9-AA-NOC-washout-dish2-004,AA,0,0.629,44.69,200.4,0
S9-AA-NOC-washout-dish2-004,AA,0,0.475,4.36,248.8,0
S9-AA-NOC-washout-dish2-004,AA,0,0.545,8.72,141.4,1
S9-AA-NOC-washout-dish2-004,AA,0,0.747,119.9,98.6,0
S9-AA-NOC-washout-dish2-004,AA,0,0.609,7.63,194.2,0
S9-AA-NOC-washout-dish2-004,AA,0,0.854,6.54,236.8,0
S9-AA-NOC-washout-dish2-004,AA,0,0.794,26.16,151.5,0
S9-AA-NOC-washout-dish2-004,AA,0,0.762,15.26,154.9,0
S9-AA-NOC-washout-dish2-004,AA,0,0.284,29.43,239.7,1
S9-AA-NOC-washout-dish2-004,AA,0,0.647,8.72,186.4,0
S9-AA-NOC-washout-dish2-004,AA,0,0.397,40.33,174.6,1
S9-AA-NOC-washout-dish2-004,AA,0,0.339,8.72,223.6,0
S9-AA-NOC-washout-dish2-004,AA,0,0.205,29.43,119.9,0
S9-AA-NOC-washout-dish2-004,AA,0,0.406,21.8,207.2,0
S9-AA-NOC-washout-dish2-004,AA,0,0.431,67.58,141.6,0
S9-AA-NOC-washout-dish2-004,AA,0,0.575,17.44,167.0,0
S9-AA-NOC-washout-dish2-004,AA,0,0.828,33.79,214.6,0
S9-AA-NOC-washout-dish2-004,AA,0,0.352,20.71,197.3,0
S9-AA-NOC-washout-dish2-004,AA,0,0.733,106.82,101.1,0
S9-AA-NOC-washout-dish2-004,AA,0,0.328,7.63,281.3,0
S9-AA-NOC-washout-dish2-004,AA,0,0.241,5.45,384.4,0
S9-AA-NOC-washout-dish2-004,AA,0,0.113,14.17,261.8,0
S9-AA-NOC-washout-dish2-004,AA,0,0.297,8.72,330.3,0
S9-AA-NOC-washout-dish2-004,AA,0,0.673,29.43,256.8,1
S9-AA-NOC-washout-dish2-004,AA,0,0.297,5.45,377.5,1
S9-AA-NOC-washout-dish2-004,AA,0,0.787,10.9,246.1,0
S9-AA-NOC-washout-dish2-004,AA,0,0.559,21.8,163.5,0
S9-AA-NOC-washout-dish2-004,AA,0,0.239,10.9,378.7,0
S9-AA-NOC-washout-dish2-004,AA,0,0.391,8.72,297.6,1
S9-AA-NOC-washout-dish2-004,AA,0,0.332,25.07,214.3,0
S9-AA-NOC-washout-dish2-004,AA,0,0.987,5.45,200.5,0
S9-AA-NOC-washout-dish2-004,AA,0,0.949,31.61,183.3,0
S9-AA-NOC-washout-dish2-004,AA,0,0.638,8.72,247.4,0
S9-AA-NOC-washout-dish2-004,AA,0,0.845,6.54,244.9,0
S9-AA-NOC-washout-dish2-004,AA,0,0.895,8.72,211.0,0
S9-AA-NOC-washout-dish2-004,AA,0,0.49,10.9,268.8,1
S9-AA-NOC-washout-dish2-004,AA,0,0.296,4.36,320.6,0
S9-AA-NOC-washout-dish2-004,AA,0,0.569,16.35,201.6,1
S9-AA-NOC-washout-dish2-004,AA,0,0.045,4.36,320.1,0
S9-AA-NOC-washout-dish2-004,AA,0,0.978,6.54,233.8,1
S9-AA-NOC-washout-dish2-004,AA,0,0.868,8.72,272.7,1
S9-AA-NOC-washout-dish2-004,AA,0,0.384,107.91,129.7,1
S9-AA-NOC-washout-dish2-004,AA,0,0.815,5.45,298.4,0
S9-AA-NOC-washout-dish2-004,AA,0,0.553,105.73,120.8,0
S9-AA-NOC-washout-dish2-004,AA,0,0.144,4.36,315.4,0
S9-AA-NOC-washout-dish2-004,AA,0,0.414,4.36,285.4,0
S9-AA-NOC-washout-dish2-004,AA,0,0.399,8.72,153.3,0
S9-AA-NOC-washout-dish2-004,AA,0,0.852,23.98,220.1,1
S9-AA-NOC-washout-dish2-004,AA,0,0.793,14.17,301.9,0
S9-AA-NOC-washout-dish2-004,AA,0,0.662,8.72,257.0,0
S9-AA-NOC-washout-dish2-004,AA,0,0.535,14.17,181.9,0
S9-AA-NOC-washout-dish2-004,AA,0,0.648,20.71,158.5,0
S9-AA-NOC-washout-dish2-004,AA,0,0.918,5.45,295.4,1
S9-AA-NOC-washout-dish2-004,AA,0,0.727,11.99,167.2,0
S9-AA-NOC-washout-dish2-004,AA,0,0.496,8.72,144.1,0
S9-AA-NOC-washout-dish2-004,AA,0,0.813,9.81,256.5,0
S9-AA-NOC-washout-dish2-004,AA,0,0.715,99.19,120.8,1
S9-AA-NOC-washout-dish2-004,AA,0,0.63,9.81,238.0,1
S9-AA-NOC-washout-dish2-004,AA,0,0.49,8.72,223.5,0
S9-AA-NOC-washout-dish2-004,AA,0,0.312,8.72,198.7,1
S9-AA-NOC-washout-dish2-004,AA,0,0.076,4.36,367.4,0
S9-AA-NOC-washout-dish2-004,AA,0,0.991,32.7,200.6,1
S9-AA-NOC-washout-dish2-004,AA,0,0.973,22.89,220.5,0
S9-AA-NOC-washout-dish2-004,AA,0,0.722,6.54,252.7,0
S9-AA-NOC-washout-dish2-004,AA,0,0.638,23.98,104.9,0
S9-AA-NOC-washout-dish2-004,AA,0,0.612,6.54,200.0,0
S9-AA-NOC-washout-dish2-004,AA,0,0.864,9.81,332.6,0
S9-AA-NOC-washout-dish2-004,AA,0,0.802,22.89,230.9,0
S9-AA-NOC-washout-dish2-004,AA,0,0.619,4.36,273.0,0
S9-AA-NOC-washout-dish2-004,AA,0,0.938,5.45,275.5,1
S9-AA-NOC-washout-dish2-004,AA,0,0.501,50.14,150.3,0
S9-AA-NOC-washout-dish2-004,AA,0,0.195,4.36,117.1,0
S9-AA-NOC-washout-dish2-004,AA,0,0.659,9.81,172.5,0
S9-AA-NOC-washout-dish2-004,AA,0,0.527,5.45,236.9,0
S9-AA-NOC-washout-dish2-004,AA,0,0.693,21.8,215.0,0
S9-AA-NOC-washout-dish2-004,AA,0,0.557,42.51,154.7,1
S9-AA-NOC-washout-dish2-004,AA,0,0.949,44.69,160.5,0
S9-AA-NOC-washout-dish2-004,AA,0,0.86,9.81,186.3,1
S9-AA-NOC-washout-dish2-004,AA,0,0.862,6.54,204.6,0
S9-AA-NOC-washout-dish2-004,AA,0,0.493,19.62,185.4,0
S9-AA-NOC-washout-dish2-004,AA,0,0.057,7.63,203.8,1
S9-AA-NOC-washout-dish2-004,AA,0,0.269,6.54,245.3,1
S9-AA-NOC-washout-dish2-004,AA,0,0.09,5.45,259.4,0
S9-AA-NOC-washout-dish2-004,AA,0,0.8,16.35,273.7,0
S9-AA-NOC-washout-dish2-004,AA,0,0.939,9.81,251.1,0
S9-AA-NOC-washout-dish2-004,AA,0,0.886,11.99,155.4,0
S9-AA-NOC-washout-dish2-004,AA,0,0.67,6.54,469.1,1
S9-AA-NOC-washout-dish2-004,AA,0,0.583,18.53,228.1,0
S9-AA-NOC-washout-dish2-004,AA,0,0.227,21.8,185.8,1
S9-AA-NOC-washout-dish2-004,AA,0,0.908,91.56,113.5,0
S9-AA-NOC-washout-dish2-004,AA,0,0.689,9.81,234.7,0
S9-AA-NOC-washout-dish2-004,AA,0,0.477,4.36,230.6,0
S9-AA-NOC-washout-dish2-004,AA,0,0.188,6.54,233.2,0
S9-AA-NOC-washout-dish2-004,AA,0,0.555,10.9,296.6,1
S9-AA-NOC-washout-dish2-004,AA,0,0.126,37.06,190.5,1
S9-AA-NOC-washout-dish2-004,AA,0,0.956,53.41,225.7,1
S9-AA-NOC-washout-dish2-004,AA,0,0.51,55.59,159.5,1
S9-AA-NOC-washout-dish2-004,AA,0,0.431,4.36,419.3,0
S9-AA-NOC-washout-dish2-004,AA,0,0.466,54.5,225.6,0
S9-AA-NOC-washout-dish2-004,AA,0,0.329,34.88,321.4,0
S9-AA-NOC-washout-dish2-004,AA,0,0.555,4.36,203.3,1
S9-AA-NOC-washout-dish2-004,AA,0,0.321,8.72,243.0,1
S9-AA-NOC-washout-dish2-004,AA,0,0.624,6.54,282.7,1
S9-AA-NOC-washout-dish2-004,AA,0,0.371,16.35,179.6,1
S9-AA-NOC-washout-dish2-004,AA,0,0.899,7.63,265.2,0
S9-AA-NOC-washout-dish2-004,AA,0,0.535,30.52,152.9,0
S9-AA-NOC-washout-dish2-004,AA,0,0.531,6.54,279.6,1
S9-AA-NOC-washout-dish2-004,AA,0,0.866,7.63,199.5,0
S9-AA-NOC-washout-dish2-004,AA,0,0.431,5.45,235.3,1
S9-AA-NOC-washout-dish2-004,AA,0,0.741,6.54,295.9,0
S9-AA-NOC-washout-dish2-004,AA,0,0.949,8.72,244.1,0
S9-AA-NOC-washout-dish2-004,AA,0,0.224,27.25,192.1,0
S9-AA-NOC-washout-dish2-004,AA,0,0.751,17.44,245.9,1
S9-AA-NOC-washout-dish2-004,AA,0,0.186,8.72,180.5,0
S9-AA-NOC-washout-dish2-004,AA,0,0.807,11.99,258.2,0
S9-AA-NOC-washout-dish2-004,AA,0,0.478,19.62,173.7,1
S9-AA-NOC-washout-dish2-004,AA,0,0.19,23.98,132.7,1
S9-AA-NOC-washout-dish2-004,AA,0,0.7,6.54,252.7,0
S9-AA-NOC-washout-dish2-004,AA,0,0.695,8.72,199.9,0
S9-AA-NOC-washout-dish2-004,AA,0,0.73,35.97,162.0,0
S9-AA-NOC-washout-dish2-004,AA,0,0.359,5.45,183.0,0
S9-AA-NOC-washout-dish2-004,AA,0,0.502,5.45,266.9,0
S9-AA-NOC-washout-dish2-004,AA,0,0.692,4.36,239.0,1
S9-AA-NOC-washout-dish2-004,AA,0,0.306,49.05,203.3,1
S9-AA-NOC-washout-dish2-004,AA,0,0.17,5.45,265.4,1
S9-AA-NOC-washout-dish2-004,AA,0,0.308,7.63,252.5,0
S9-AA-NOC-washout-dish2-004,AA,0,0.249,4.36,553.4,1
S9-AA-NOC-washout-dish2-004,AA,0,0.523,32.7,152.6,1
S9-AA-NOC-washout-dish2-004,AA,0,0.808,6.54,267.7,0
S9-AA-NOC-washout-dish2-004,AA,0,0.221,19.62,134.3,0
S9-AA-NOC-washout-dish2-004,AA,0,0.276,8.72,177.3,0
S9-AA-NOC-washout-dish2-004,AA,0,0.841,61.04,159.9,0
S9-AA-NOC-washout-dish2-004,AA,0,0.99,13.08,168.6,0
S9-AA-NOC-washout-dish2-004,AA,0,0.758,20.71,200.0,0
S9-AA-NOC-washout-dish2-004,AA,0,0.665,5.45,305.3,0
S9-AA-NOC-washout-dish2-004,AA,0,0.745,14.17,235.2,1
S9-AA-NOC-washout-dish2-004,AA,0,0.098,22.89,177.4,1
S9-AA-NOC-washout-dish2-004,AA,0,0.836,9.81,174.8,0
S9-AA-NOC-washout-dish2-004,AA,0,0.835,5.45,317.8,0
S9-AA-NOC-washout-dish2-004,AA,0,0.775,7.63,322.2,0
S9-AA-NOC-washout-dish2-004,AA,0,0.46,5.45,247.1,0
S9-AA-NOC-washout-dish2-004,AA,0,0.672,13.08,249.9,0
S9-AA-NOC-washout-dish2-004,AA,0,0.987,11.99,159.3,0
S9-AA-NOC-washout-dish2-004,AA,0,0.895,74.12,124.5,0
S9-AA-NOC-washout-dish2-004,AA,0,0.494,11.99,154.0,0
S9-AA-NOC-washout-dish2-004,AA,0,0.198,4.36,191.5,1
S9-AA-NOC-washout-dish2-004,AA,0,0.385,17.44,226.4,0
S9-AA-NOC-washout-dish2-004,AA,0,0.725,15.26,234.5,1
S9-AA-NOC-washout-dish2-004,AA,0,0.261,4.36,153.6,0
S9-AA-NOC-washout-dish2-004,AA,0,0.789,15.26,257.0,0
S9-AA-NOC-washout-dish2-004,AA,0,0.501,26.16,196.4,0
S9-AA-NOC-washout-dish2-004,AA,0,0.263,4.36,157.0,0
S9-AA-NOC-washout-dish2-004,AA,0,0.453,8.72,268.6,0
S9-AA-NOC-washout-dish2-004,AA,0,0.443,20.71,152.2,1
S9-AA-NOC-washout-dish2-004,AA,0,0.453,13.08,174.6,0
S9-AA-NOC-washout-dish2-004,AA,0,0.306,8.72,211.9,1
S9-AA-NOC-washout-dish2-004,AA,0,0.181,8.72,223.9,1
S9-AA-NOC-washout-dish2-004,AA,0,0.185,4.36,385.9,1
S9-AA-NOC-washout-dish2-004,AA,0,0.278,10.9,288.5,0
S9-AA-NOC-washout-dish2-004,AA,0,0.16,8.72,339.3,1
S9-AA-NOC-washout-dish2-004,AA,0,0.718,6.54,259.7,1
S9-AA-NOC-washout-dish2-004,AA,0,0.917,6.54,162.8,1
S9-AA-NOC-washout-dish2-004,AA,0,0.335,4.36,346.4,0
S9-AA-NOC-washout-dish2-004,AA,0,0.098,4.36,279.3,0
S9-AA-NOC-washout-dish2-004,AA,0,0.876,26.16,199.4,1
S9-AA-NOC-washout-dish2-004,AA,0,0.85,30.52,206.5,0
S9-AA-NOC-washout-dish2-004,AA,0,0.483,7.63,116.5,1
S9-AA-NOC-washout-dish2-004,AA,0,0.642,34.88,194.4,1
S9-AA-NOC-washout-dish2-004,AA,0,0.914,14.17,284.3,0
S9-AA-NOC-washout-dish2-004,AA,0,0.992,19.62,202.3,1
S9-AA-NOC-washout-dish2-004,AA,0,0.767,8.72,156.9,1
S9-AA-NOC-washout-dish2-004,AA,0,0.627,11.99,110.9,0
S9-AA-NOC-washout-dish2-004,AA,0,0.717,20.71,179.3,1
S9-AA-NOC-washout-dish2-004,AA,0,0.351,23.98,166.2,1
S9-AA-NOC-washout-dish2-004,AA,0,0.928,28.34,159.8,0
S9-AA-NOC-washout-dish2-004,AA,0,0.438,29.43,215.7,0
S9-AA-NOC-washout-dish2-004,AA,0,0.508,4.36,317.5,0
S9-AA-NOC-washout-dish2-004,AA,0,0.601,9.81,362.0,1
S9-AA-NOC-washout-dish2-004,AA,0,0.165,21.8,175.0,1
S9-AA-NOC-washout-dish2-004,AA,0,0.963,7.63,179.0,0
S9-AA-NOC-washout-dish2-004,AA,0,0.73,23.98,174.6,1
S9-AA-NOC-washout-dish2-004,AA,0,0.37,13.08,295.0,1
S9-AA-NOC-washout-dish2-004,AA,0,0.436,6.54,302.2,0
S9-AA-NOC-washout-dish2-004,AA,0,0.528,15.26,197.5,1
S9-AA-NOC-washout-dish2-004,AA,0,0.468,6.54,244.3,0
S9-AA-NOC-washout-dish2-004,AA,0,0.378,16.35,271.6,1
S9-AA-NOC-washout-dish2-004,AA,0,0.155,26.16,165.0,0
S9-AA-NOC-washout-dish2-004,AA,0,0.445,6.54,254.7,0
S9-AA-NOC-washout-dish2-004,AA,0,0.565,8.72,285.8,1
S9-AA-NOC-washout-dish2-004,AA,0,0.57,17.44,252.8,1
S9-AA-NOC-washout-dish2-004,AA,0,0.197,9.81,168.3,0
S9-AA-NOC-washout-dish2-004,AA,0,0.653,8.72,120.3,0
S9-AA-NOC-washout-dish2-004,AA,0,0.563,10.9,211.4,0
S9-AA-NOC-washout-dish2-004,AA,0,0.422,8.72,348.6,0
S9-AA-NOC-washout-dish2-004,AA,0,0.47,10.9,197.5,0
S9-AA-NOC-washout-dish2-004,AA,0,0.814,59.95,150.0,1
S9-AA-NOC-washout-dish2-004,AA,0,0.692,11.99,150.0,0
S9-AA-NOC-washout-dish2-004,AA,0,0.18,7.63,188.4,1
S9-AA-NOC-washout-dish2-004,AA,0,0.386,4.36,279.9,0
S9-AA-NOC-washout-dish2-004,AA,0,0.104,15.26,179.2,0
S9-AA-NOC-washout-dish2-004,AA,0,0.15,19.62,171.1,1
S9-AA-NOC-washout-dish2-004,AA,0,0.12,18.53,269.1,0
S9-AA-NOC-washout-dish2-004,AA,0,0.295,13.08,274.0,1
S9-AA-NOC-washout-dish2-004,AA,0,0.381,9.81,286.1,0
S9-AA-NOC-washout-dish2-004,AA,0,0.413,7.63,363.4,1
S9-AA-NOC-washout-dish2-004,AA,0,0.692,4.36,276.9,0
S9-AA-NOC-washout-dish2-004,AA,0,0.636,19.62,199.7,0
S9-AA-NOC-washout-dish2-004,AA,0,0.343,18.53,247.0,1
S9-AA-NOC-washout-dish2-004,AA,0,0.814,43.6,180.6,0
S9-AA-NOC-washout-dish2-004,AA,0,0.752,18.53,269.5,0
S9-AA-NOC-washout-dish2-004,AA,0,0.433,4.36,203.5,0
S9-AA-NOC-washout-dish2-004,AA,0,0.799,5.45,186.9,1
S9-AA-NOC-washout-dish2-004,AA,0,0.91,20.71,194.3,1
S9-AA-NOC-washout-dish2-004,AA,0,0.918,39.24,136.3,0
S9-AA-NOC-washout-dish2-004,AA,0,0.59,29.43,132.9,0
S9-AA-NOC-washout-dish2-004,AA,0,0.48,49.05,157.9,0
S9-AA-NOC-washout-dish2-004,AA,0,0.655,4.36,262.1,1
S9-AA-NOC-washout-dish2-004,AA,0,0.535,34.88,167.6,0
S9-AA-NOC-washout-dish2-004,AA,0,0.25,10.9,276.5,1
S9-AA-NOC-washout-dish2-004,AA,0,0.739,4.36,141.5,1
S9-AA-NOC-washout-dish2-004,AA,0,0.561,13.08,185.1,0
S9-AA-NOC-washout-dish2-004,AA,0,0.407,26.16,230.3,0
S9-AA-NOC-washout-dish2-004,AA,0,0.084,5.45,305.5,0
S9-AA-NOC-washout-dish2-004,AA,0,0.632,46.87,110.7,1
S9-AA-NOC-washout-dish2-004,AA,0,0.376,6.54,260.8,1
S9-AA-NOC-washout-dish2-004,AA,0,0.358,6.54,351.0,0
S9-AA-NOC-washout-dish2-004,AA,0,0.417,14.17,196.4,1
S9-AA-NOC-washout-dish2-004,AA,0,0.2,14.17,194.1,0
S9-AA-NOC-washout-dish2-004,AA,0,0.974,18.53,257.9,0
S9-AA-NOC-washout-dish2-004,AA,0,0.936,8.72,204.1,0
S9-AA-NOC-washout-dish2-004,AA,0,0.491,49.05,118.8,0
S9-AA-NOC-washout-dish2-004,AA,0,0.116,9.81,205.5,0
S9-AA-NOC-washout-dish2-004,AA,0,0.175,4.36,153.9,1
S9-AA-NOC-washout-dish2-004,AA,0,0.483,45.78,169.1,0
S9-AA-NOC-washout-dish2-004,AA,0,0.637,47.96,150.4,0
S9-AA-NOC-washout-dish2-004,AA,0,0.525,4.36,423.9,1
S9-AA-NOC-washout-dish2-004,AA,0,0.735,6.54,243.8,0
S9-AA-NOC-washout-dish2-004,AA,0,0.219,5.45,230.3,0
S9-AA-NOC-washout-dish2-004,AA,0,0.824,43.6,210.6,1
S9-AA-NOC-washout-dish2-004,AA,0,0.618,28.34,249.5,0
S9-AA-NOC-washout-dish2-004,AA,0,0.327,7.63,187.0,1
S9-AA-NOC-washout-dish2-004,AA,0,0.686,8.72,169.3,0
S9-AA-NOC-washout-dish2-004,AA,0,0.57,20.71,301.2,0
S9-AA-NOC-washout-dish2-004,AA,0,0.464,11.99,249.6,0
S9-AA-NOC-washout-dish2-004,AA,0,0.737,14.17,278.9,1
S9-AA-NOC-washout-dish2-004,AA,0,0.33,9.81,319.9,0
S9-AA-NOC-washout-dish2-004,AA,0,0.121,32.7,184.0,1
S9-AA-NOC-washout-dish2-004,AA,0,0.347,9.81,255.1,0
S9-AA-NOC-washout-dish2-004,AA,0,0.725,5.45,213.5,1
S9-AA-NOC-washout-dish2-004,AA,0,0.102,4.36,403.3,1
S9-AA-NOC-washout-dish2-004,AA,0,0.478,17.44,216.8,1
S9-AA-NOC-washout-dish2-004,AA,0,0.469,4.36,212.5,1
S9-AA-NOC-washout-dish2-004,AA,0,0.546,13.08,313.5,1
S9-AA-NOC-washout-dish2-004,AA,0,0.799,18.53,156.2,0
S9-AA-NOC-washout-dish2-004,AA,0,0.976,19.62,98.9,0
S9-AA-NOC-washout-dish2-004,AA,0,0.364,5.45,355.9,0
S9-AA-NOC-washout-dish2-004,AA,0,0.393,5.45,339.1,1
S9-AA-NOC-washout-dish2-004,AA,0,0.832,4.36,259.9,0
S9-AA-NOC-washout-dish2-004,AA,0,0.406,35.97,151.0,0
S9-AA-NOC-washout-dish2-004,AA,0,0.602,7.63,210.4,1
S9-AA-NOC-washout-dish2-004,AA,0,0.466,4.36,321.5,1
S9-AA-NOC-washout-dish2-004,AA,0,0.296,5.45,242.7,0
S9-AA-NOC-washout-dish2-004,AA,0,0.961,15.26,330.9,0
S9-AA-NOC-washout-dish2-004,AA,0,0.415,16.35,176.9,0
S9-AA-NOC-washout-dish2-004,AA,0,0.49,9.81,217.8,1
S9-AA-NOC-washout-dish2-004,AA,0,0.539,11.99,126.8,1
S9-AA-NOC-washout-dish2-004,AA,0,0.103,6.54,256.0,1
S9-AA-NOC-washout-dish2-004,AA,0,0.609,31.61,131.3,0
S9-AA-NOC-washout-dish2-004,AA,0,0.667,5.45,340.9,1
S9-AA-NOC-washout-dish2-004,AA,0,0.178,7.63,347.6,1
S9-AA-NOC-washout-dish2-004,AA,0,0.653,7.63,110.5,0
S9-AA-NOC-washout-dish2-004,AA,0,0.675,16.35,269.6,0
S9-AA-NOC-washout-dish2-004,AA,0,0.184,10.9,312.2,0
S9-AA-NOC-washout-dish2-004,AA,0,0.187,4.36,348.1,0
S9-AA-NOC-washout-dish2-004,AA,0,0.946,34.88,145.3,0
S9-AA-NOC-washout-dish2-004,AA,0,0.455,10.9,184.1,1
S9-AA-NOC-washout-dish2-004,AA,0,0.257,14.17,178.4,0
S9-AA-NOC-washout-dish2-004,AA,0,0.397,4.36,458.9,0
S9-AA-NOC-washout-dish2-004,AA,0,0.1,8.72,281.1,0
S9-AA-NOC-washout-dish2-004,AA,0,0.262,6.54,232.6,0
S9-AA-NOC-washout-dish2-004,AA,0,0.847,29.43,223.4,1
S9-AA-NOC-washout-dish2-004,AA,0,0.155,5.45,264.0,0
S9-AA-NOC-washout-dish2-004,AA,0,0.941,8.72,294.6,0
S9-AA-NOC-washout-dish2-004,AA,0,0.126,23.98,174.9,0
S9-AA-NOC-washout-dish2-004,AA,0,0.483,8.72,213.1,1
S9-AA-NOC-washout-dish2-004,AA,0,0.93,14.17,188.7,1
S9-AA-NOC-washout-dish2-004,AA,0,0.449,25.07,192.8,0
S9-AA-NOC-washout-dish2-004,AA,0,0.847,5.45,246.1,1
S9-AA-NOC-washout-dish2-004,AA,0,0.575,17.44,217.7,1
S9-AA-NOC-washout-dish2-004,AA,0,0.604,27.25,174.9,0
S9-AA-NOC-washout-dish2-004,AA,0,0.722,8.72,415.7,0
S9-AA-NOC-washout-dish2-004,AA,0,0.768,13.08,243.3,1
S9-AA-NOC-washout-dish2-004,AA,0,0.527,5.45,389.7,0
S9-AA-NOC-washout-dish2-004,AA,0,0.194,5.45,216.6,1
S9-AA-NOC-washout-dish2-004,AA,0,0.547,25.07,153.1,1
S9-AA-NOC-washout-dish2-004,AA,0,0.9,26.16,147.7,1
S9-AA-NOC-washout-dish2-004,AA,0,0.588,8.72,71.4,0
S9-AA-NOC-washout-dish2-004,AA,0,0.499,9.81,263.8,1
S9-AA-NOC-washout-dish2-004,AA,0,0.42,14.17,256.0,1
S9-AA-NOC-washout-dish2-004,AA,0,0.819,4.36,302.3,1
S9-AA-NOC-washout-dish2-004,AA,0,0.416,7.63,248.2,0
S9-AA-NOC-washout-dish2-004,AA,0,0.584,6.54,306.8,0
S9-AA-NOC-washout-dish2-004,AA,0,0.541,21.8,131.9,0
S9-AA-NOC-washout-dish2-004,AA,0,0.963,9.81,237.8,0
S9-AA-NOC-washout-dish2-004,AA,0,0.229,4.36,241.5,0
S9-AA-NOC-washout-dish2-004,AA,0,0.181,19.62,165.6,0
S9-AA-NOC-washout-dish2-004,AA,0,0.256,11.99,135.9,1
S9-AA-NOC-washout-dish2-004,AA,0,0.707,14.17,248.2,0
S9-AA-NOC-washout-dish2-004,AA,0,0.891,18.53,159.2,0
S9-AA-NOC-washout-dish2-004,AA,0,0.397,16.35,139.2,0
S9-AA-NOC-washout-dish2-004,AA,0,0.331,10.9,142.4,1
S9-AA-NOC-washout-dish2-004,AA,0,0.662,5.45,246.4,0
S9-AA-NOC-washout-dish2-004,AA,0,0.815,18.53,277.9,0
S9-AA-NOC-washout-dish2-004,AA,0,0.784,13.08,161.0,0
S9-AA-NOC-washout-dish2-004,AA,0,0.548,15.26,145.5,0
S9-AA-NOC-washout-dish2-004,AA,0,0.232,5.45,398.5,0
S9-AA-NOC-washout-dish2-004,AA,0,0.723,14.17,175.0,0
S9-AA-NOC-washout-dish2-004,AA,0,0.037,6.54,171.8,0
S9-AA-NOC-washout-dish2-004,AA,0,0.524,14.17,244.1,1
S9-AA-NOC-washout-dish2-004,AA,0,0.18,5.45,277.8,0
S9-AA-NOC-washout-dish2-004,AA,0,0.044,5.45,172.1,0
S9-AA-NOC-washout-dish2-004,AA,0,0.839,14.17,187.8,0
S9-AA-NOC-washout-dish2-004,AA,0,0.768,14.17,125.4,1
S9-AA-NOC-washout-dish2-004,AA,0,0.979,6.54,168.8,0
S9-AA-NOC-washout-dish2-004,AA,0,0.561,9.81,279.8,1
S9-AA-NOC-washout-dish2-004,AA,0,0.811,10.9,207.7,1
S9-AA-NOC-washout-dish2-004,AA,0,0.867,10.9,256.7,1
S9-AA-NOC-washout-dish2-004,AA,0,0.394,8.72,236.2,0
S9-AA-NOC-washout-dish2-004,AA,0,0.295,7.63,321.2,1
S9-AA-NOC-washout-dish2-004,AA,0,0.966,8.72,136.5,0
S9-AA-NOC-washout-dish2-004,AA,0,0.428,9.81,318.0,0
S9-AA-NOC-washout-dish2-004,AA,0,0.835,8.72,219.7,0
S9-AA-NOC-washout-dish2-004,AA,0,0.326,6.54,265.4,1
S9-AA-NOC-washout-dish2-004,AA,0,0.094,7.63,252.9,0
S9-AA-NOC-washout-dish2-004,AA,0,0.74,4.36,130.5,1
S9-AA-NOC-washout-dish2-004,AA,0,0.435,6.54,159.1,0
S9-AA-NOC-washout-dish2-004,AA,0,0.957,8.72,258.4,1
S9-AA-NOC-washout-dish2-004,AA,0,0.212,6.54,247.0,0
S9-AA-NOC-washout-dish2-004,AA,0,0.337,6.54,276.1,1
S9-AA-NOC-washout-dish2-004,AA,0,0.602,5.45,265.3,0
S9-AA-NOC-washout-dish2-004,AA,0,0.735,4.36,235.0,1
S9-AA-NOC-washout-dish2-004,AA,0,0.541,4.36,274.2,1
S9-AA-NOC-washout-dish2-004,AA,1,0.53,9.81,201.6,0
S9-AA-NOC-washout-dish2-004,AA,1,0.409,11.99,203.6,0
S9-AA-NOC-washout-dish2-004,AA,1,0.637,68.67,163.6,1
S9-AA-NOC-washout-dish2-004,AA,1,0.258,31.61,166.7,0
S9-AA-NOC-washout-dish2-004,AA,1,0.523,33.79,103.2,0
S9-AA-NOC-washout-dish2-004,AA,1,0.711,73.03,130.9,0
S9-AA-NOC-washout-dish2-004,AA,1,0.101,13.08,147.3,0
S9-AA-NOC-washout-dish2-004,AA,1,0.64,27.25,124.8,0
S9-AA-NOC-washout-dish2-004,AA,1,0.618,19.62,211.8,1
S9-AA-NOC-washout-dish2-004,AA,1,0.896,19.62,82.3,0
S9-AA-NOC-washout-dish2-004,AA,1,0.502,119.9,114.5,0
S9-AA-NOC-washout-dish2-004,AA,1,0.185,4.36,354.6,1
S9-AA-NOC-washout-dish2-004,AA,1,0.523,5.45,297.9,1
S9-AA-NOC-washout-dish2-004,AA,1,0.472,13.08,218.6,1
S9-AA-NOC-washout-dish2-004,AA,1,0.677,29.43,128.2,0
S9-AA-NOC-washout-dish2-004,AA,1,0.312,27.25,302.2,0
S9-AA-NOC-washout-dish2-004,AA,1,0.064,37.06,177.7,0
S9-AA-NOC-washout-dish2-004,AA,1,0.958,22.89,151.8,0
S9-AA-NOC-washout-dish2-004,AA,1,0.228,69.76,139.9,1
S9-AA-NOC-washout-dish2-004,AA,1,0.229,16.35,130.3,0
S9-AA-NOC-washout-dish2-004,AA,1,0.965,19.62,173.9,0
S9-AA-NOC-washout-dish2-004,AA,1,0.952,9.81,190.4,1
S9-AA-NOC-washout-dish2-004,AA,1,0.981,9.81,105.9,0
S9-AA-NOC-washout-dish2-004,AA,1,0.769,6.54,258.0,0
S9-AA-NOC-washout-dish2-004,AA,1,0.638,11.99,229.3,0
S9-AA-NOC-washout-dish2-004,AA,1,0.986,6.54,225.6,1
S9-AA-NOC-washout-dish2-004,AA,1,0.711,11.99,162.6,1
S9-AA-NOC-washout-dish2-004,AA,1,0.954,119.9,91.0,0
S9-AA-NOC-washout-dish2-004,AA,1,0.208,70.85,127.0,1
S9-AA-NOC-washout-dish2-004,AA,1,0.846,22.89,86.3,0
S9-AA-NOC-washout-dish2-004,AA,1,0.748,15.26,201.6,0
S9-AA-NOC-washout-dish2-004,AA,1,0.583,15.26,131.5,0
S9-AA-NOC-washout-dish2-004,AA,1,0.437,22.89,123.6,0
S9-AA-NOC-washout-dish2-004,AA,1,0.55,63.22,147.5,0
S9-AA-NOC-washout-dish2-004,AA,1,0.098,10.9,152.1,0
S9-AA-NOC-washout-dish2-004,AA,1,0.331,5.45,380.7,0
S9-AA-NOC-washout-dish2-004,AA,1,0.481,6.54,89.3,0
S9-AA-NOC-washout-dish2-004,AA,1,0.556,32.7,204.1,0
S9-AA-NOC-washout-dish2-004,AA,1,0.526,7.63,253.6,1
S9-AA-NOC-washout-dish2-004,AA,1,0.441,53.41,133.5,1
S9-AA-NOC-washout-dish2-004,AA,1,0.528,46.87,181.8,0
S9-AA-NOC-washout-dish2-004,AA,1,0.701,33.79,163.8,0
S9-AA-NOC-washout-dish2-004,AA,1,0.661,14.17,241.1,1
S9-AA-NOC-washout-dish2-004,AA,1,0.692,9.81,308.3,0
S9-AA-NOC-washout-dish2-004,AA,1,0.636,15.26,257.5,0
S9-AA-NOC-washout-dish2-004,AA,1,0.775,5.45,250.3,0
S9-AA-NOC-washout-dish2-004,AA,1,0.569,21.8,202.3,1
S9-AA-NOC-washout-dish2-004,AA,1,0.384,5.45,154.1,0
S9-AA-NOC-washout-dish2-004,AA,1,0.824,6.54,165.9,0
S9-AA-NOC-washout-dish2-004,AA,1,0.724,8.72,238.1,0
S9-AA-NOC-washout-dish2-004,AA,1,0.472,7.63,188.5,0
S9-AA-NOC-washout-dish2-004,AA,1,0.576,18.53,213.9,0
S9-AA-NOC-washout-dish2-004,AA,1,0.438,9.81,218.6,0
S9-AA-NOC-washout-dish2-004,AA,1,0.342,5.45,256.5,1
S9-AA-NOC-washout-dish2-004,AA,1,0.401,8.72,185.4,0
S9-AA-NOC-washout-dish2-004,AA,1,0.254,15.26,226.4,0
S9-AA-NOC-washout-dish2-004,AA,1,0.698,59.95,169.2,0
S9-AA-NOC-washout-dish2-004,AA,1,0.683,7.63,187.9,0
S9-AA-NOC-washout-dish2-004,AA,1,0.174,4.36,229.5,0
S9-AA-NOC-washout-dish2-004,AA,1,0.901,4.36,215.8,0
S9-AA-NOC-washout-dish2-004,AA,1,0.128,9.81,142.4,0
S9-AA-NOC-washout-dish2-004,AA,1,0.2,7.63,177.0,0
S9-AA-NOC-washout-dish2-004,AA,1,0.624,19.62,206.4,0
S9-AA-NOC-washout-dish2-004,AA,1,0.433,5.45,299.5,0
S9-AA-NOC-washout-dish2-004,AA,1,0.167,4.36,377.9,0
S9-AA-NOC-washout-dish2-004,AA,1,0.275,49.05,169.1,0
S9-AA-NOC-washout-dish2-004,AA,1,0.4,13.08,297.6,0
S9-AA-NOC-washout-dish2-004,AA,1,0.335,5.45,330.4,1
S9-AA-NOC-washout-dish2-004,AA,1,0.626,5.45,258.1,1
S9-AA-NOC-washout-dish2-004,AA,1,0.754,13.08,185.3,0
S9-AA-NOC-washout-dish2-004,AA,1,0.995,21.8,275.3,0
S9-AA-NOC-washout-dish2-004,AA,1,0.474,25.07,125.6,1
S9-AA-NOC-washout-dish2-004,AA,1,0.644,13.08,219.7,0
S9-AA-NOC-washout-dish2-004,AA,1,0.35,8.72,136.8,1
S9-AA-NOC-washout-dish2-004,AA,1,0.825,28.34,169.0,1
S9-AA-NOC-washout-dish2-004,AA,1,0.941,16.35,217.6,0
S9-AA-NOC-washout-dish2-004,AA,1,0.684,35.97,153.9,0
S9-AA-NOC-washout-dish2-004,AA,1,0.594,37.06,229.2,1
S9-AA-NOC-washout-dish2-004,AA,1,0.182,8.72,294.1,0
S9-AA-NOC-washout-dish2-004,AA,1,0.261,13.08,246.7,1
S9-AA-NOC-washout-dish2-004,AA,1,0.41,30.52,164.9,0
S9-AA-NOC-washout-dish2-004,AA,1,0.785,80.66,116.4,1
S9-AA-NOC-washout-dish2-004,AA,1,0.418,5.45,174.5,0
S9-AA-NOC-washout-dish2-004,AA,1,0.522,18.53,335.6,0
S9-AA-NOC-washout-dish2-004,AA,1,0.327,17.44,168.8,0
S9-AA-NOC-washout-dish2-004,AA,1,0.744,8.72,192.8,0
S9-AA-NOC-washout-dish2-004,AA,1,0.636,27.25,197.3,0
S9-AA-NOC-washout-dish2-004,AA,1,0.36,5.45,203.8,1
S9-AA-NOC-washout-dish2-004,AA,1,0.701,6.54,187.2,1
S9-AA-NOC-washout-dish2-004,AA,1,0.266,5.45,342.4,0
S9-AA-NOC-washout-dish2-004,AA,1,0.585,4.36,282.2,0
S9-AA-NOC-washout-dish2-004,AA,1,0.267,15.26,269.1,0
S9-AA-NOC-washout-dish2-004,AA,1,0.226,5.45,338.6,0
S9-AA-NOC-washout-dish2-004,AA,1,0.452,59.95,180.4,0
S9-AA-NOC-washout-dish2-004,AA,1,0.99,5.45,292.1,0
S9-AA-NOC-washout-dish2-004,AA,1,0.462,68.67,183.9,1
S9-AA-NOC-washout-dish2-004,AA,1,0.815,33.79,228.8,0
S9-AA-NOC-washout-dish2-004,AA,1,0.529,5.45,227.3,0
S9-AA-NOC-washout-dish2-004,AA,1,0.744,4.36,214.9,0
S9-AA-NOC-washout-dish2-004,AA,1,0.325,25.07,236.4,0
S9-AA-NOC-washout-dish2-004,AA,1,0.461,19.62,170.6,0
S9-AA-NOC-washout-dish2-004,AA,1,0.498,13.08,211.8,0
S9-AA-NOC-washout-dish2-004,AA,1,0.319,30.52,140.6,1
S9-AA-NOC-washout-dish2-004,AA,1,0.893,26.16,190.6,0
S9-AA-NOC-washout-dish2-004,AA,1,0.428,16.35,188.5,0
S9-AA-NOC-washout-dish2-004,AA,1,0.412,4.36,348.4,0
S9-AA-NOC-washout-dish2-004,AA,1,0.282,6.54,187.0,0
S9-AA-NOC-washout-dish2-004,AA,1,0.872,15.26,106.5,0
S9-AA-NOC-washout-dish2-004,AA,1,0.701,56.68,213.7,0
S9-AA-NOC-washout-dish2-004,AA,1,0.68,80.66,146.4,0
S9-AA-NOC-washout-dish2-004,AA,1,0.648,22.89,155.8,0
S9-AA-NOC-washout-dish2-004,AA,1,0.541,13.08,270.8,0
S9-AA-NOC-washout-dish2-004,AA,1,0.543,6.54,197.0,0
S9-AA-NOC-washout-dish2-004,AA,1,0.117,9.81,191.0,1
S9-AA-NOC-washout-dish2-004,AA,1,0.617,8.72,175.0,1
S9-AA-NOC-washout-dish2-004,AA,1,0.109,6.54,346.8,0
S9-AA-NOC-washout-dish2-004,AA,1,0.237,17.44,238.3,1
S9-AA-NOC-washout-dish2-004,AA,1,0.929,51.23,184.5,1
S9-AA-NOC-washout-dish2-004,AA,1,0.809,11.99,182.4,0
S9-AA-NOC-washout-dish2-004,AA,1,0.548,4.36,209.7,0
S9-AA-NOC-washout-dish2-004,AA,1,0.296,42.51,228.2,0
S9-AA-NOC-washout-dish2-004,AA,1,0.737,46.87,172.8,1
S9-AA-NOC-washout-dish2-004,AA,1,0.31,5.45,127.9,1
S9-AA-NOC-washout-dish2-004,AA,1,0.737,9.81,106.3,0
S9-AA-NOC-washout-dish2-004,AA,1,0.643,34.88,174.4,1
S9-AA-NOC-washout-dish2-004,AA,1,0.509,22.89,95.5,0
S9-AA-NOC-washout-dish2-004,AA,1,0.367,8.72,148.2,0
S9-AA-NOC-washout-dish2-004,AA,1,0.634,22.89,279.8,1
S9-AA-NOC-washout-dish2-004,AA,1,0.754,13.08,206.3,1
S9-AA-NOC-washout-dish2-004,AA,1,0.804,4.36,261.4,1
S9-AA-NOC-washout-dish2-004,AA,1,0.497,19.62,293.2,0
S9-AA-NOC-washout-dish2-004,AA,1,0.476,6.54,302.5,1
S9-AA-NOC-washout-dish2-004,AA,1,0.246,13.08,198.5,0
S9-AA-NOC-washout-dish2-004,AA,1,0.746,4.36,280.0,1
S9-AA-NOC-washout-dish2-004,AA,1,0.43,9.81,349.7,0
S9-AA-NOC-washout-dish2-004,AA,1,0.941,7.63,135.9,1
S9-AA-NOC-washout-dish2-004,AA,1,0.279,8.72,339.7,1
S9-AA-NOC-washout-dish2-004,AA,1,0.18,13.08,178.7,0
S9-AA-NOC-washout-dish2-004,AA,1,0.555,4.36,236.0,0
S9-AA-NOC-washout-dish2-004,AA,1,0.122,4.36,339.8,0
S9-AA-NOC-washout-dish2-004,AA,1,0.881,18.53,271.1,0
S9-AA-NOC-washout-dish2-004,AA,1,0.071,78.48,130.9,1
S9-AA-NOC-washout-dish2-004,AA,1,0.421,54.5,149.2,0
S9-AA-NOC-washout-dish2-004,AA,1,0.751,4.36,467.6,0
S9-AA-NOC-washout-dish2-004,AA,1,0.77,8.72,331.6,0
S9-AA-NOC-washout-dish2-004,AA,1,0.467,15.26,207.5,1
S9-AA-NOC-washout-dish2-004,AA,1,0.709,27.25,200.5,0
S9-AA-NOC-washout-dish2-004,AA,1,0.42,5.45,203.0,1
S9-AA-NOC-washout-dish2-004,AA,1,0.305,77.39,145.0,0
S9-AA-NOC-washout-dish2-004,AA,1,0.591,13.08,143.1,0
S9-AA-NOC-washout-dish2-004,AA,1,0.468,15.26,252.4,1
S9-AA-NOC-washout-dish2-004,AA,1,0.166,5.45,350.5,0
S9-AA-NOC-washout-dish2-004,AA,1,0.802,4.36,289.6,0
S9-AA-NOC-washout-dish2-004,AA,1,0.26,21.8,156.3,0
S9-AA-NOC-washout-dish2-004,AA,1,0.829,17.44,267.6,0
S9-AA-NOC-washout-dish2-004,AA,1,0.878,9.81,288.9,1
S9-AA-NOC-washout-dish2-004,AA,1,0.702,7.63,231.8,0
S9-AA-NOC-washout-dish2-004,AA,1,0.941,16.35,195.0,0
S9-AA-NOC-washout-dish2-004,AA,1,0.592,14.17,229.7,1
S9-AA-NOC-washout-dish2-004,AA,1,0.589,8.72,234.6,0
S9-AA-NOC-washout-dish2-004,AA,1,0.774,13.08,218.9,1
S9-AA-NOC-washout-dish2-004,AA,1,0.471,42.51,127.0,0
S9-AA-NOC-washout-dish2-004,AA,1,0.671,20.71,129.0,0
S9-AA-NOC-washout-dish2-004,AA,1,0.445,8.72,235.7,0
S9-AA-NOC-washout-dish2-004,AA,1,0.168,10.9,240.9,0
S9-AA-NOC-washout-dish2-004,AA,1,0.24,13.08,203.6,0
S9-AA-NOC-washout-dish2-004,AA,1,0.29,4.36,258.6,0
S9-AA-NOC-washout-dish2-004,AA,1,0.563,4.36,480.7,0
S9-AA-NOC-washout-dish2-004,AA,1,0.387,19.62,221.3,1
S9-AA-NOC-washout-dish2-004,AA,1,0.956,15.26,170.9,0
S9-AA-NOC-washout-dish2-004,AA,1,0.7,6.54,109.5,0
S9-AA-NOC-washout-dish2-004,AA,1,0.851,11.99,256.4,0
S9-AA-NOC-washout-dish2-004,AA,1,0.798,4.36,237.0,1
S9-AA-NOC-washout-dish2-004,AA,1,0.493,4.36,200.4,0
S9-AA-NOC-washout-dish2-004,AA,1,0.86,19.62,188.8,1
S9-AA-NOC-washout-dish2-004,AA,1,0.874,4.36,271.6,0
S9-AA-NOC-washout-dish2-004,AA,1,0.36,11.99,198.5,0
S9-AA-NOC-washout-dish2-004,AA,1,0.379,4.36,266.1,1
S9-AA-NOC-washout-dish2-004,AA,1,0.556,22.89,202.1,1
S9-AA-NOC-washout-dish2-004,AA,1,0.241,39.24,205.1,0
S9-AA-NOC-washout-dish2-004,AA,1,0.72,8.72,202.6,0
S9-AA-NOC-washout-dish2-004,AA,1,0.114,8.72,115.1,0
S9-AA-NOC-washout-dish2-004,AA,1,0.374,9.81,253.7,0
S9-AA-NOC-washout-dish2-004,AA,1,0.174,14.17,245.8,1
S9-AA-NOC-washout-dish2-004,AA,1,0.214,11.99,174.1,0
S9-AA-NOC-washout-dish2-004,AA,1,0.259,35.97,187.2,0
S9-AA-NOC-washout-dish2-004,AA,1,0.387,6.54,297.9,1
S9-AA-NOC-washout-dish2-004,AA,1,0.56,13.08,272.0,0
S9-AA-NOC-washout-dish2-004,AA,1,0.412,4.36,266.7,0
S9-AA-NOC-washout-dish2-004,AA,1,0.209,21.8,221.6,0
S9-AA-NOC-washout-dish2-004,AA,1,0.208,10.9,315.6,1
S9-AA-NOC-washout-dish2-004,AA,1,0.777,8.72,137.4,0
S9-AA-NOC-washout-dish2-004,AA,1,0.519,37.06,154.1,1
S9-AA-NOC-washout-dish2-004,AA,1,0.696,18.53,153.4,1
S9-AA-NOC-washout-dish2-004,AA,1,0.125,29.43,232.6,1
S9-AA-NOC-washout-dish2-004,AA,1,0.644,9.81,118.3,0
S9-AA-NOC-washout-dish2-004,AA,1,0.476,10.9,213.0,1
S9-AA-NOC-washout-dish2-004,AA,1,0.898,6.54,232.1,0
S9-AA-NOC-washout-dish2-004,AA,1,0.988,14.17,155.3,0
S9-AA-NOC-washout-dish2-004,AA,1,0.633,14.17,189.3,0
S9-AA-NOC-washout-dish2-004,AA,1,0.632,35.97,203.6,0
S9-AA-NOC-washout-dish2-004,AA,1,0.634,17.44,212.6,0
S9-AA-NOC-washout-dish2-004,AA,1,0.338,18.53,198.1,1
S9-AA-NOC-washout-dish2-004,AA,1,0.248,16.35,203.6,0
S9-AA-NOC-washout-dish2-004,AA,1,0.478,8.72,207.4,0
S9-AA-NOC-washout-dish2-004,AA,1,0.477,40.33,221.1,1
S9-AA-NOC-washout-dish2-004,AA,1,0.068,11.99,124.6,1
S9-AA-NOC-washout-dish2-004,AA,1,0.866,15.26,209.6,0
S9-AA-NOC-washout-dish2-004,AA,1,0.355,11.99,275.8,0
S9-AA-NOC-washout-dish2-004,AA,1,0.85,14.17,223.3,0
S9-AA-NOC-washout-dish2-004,AA,1,0.913,45.78,188.0,0
S9-AA-NOC-washout-dish2-004,AA,1,0.071,4.36,297.1,1
S9-AA-NOC-washout-dish2-004,AA,1,0.778,22.89,168.8,0
S9-AA-NOC-washout-dish2-004,AA,1,0.356,10.9,197.2,0
S9-AA-NOC-washout-dish2-004,AA,1,0.821,7.63,260.9,0
S9-AA-NOC-washout-dish2-004,AA,1,0.304,7.63,194.6,1
S9-AA-NOC-washout-dish2-004,AA,1,0.566,11.99,209.7,0
S9-AA-NOC-washout-dish2-004,AA,1,0.777,13.08,186.5,0
S9-AA-NOC-washout-dish2-004,AA,1,0.413,8.72,280.9,0
S9-AA-NOC-washout-dish2-004,AA,1,0.475,4.36,310.9,0
S9-AA-NOC-washout-dish2-004,AA,1,0.803,22.89,221.8,0
S9-AA-NOC-washout-dish2-004,AA,1,0.693,23.98,203.1,1
S9-AA-NOC-washout-dish2-004,AA,1,0.711,37.06,154.0,0
S9-AA-NOC-washout-dish2-004,AA,1,0.607,6.54,139.6,0
S9-AA-NOC-washout-dish2-004,AA,1,0.705,5.45,187.9,0
S9-AA-NOC-washout-dish2-004,AA,1,0.837,4.36,309.9,0
S9-AA-NOC-washout-dish2-004,AA,1,0.254,5.45,120.6,1
S9-AA-NOC-washout-dish2-004,AA,1,0.232,8.72,218.3,1
S9-AA-NOC-washout-dish2-004,AA,1,0.502,19.62,79.7,0
S9-AA-NOC-washout-dish2-004,AA,1,0.944,6.54,297.4,1
S9-AA-NOC-washout-dish2-004,AA,1,0.579,9.81,179.7,0
S9-AA-NOC-washout-dish2-004,AA,1,0.692,26.16,150.4,0
S9-AA-NOC-washout-dish2-004,AA,1,0.424,6.54,253.8,1
S9-AA-NOC-washout-dish2-004,AA,1,0.184,9.81,197.8,0
S9-AA-NOC-washout-dish2-004,AA,1,0.529,7.63,209.3,0
S9-AA-NOC-washout-dish2-004,AA,1,0.686,33.79,183.0,0
S9-AA-NOC-washout-dish2-004,AA,1,0.457,20.71,274.0,0
S9-AA-NOC-washout-dish2-004,AA,1,0.52,4.36,460.4,1
S9-AA-NOC-washout-dish2-004,AA,1,0.739,22.89,261.0,1
S9-AA-NOC-washout-dish2-004,AA,1,0.236,8.72,191.4,1
S9-AA-NOC-washout-dish2-004,AA,1,0.856,5.45,202.3,0
S9-AA-NOC-washout-dish2-004,AA,1,0.382,14.17,296.8,1
S9-AA-NOC-washout-dish2-004,AA,1,0.484,52.32,86.2,0
S9-AA-NOC-washout-dish2-004,AA,1,0.181,25.07,158.9,1
S9-AA-NOC-washout-dish2-004,AA,1,0.625,15.26,219.3,1
S9-AA-NOC-washout-dish2-004,AA,1,0.115,4.36,275.1,0
S9-AA-NOC-washout-dish2-004,AA,1,0.325,4.36,330.2,0
S9-AA-NOC-washout-dish2-004,AA,1,0.132,13.08,118.6,1
S9-AA-NOC-washout-dish2-004,AA,1,0.3,26.16,120.7,0
S9-AA-NOC-washout-dish2-004,AA,1,0.57,13.08,177.8,1
S9-AA-NOC-washout-dish2-004,AA,1,0.397,9.81,304.9,1
S9-AA-NOC-washout-dish2-004,AA,1,0.761,18.53,158.8,0
S9-AA-NOC-washout-dish2-004,AA,1,0.447,18.53,195.2,0
S9-AA-NOC-washout-dish2-004,AA,1,0.835,20.71,95.6,0
S9-AA-NOC-washout-dish2-004,AA,1,0.941,25.07,180.6,0
S9-AA-NOC-washout-dish2-004,AA,1,0.397,29.43,156.5,1
S9-AA-NOC-washout-dish2-004,AA,1,0.262,16.35,162.3,0
S9-AA-NOC-washout-dish2-004,AA,1,0.386,11.99,289.1,1
S9-AA-NOC-washout-dish2-004,AA,1,0.556,10.9,219.8,0
S9-AA-NOC-washout-dish2-004,AA,1,0.321,6.54,378.0,0
S9-AA-NOC-washout-dish2-004,AA,1,0.079,6.54,160.1,0
S9-AA-NOC-washout-dish2-004,AA,1,0.294,20.71,193.8,1
S9-AA-NOC-washout-dish2-004,AA,1,0.748,44.69,146.4,1
S9-AA-NOC-washout-dish2-004,AA,1,0.375,43.6,141.4,0
S9-AA-NOC-washout-dish2-004,AA,1,0.632,11.99,286.5,0
S9-AA-NOC-washout-dish2-004,AA,1,0.148,5.45,167.5,1
S9-AA-NOC-washout-dish2-004,AA,1,0.499,4.36,253.6,0
S9-AA-NOC-washout-dish2-004,AA,1,0.613,4.36,180.4,1
S9-AA-NOC-washout-dish2-004,AA,1,0.781,10.9,127.1,0
S9-AA-NOC-washout-dish2-004,AA,1,0.326,35.97,119.3,1
S9-AA-NOC-washout-dish2-004,AA,1,0.37,14.17,316.3,1
S9-AA-NOC-washout-dish2-004,AA,1,0.304,21.8,158.0,1
S9-AA-NOC-washout-dish2-004,AA,1,0.72,4.36,321.3,0
S9-AA-NOC-washout-dish2-004,AA,1,0.307,4.36,189.7,0
S9-AA-NOC-washout-dish2-004,AA,1,0.542,4.36,270.2,0
S9-AA-NOC-washout-dish2-004,AA,1,0.722,5.45,336.1,1
S9-AA-NOC-washout-dish2-004,AA,1,0.11,4.36,214.9,0
S9-AA-NOC-washout-dish2-004,AA,1,0.249,26.16,170.3,1
S9-AA-NOC-washout-dish2-004,AA,1,0.891,27.25,98.8,0
S9-AA-NOC-washout-dish2-004,AA,1,0.205,4.36,351.6,1
S9-AA-NOC-washout-dish2-004,AA,1,0.235,37.06,223.1,1
S9-AA-NOC-washout-dish2-004,AA,1,0.353,15.26,298.8,1
S9-AA-NOC-washout-dish2-004,AA,1,0.866,10.9,171.0,0
S9-AA-NOC-washout-dish2-004,AA,1,0.661,26.16,184.8,0
S9-AA-NOC-washout-dish2-004,AA,1,0.911,16.35,226.8,0
S9-AA-NOC-washout-dish2-004,AA,1,0.441,5.45,383.3,0
S9-AA-NOC-washout-dish2-004,AA,1,0.62,4.36,132.4,1
S9-AA-NOC-washout-dish2-004,AA,1,0.734,13.08,237.7,0
S9-AA-NOC-washout-dish2-004,AA,1,0.912,5.45,253.4,1
S9-AA-NOC-washout-dish2-004,AA,1,0.071,4.36,183.2,0
S9-AA-NOC-washout-dish2-004,AA,1,0.889,7.63,181.1,0
S9-AA-NOC-washout-dish2-004,AA,1,0.59,8.72,304.7,0
S9-AA-NOC-washout-dish2-004,AA,1,0.443,4.36,250.9,1
S9-AA-NOC-washout-dish2-004,AA,1,0.281,8.72,220.7,0
S9-AA-NOC-washout-dish2-004,AA,1,0.339,35.97,135.4,0
S9-AA-NOC-washout-dish2-004,AA,1,0.083,4.36,291.2,0
S9-AA-NOC-washout-dish2-004,AA,1,0.623,32.7,149.6,1
S9-AA-NOC-washout-dish2-004,AA,1,0.626,14.17,141.1,1
S9-AA-NOC-washout-dish2-004,AA,1,0.348,16.35,186.2,0
S9-AA-NOC-washout-dish2-004,AA,1,0.791,29.43,230.6,1
S9-AA-NOC-washout-dish2-004,AA,1,0.698,25.07,174.8,1
S9-AA-NOC-washout-dish2-004,AA,1,0.745,31.61,118.9,0
S9-AA-NOC-washout-dish2-004,AA,1,0.469,15.26,220.2,0
S9-AA-NOC-washout-dish2-004,AA,1,0.474,19.62,105.3,1
S9-AA-NOC-washout-dish2-004,AA,1,0.272,5.45,198.6,0
S9-AA-NOC-washout-dish2-004,AA,1,0.625,14.17,188.4,0
S9-AA-NOC-washout-dish2-004,AA,1,0.386,9.81,124.7,0
S9-AA-NOC-washout-dish2-004,AA,1,0.816,23.98,161.6,1
S9-AA-NOC-washout-dish2-004,AA,1,0.66,8.72,307.4,0
S9-AA-NOC-washout-dish2-004,AA,1,0.633,16.35,110.2,0
S9-AA-NOC-washout-dish2-004,AA,1,0.789,15.26,169.3,1
S9-AA-NOC-washout-dish2-004,AA,1,0.597,10.9,302.7,0
S9-AA-NOC-washout-dish2-004,AA,1,0.548,26.16,119.6,0
S9-AA-NOC-washout-dish2-004,AA,1,0.854,26.16,134.9,1
S9-AA-NOC-washout-dish2-004,AA,1,0.331,5.45,397.4,1
S9-AA-NOC-washout-dish2-004,AA,1,0.913,22.89,197.7,0
S9-AA-NOC-washout-dish2-004,AA,1,0.667,18.53,158.7,1
S9-AA-NOC-washout-dish2-004,AA,1,0.041,4.36,170.9,1
S9-AA-NOC-washout-dish2-004,AA,1,0.539,13.08,103.5,1
S9-AA-NOC-washout-dish2-004,AA,1,0.515,25.07,160.2,1
S9-AA-NOC-washout-dish2-004,AA,1,0.399,4.36,297.1,1
S9-AA-NOC-washout-dish2-004,AA,1,0.316,11.99,162.4,1
S9-AA-NOC-washout-dish2-004,AA,1,0.125,11.99,243.0,1
S9-AA-NOC-washout-dish2-004,AA,1,0.269,5.45,267.7,0
S9-AA-NOC-washout-dish2-004,AA,1,0.062,4.36,302.5,1
S9-AA-NOC-washout-dish2-004,AA,1,0.455,21.8,208.6,1
S9-AA-NOC-washout-dish2-004,AA,1,0.505,23.98,135.2,1
S9-AA-NOC-washout-dish2-004,AA,1,0.518,13.08,259.7,0
S9-AA-NOC-washout-dish2-004,AA,1,0.99,11.99,252.6,1
S9-AA-NOC-washout-dish2-004,AA,1,0.405,14.17,212.1,0
S9-AA-NOC-washout-dish2-004,AA,1,0.891,5.45,185.8,0
S9-AA-NOC-washout-dish2-004,AA,1,0.18,5.45,163.4,1
S9-AA-NOC-washout-dish2-004,AA,1,0.398,5.45,266.2,0
S9-AA-NOC-washout-dish2-004,AA,1,0.765,8.72,239.5,1
S9-AA-NOC-washout-dish2-004,AA,1,0.782,19.62,191.5,0
S9-AA-NOC-washout-dish2-004,AA,1,0.441,20.71,193.9,0
S9-AA-NOC-washout-dish2-004,AA,1,0.933,19.62,185.9,1
S9-AA-NOC-washout-dish2-004,AA,1,0.726,4.36,236.5,0
S9-AA-NOC-washout-dish2-004,AA,1,0.325,5.45,394.3,1
S9-AA-NOC-washout-dish2-004,AA,1,0.568,8.72,329.5,1
S9-AA-NOC-washout-dish2-004,AA,1,0.436,4.36,289.2,0
S9-AA-NOC-washout-dish2-004,AA,1,0.599,4.36,353.2,0
S9-AA-NOC-washout-dish2-004,AA,1,0.623,8.72,117.3,1
S9-AA-NOC-washout-dish2-004,AA,1,0.665,16.35,271.0,0
S9-AA-NOC-washout-dish2-004,AA,1,0.574,9.81,127.2,0
S9-AA-NOC-washout-dish2-004,AA,1,0.526,6.54,176.5,0
S9-AA-NOC-washout-dish2-004,AA,1,0.315,17.44,152.2,1
S9-AA-NOC-washout-dish2-004,AA,1,0.874,8.72,200.9,1
S9-AA-NOC-washout-dish2-004,AA,1,0.112,4.36,347.7,0
S9-AA-NOC-washout-dish2-004,AA,1,0.017,9.81,240.8,0
S9-AA-NOC-washout-dish2-004,AA,1,0.811,10.9,211.6,0
S9-AA-NOC-washout-dish2-004,AA,1,0.861,14.17,144.4,0
S9-AA-NOC-washout-dish2-004,AA,1,0.563,4.36,363.2,0
S9-AA-NOC-washout-dish2-004,AA,1,0.676,7.63,256.3,0
S9-AA-NOC-washout-dish2-004,AA,1,0.143,14.17,139.6,0
S9-AA-NOC-washout-dish2-004,AA,1,0.937,6.54,232.2,1
S9-AA-NOC-washout-dish2-004,AA,1,0.688,8.72,226.5,0
S9-AA-NOC-washout-dish2-004,AA,1,0.815,9.81,180.3,0
S9-AA-NOC-washout-dish2-004,AA,1,0.191,13.08,86.7,1
S9-AA-NOC-washout-dish2-004,AA,1,0.453,10.9,182.8,0
S9-AA-NOC-washout-dish2-004,AA,1,0.542,13.08,218.7,1
S9-AA-NOC-washout-dish2-004,AA,1,0.822,4.36,214.1,0
S9-AA-NOC-washout-dish2-004,AA,1,0.628,13.08,220.8,0
S9-AA-NOC-washout-dish2-004,AA,1,0.297,11.99,294.0,1
S9-AA-NOC-washout-dish2-004,AA,1,0.606,4.36,203.6,1
S9-AA-NOC-washout-dish2-004,AA,1,0.103,8.72,235.4,0
S9-AA-NOC-washout-dish2-004,AA,1,0.563,9.81,195.6,0
S9-AA-NOC-washout-dish2-004,AA,1,0.275,5.45,310.4,0
S9-AA-NOC-washout-dish2-004,AA,1,0.514,4.36,309.2,0
S9-AA-NOC-washout-dish2-004,AA,1,0.47,5.45,234.6,1
S9-AA-NOC-washout-dish2-004,AA,1,0.627,7.63,195.2,0
S9-AA-NOC-washout-dish2-004,AA,1,0.357,5.45,301.5,0
S9-AA-NOC-washout-dish2-004,AA,1,0.249,7.63,216.9,0
S9-AA-NOC-washout-dish2-004,AA,1,0.378,7.63,235.8,0
S9-AA-NOC-washout-dish2-004,AA,1,0.769,5.45,219.9,0
S9-AA-NOC-washout-dish2-004,AA,1,0.462,6.54,140.2,1
S9-AA-NOC-washout-dish2-004,AA,1,0.394,4.36,345.3,0
S9-AA-NOC-washout-dish2-004,AA,1,0.98,4.36,182.1,1
S9-AA-NOC-washout-dish2-004,AA,1,0.464,4.36,274.2,0
S9-AA-NOC-washout-dish2-004,AA,1,0.271,4.36,201.8,1
S9-AA-NOC-washout-dish2-004,AA,2,0.562,17.44,353.7,1
S9-AA-NOC-washout-dish2-004,AA,2,0.293,13.08,306.4,0
S9-AA-NOC-washout-dish2-004,AA,2,0.333,33.79,219.6,1
S9-AA-NOC-washout-dish2-004,AA,2,0.562,70.85,183.6,0
S9-AA-NOC-washout-dish2-004,AA,2,0.871,119.9,99.9,1
S9-AA-NOC-washout-dish2-004,AA,2,0.99,5.45,194.6,0
S9-AA-NOC-washout-dish2-004,AA,2,0.738,14.17,338.2,1
S9-AA-NOC-washout-dish2-004,AA,2,0.907,13.08,228.9,1
S9-AA-NOC-washout-dish2-004,AA,2,0.615,18.53,152.3,1
S9-AA-NOC-washout-dish2-004,AA,2,0.874,19.62,188.1,1
S9-AA-NOC-washout-dish2-004,AA,2,0.955,27.25,223.8,1
S9-AA-NOC-washout-dish2-004,AA,2,0.889,5.45,211.4,0
S9-AA-NOC-washout-dish2-004,AA,2,0.758,61.04,194.0,1
S9-AA-NOC-washout-dish2-004,AA,2,0.694,55.59,198.0,1
S9-AA-NOC-washout-dish2-004,AA,2,0.732,4.36,388.6,0
S9-AA-NOC-washout-dish2-004,AA,2,0.686,5.45,215.0,0
S9-AA-NOC-washout-dish2-004,AA,2,0.053,25.07,198.4,0
S9-AA-NOC-washout-dish2-004,AA,2,0.439,16.35,147.5,0
S9-AA-NOC-washout-dish2-004,AA,2,0.896,30.52,162.5,1
S9-AA-NOC-washout-dish2-004,AA,2,0.639,13.08,130.7,1
S9-AA-NOC-washout-dish2-004,AA,2,0.736,8.72,210.7,0
S9-AA-NOC-washout-dish2-004,AA,2,0.408,4.36,357.3,0
S9-AA-NOC-washout-dish2-004,AA,2,0.211,8.72,287.1,0
S9-AA-NOC-washout-dish2-004,AA,2,0.825,17.44,201.4,0
S9-AA-NOC-washout-dish2-004,AA,2,0.357,46.87,238.8,0
S9-AA-NOC-washout-dish2-004,AA,2,0.979,10.9,308.7,0
S9-AA-NOC-washout-dish2-004,AA,2,0.012,8.72,211.4,0
S9-AA-NOC-washout-dish2-004,AA,2,0.803,19.62,209.1,0
S9-AA-NOC-washout-dish2-004,AA,2,0.617,29.43,271.9,1
S9-AA-NOC-washout-dish2-004,AA,2,0.793,19.62,251.3,0
S9-AA-NOC-washout-dish2-004,AA,2,0.869,8.72,291.3,0
S9-AA-NOC-washout-dish2-004,AA,2,0.598,4.36,267.9,1
S9-AA-NOC-washout-dish2-004,AA,2,0.502,7.63,241.8,0
S9-AA-NOC-washout-dish2-004,AA,2,0.793,11.99,207.4,0
S9-AA-NOC-washout-dish2-004,AA,2,0.994,15.26,180.0,1
S9-AA-NOC-washout-dish2-004,AA,2,0.749,22.89,110.7,1
S9-AA-NOC-washout-dish2-004,AA,2,0.974,19.62,225.1,0
S9-AA-NOC-washout-dish2-004,AA,2,0.352,18.53,118.7,1
S9-AA-NOC-washout-dish2-004,AA,2,0.258,5.45,286.0,0
S9-AA-NOC-washout-dish2-004,AA,2,0.205,6.54,308.4,1
S9-AA-NOC-washout-dish2-004,AA,2,0.606,21.8,242.9,0
S9-AA-NOC-washout-dish2-004,AA,2,0.727,5.45,200.0,0
S9-AA-NOC-washout-dish2-004,AA,2,0.822,18.53,201.1,0
S9-AA-NOC-washout-dish2-004,AA,2,0.688,4.36,318.5,0
S9-AA-NOC-washout-dish2-004,AA,2,0.336,8.72,274.4,0
S9-AA-NOC-washout-dish2-004,AA,2,0.1,5.45,457.2,0
S9-AA-NOC-washout-dish2-004,AA,2,0.764,8.72,288.8,0
S9-AA-NOC-washout-dish2-004,AA,2,0.336,6.54,199.1,0
S9-AA-NOC-washout-dish2-004,AA,2,0.711,64.31,208.5,1
S9-AA-NOC-washout-dish2-004,AA,2,0.507,13.08,349.6,1
S9-AA-NOC-washout-dish2-004,AA,2,0.549,7.63,124.2,1
S9-AA-NOC-washout-dish2-004,AA,2,0.755,22.89,304.1,1
S9-AA-NOC-washout-dish2-004,AA,2,0.61,58.86,126.6,1
S9-AA-NOC-washout-dish2-004,AA,2,0.433,6.54,254.2,1
S9-AA-NOC-washout-dish2-004,AA,2,0.624,7.63,410.1,1
S9-AA-NOC-washout-dish2-004,AA,2,0.844,29.43,188.6,0
S9-AA-NOC-washout-dish2-004,AA,2,0.861,19.62,221.4,1
S9-AA-NOC-washout-dish2-004,AA,2,0.995,28.34,167.0,1
S9-AA-NOC-washout-dish2-004,AA,2,0.192,15.26,231.2,1
S9-AA-NOC-washout-dish2-004,AA,2,0.412,13.08,268.7,1
S9-AA-NOC-washout-dish2-004,AA,2,0.218,10.9,213.6,0
S9-AA-NOC-washout-dish2-004,AA,2,0.877,9.81,128.6,0
S9-AA-NOC-washout-dish2-004,AA,2,0.175,8.72,348.5,0
S9-AA-NOC-washout-dish2-004,AA,2,0.813,13.08,250.2,1
S9-AA-NOC-washout-dish2-004,AA,2,0.426,4.36,121.5,1
S9-AA-NOC-washout-dish2-004,AA,2,0.513,76.3,133.8,0
S9-AA-NOC-washout-dish2-004,AA,2,0.656,13.08,255.1,1
S9-AA-NOC-washout-dish2-004,AA,2,0.864,18.53,216.4,0
S9-AA-NOC-washout-dish2-004,AA,2,0.656,29.43,185.5,0
S9-AA-NOC-washout-dish2-004,AA,2,0.633,9.81,321.6,1
S9-AA-NOC-washout-dish2-004,AA,2,0.534,20.71,224.3,0
S9-AA-NOC-washout-dish2-004,AA,2,0.097,17.44,277.6,1
S9-AA-NOC-washout-dish2-004,AA,2,0.488,6.54,173.0,1
S9-AA-NOC-washout-dish2-004,AA,2,0.638,6.54,253.6,0
S9-AA-NOC-washout-dish2-004,AA,2,0.408,4.36,242.7,0
S9-AA-NOC-washout-dish2-004,AA,2,0.912,10.9,233.1,1
S9-AA-NOC-washout-dish2-004,AA,2,0.733,5.45,272.2,0
S9-AA-NOC-washout-dish2-004,AA,2,0.754,57.77,180.4,1
S9-AA-NOC-washout-dish2-004,AA,2,0.675,8.72,257.6,1
S9-AA-NOC-washout-dish2-004,AA,2,0.958,49.05,200.8,1
S9-AA-NOC-washout-dish2-004,AA,2,0.91,26.16,177.7,1
S9-AA-NOC-washout-dish2-004,AA,2,0.516,8.72,254.2,0
S9-AA-NOC-washout-dish2-004,AA,2,0.811,6.54,349.8,1
S9-AA-NOC-washout-dish2-004,AA,2,0.954,9.81,205.9,1
S9-AA-NOC-washout-dish2-004,AA,2,0.337,9.81,205.0,0
S9-AA-NOC-washout-dish2-004,AA,2,0.606,7.63,212.5,0
S9-AA-NOC-washout-dish2-004,AA,2,0.979,22.89,194.9,1
S9-AA-NOC-washout-dish2-004,AA,2,0.212,4.36,248.1,1
S9-AA-NOC-washout-dish2-004,AA,2,0.403,5.45,334.0,0
S9-AA-NOC-washout-dish2-004,AA,2,0.221,4.36,357.0,0
S9-AA-NOC-washout-dish2-004,AA,2,0.694,4.36,195.8,0
S9-AA-NOC-washout-dish2-004,AA,2,0.654,9.81,245.1,0
S9-AA-NOC-washout-dish2-004,AA,2,0.408,9.81,227.4,0
S9-AA-NOC-washout-dish2-004,AA,2,0.69,6.54,262.8,0
S9-AA-NOC-washout-dish2-004,AA,2,0.845,19.62,207.7,1
S9-AA-NOC-washout-dish2-004,AA,2,0.871,70.85,181.7,0
S9-AA-NOC-washout-dish2-004,AA,2,0.388,5.45,210.0,1
S9-AA-NOC-washout-dish2-004,AA,2,0.54,18.53,241.0,0
S9-AA-NOC-washout-dish2-004,AA,2,0.774,8.72,202.2,0
S9-AA-NOC-washout-dish2-004,AA,2,0.737,31.61,180.9,0
S9-AA-NOC-washout-dish2-004,AA,2,0.504,4.36,251.6,0
S9-AA-NOC-washout-dish2-004,AA,2,0.709,20.71,293.6,0
S9-AA-NOC-washout-dish2-004,AA,2,0.275,5.45,402.2,0
S9-AA-NOC-washout-dish2-004,AA,2,0.582,6.54,363.2,0
S9-AA-NOC-washout-dish2-004,AA,2,0.364,6.54,196.4,0
S9-AA-NOC-washout-dish2-004,AA,2,0.87,32.7,205.2,0
S9-AA-NOC-washout-dish2-004,AA,2,0.087,4.36,383.3,0
S9-AA-NOC-washout-dish2-004,AA,2,0.177,6.54,294.2,0
S9-AA-NOC-washout-dish2-004,AA,2,0.687,6.54,200.7,1
S9-AA-NOC-washout-dish2-004,AA,2,0.662,6.54,182.7,0
S9-AA-NOC-washout-dish2-004,AA,2,0.293,11.99,262.2,1
S9-AA-NOC-washout-dish2-004,AA,2,0.68,9.81,278.1,0
S9-AA-NOC-washout-dish2-004,AA,2,0.383,30.52,203.5,0
S9-AA-NOC-washout-dish2-004,AA,2,0.378,8.72,326.1,1
S9-AA-NOC-washout-dish2-004,AA,2,0.927,14.17,171.6,0
S9-AA-NOC-washout-dish2-004,AA,2,0.117,8.72,248.9,0
S9-AA-NOC-washout-dish2-004,AA,2,0.491,4.36,242.9,0
S9-AA-NOC-washout-dish2-004,AA,2,0.606,5.45,154.0,1
S9-AA-NOC-washout-dish2-004,AA,2,0.49,9.81,364.5,0
S9-AA-NOC-washout-dish2-004,AA,2,0.804,8.72,310.2,0
S9-AA-NOC-washout-dish2-004,AA,2,0.229,5.45,289.2,0
S9-AA-NOC-washout-dish2-004,AA,2,0.393,62.13,220.8,1
S9-AA-NOC-washout-dish2-004,AA,2,0.441,4.36,179.5,0
S9-AA-NOC-washout-dish2-004,AA,2,0.608,21.8,140.9,0
S9-AA-NOC-washout-dish2-004,AA,2,0.915,16.35,172.1,0
S9-AA-NOC-washout-dish2-004,AA,2,0.658,16.35,184.9,0
S9-AA-NOC-washout-dish2-004,AA,2,0.275,7.63,309.4,1
S9-AA-NOC-washout-dish2-004,AA,2,0.645,8.72,141.5,1
S9-AA-NOC-washout-dish2-004,AA,2,0.492,32.7,303.9,1
S9-AA-NOC-washout-dish2-004,AA,2,0.45,5.45,240.8,1
S9-AA-NOC-washout-dish2-004,AA,2,0.291,13.08,278.3,0
S9-AA-NOC-washout-dish2-004,AA,2,0.98,16.35,191.0,1
S9-AA-NOC-washout-dish2-004,AA,2,0.484,14.17,357.7,0
S9-AA-NOC-washout-dish2-004,AA,2,0.817,4.36,249.3,1
S9-AA-NOC-washout-dish2-004,AA,2,0.712,17.44,216.8,1
S9-AA-NOC-washout-dish2-004,AA,2,0.424,6.54,272.2,0
S9-AA-NOC-washout-dish2-004,AA,2,0.331,5.45,366.7,0
S9-AA-NOC-washout-dish2-004,AA,2,0.619,5.45,245.4,1
S9-AA-NOC-washout-dish2-004,AA,2,0.7,38.15,135.7,0
S9-AA-NOC-washout-dish2-004,AA,2,0.423,45.78,155.1,0
S9-AA-NOC-washout-dish2-004,AA,2,0.599,15.26,308.5,0
S9-AA-NOC-washout-dish2-004,AA,2,0.981,20.71,251.7,0
S9-AA-NOC-washout-dish2-004,AA,2,0.396,4.36,354.0,0
S9-AA-NOC-washout-dish2-004,AA,2,0.718,6.54,171.8,1
S9-AA-NOC-washout-dish2-004,AA,2,0.255,5.45,324.6,0
S9-AA-NOC-washout-dish2-004,AA,2,0.592,7.63,282.1,0
S9-AA-NOC-washout-dish2-004,AA,2,0.459,20.71,141.0,1
S9-AA-NOC-washout-dish2-004,AA,2,0.651,15.26,218.2,0
S9-AA-NOC-washout-dish2-004,AA,2,0.709,4.36,313.3,0
S9-AA-NOC-washout-dish2-004,AA,2,0.452,7.63,160.1,1
S9-AA-NOC-washout-dish2-004,AA,2,0.832,4.36,299.9,1
S9-AA-NOC-washout-dish2-004,AA,2,0.913,6.54,139.0,1
S9-AA-NOC-washout-dish2-004,AA,2,0.562,15.26,202.7,1
S9-AA-NOC-washout-dish2-004,AA,2,0.74,18.53,200.1,0
S9-AA-NOC-washout-dish2-004,AA,2,0.411,6.54,259.6,0
S9-AA-NOC-washout-dish2-004,AA,2,0.236,7.63,377.9,0
S9-AA-NOC-washout-dish2-004,AA,2,0.838,6.54,272.6,0
S9-AA-NOC-washout-dish2-004,AA,2,0.908,13.08,162.5,0
S9-AA-NOC-washout-dish2-004,AA,2,0.251,18.53,210.8,1
S9-AA-NOC-washout-dish2-004,AA,2,0.364,9.81,131.2,0
S9-AA-NOC-washout-dish2-004,AA,2,0.614,18.53,227.6,1
S9-AA-NOC-washout-dish2-004,AA,2,0.788,22.89,163.0,0
S9-AA-NOC-washout-dish2-004,AA,2,0.628,9.81,162.0,0
S9-AA-NOC-washout-dish2-004,AA,2,0.233,5.45,363.9,0
S9-AA-NOC-washout-dish2-004,AA,2,0.588,9.81,211.7,0
S9-AA-NOC-washout-dish2-004,AA,2,0.789,4.36,262.2,0
S9-AA-NOC-washout-dish2-004,AA,2,0.818,9.81,230.7,1
S9-AA-NOC-washout-dish2-004,AA,2,0.558,6.54,288.5,0
S9-AA-NOC-washout-dish2-004,AA,2,0.951,10.9,206.2,0
S9-AA-NOC-washout-dish2-004,AA,2,0.615,6.54,259.8,0
S9-AA-NOC-washout-dish2-004,AA,2,0.493,5.45,229.0,1
S9-AA-NOC-washout-dish2-004,AA,2,0.853,21.8,229.8,1
S9-AA-NOC-washout-dish2-004,AA,2,0.64,9.81,219.7,1
S9-AA-NOC-washout-dish2-004,AA,2,0.592,33.79,173.8,1
S9-AA-NOC-washout-dish2-004,AA,2,0.941,30.52,168.4,0
S9-AA-NOC-washout-dish2-004,AA,2,0.466,13.08,275.3,0
S9-AA-NOC-washout-dish2-004,AA,2,0.553,17.44,249.5,0
S9-AA-NOC-washout-dish2-004,AA,2,0.542,28.34,208.7,0
S9-AA-NOC-washout-dish2-004,AA,2,0.489,4.36,428.6,0
S9-AA-NOC-washout-dish2-004,AA,2,0.361,6.54,244.9,1
S9-AA-NOC-washout-dish2-004,AA,2,0.105,5.45,358.0,0
S9-AA-NOC-washout-dish2-004,AA,2,0.988,6.54,290.0,1
S9-AA-NOC-washout-dish2-004,AA,2,0.463,10.9,174.8,1
S9-AA-NOC-washout-dish2-004,AA,2,0.489,21.8,243.8,0
S9-AA-NOC-washout-dish2-004,AA,2,0.895,17.44,176.2,1
S9-AA-NOC-washout-dish2-004,AA,2,0.63,5.45,243.4,0
S9-AA-NOC-washout-dish2-004,AA,2,0.747,8.72,253.9,0
S9-AA-NOC-washout-dish2-004,AA,2,0.812,11.99,245.7,0
S9-AA-NOC-washout-dish2-004,AA,2,0.114,6.54,218.7,1
S9-AA-NOC-washout-dish2-004,AA,2,0.124,8.72,323.1,0
S9-AA-NOC-washout-dish2-004,AA,2,0.65,8.72,299.9,0
S9-AA-NOC-washout-dish2-004,AA,2,0.695,4.36,472.8,1
S9-AA-NOC-washout-dish2-004,AA,2,0.145,4.36,241.9,0
S9-AA-NOC-washout-dish2-004,AA,2,0.898,5.45,297.4,1
S9-AA-NOC-washout-dish2-004,AA,2,0.443,9.81,170.9,1
S9-AA-NOC-washout-dish2-004,AA,2,0.535,15.26,295.7,0
S9-AA-NOC-washout-dish2-004,AA,2,0.562,11.99,195.7,0
S9-AA-NOC-washout-dish2-004,AA,2,0.668,8.72,256.7,0
S9-AA-NOC-washout-dish2-004,AA,2,0.333,4.36,291.5,0
S9-AA-NOC-washout-dish2-004,AA,2,0.76,16.35,213.7,0
S9-AA-NOC-washout-dish2-004,AA,2,0.405,6.54,286.9,0
S9-AA-NOC-washout-dish2-004,AA,2,0.978,17.44,177.0,0
S9-AA-NOC-washout-dish2-004,AA,2,0.279,10.9,243.9,1
S9-AA-NOC-washout-dish2-004,AA,2,0.658,11.99,372.2,1
S9-AA-NOC-washout-dish2-004,AA,2,0.225,9.81,324.9,1
S9-AA-NOC-washout-dish2-004,AA,2,0.822,5.45,341.1,0
S9-AA-NOC-washout-dish2-004,AA,2,0.725,5.45,218.0,0
S9-AA-NOC-washout-dish2-004,AA,2,0.609,7.63,144.3,1
S9-AA-NOC-washout-dish2-004,AA,2,0.535,4.36,358.4,1
S9-AA-NOC-washout-dish2-004,AA,2,0.277,8.72,214.9,0
S9-AA-NOC-washout-dish2-004,AA,2,0.431,14.17,296.9,0
S9-AA-NOC-washout-dish2-004,AA,2,0.615,14.17,262.7,0
S9-AA-NOC-washout-dish2-004,AA,2,0.749,7.63,127.0,1
S9-AA-NOC-washout-dish2-004,AA,2,0.913,11.99,189.1,1
S9-AA-NOC-washout-dish2-004,AA,2,0.272,8.72,232.4,0
S9-AA-NOC-washout-dish2-004,AA,2,0.807,11.99,190.6,1
S9-AA-NOC-washout-dish2-004,AA,2,0.552,6.54,277.4,0
S9-AA-NOC-washout-dish2-004,AA,2,0.321,4.36,416.8,0
S9-AA-NOC-washout-dish2-004,AA,2,0.651,6.54,230.3,0
S9-AA-NOC-washout-dish2-004,AA,2,0.62,5.45,301.5,0
S9-AA-NOC-washout-dish2-004,AA,2,0.831,4.36,234.8,0
S9-AA-NOC-washout-dish2-004,AA,2,0.46,9.81,215.9,1
S9-AA-NOC-washout-dish2-004,AA,2,0.577,4.36,333.0,1
S9-AA-NOC-washout-dish2-004,AA,2,0.7,8.72,268.1,0
S9-AA-NOC-washout-dish2-004,AA,2,0.615,7.63,221.3,1
S9-AA-NOC-washout-dish2-004,AA,2,0.2,4.36,261.7,0
S9-AA-NOC-washout-dish2-004,AA,2,0.691,6.54,307.3,1
S9-AA-NOC-washout-dish2-004,AA,2,0.433,8.72,289.7,1
S9-AA-NOC-washout-dish2-004,AA,2,0.41,5.45,250.3,0
S9-AA-NOC-washout-dish2-004,AA,2,0.563,7.63,207.9,0
S9-AA-NOC-washout-dish2-004,AA,2,0.268,7.63,209.7,0
S9-AA-NOC-washout-dish2-004,AA,2,0.954,5.45,157.7,0
S9-AA-NOC-washout-dish2-004,AA,2,0.494,4.36,305.5,0
S9-AA-NOC-washout-dish2-004,AA,3,0.806,10.9,242.4,0
S9-AA-NOC-washout-dish2-004,AA,3,0.743,19.62,114.2,0
S9-AA-NOC-washout-dish2-004,AA,3,0.352,10.9,198.7,0
S9-AA-NOC-washout-dish2-004,AA,3,0.447,5.45,381.3,0
S9-AA-NOC-washout-dish2-004,AA,3,0.934,13.08,196.0,1
S9-AA-NOC-washout-dish2-004,AA,3,0.511,6.54,98.9,0
S9-AA-NOC-washout-dish2-004,AA,3,0.866,13.08,154.7,1
S9-AA-NOC-washout-dish2-004,AA,3,0.079,11.99,179.1,1
S9-AA-NOC-washout-dish2-004,AA,3,0.458,7.63,214.0,1
S9-AA-NOC-washout-dish2-004,AA,3,0.563,5.45,226.1,0
S9-AA-NOC-washout-dish2-004,AA,3,0.69,7.63,344.2,1
S9-AA-NOC-washout-dish2-004,AA,3,0.877,32.7,131.0,1
S9-AA-NOC-washout-dish2-004,AA,3,0.696,99.19,123.4,1
S9-AA-NOC-washout-dish2-004,AA,3,0.522,19.62,246.2,1
S9-AA-NOC-washout-dish2-004,AA,3,0.598,54.5,243.7,0
S9-AA-NOC-washout-dish2-004,AA,3,0.162,4.36,413.2,0
S9-AA-NOC-washout-dish2-004,AA,3,0.22,18.53,204.4,0
S9-AA-NOC-washout-dish2-004,AA,3,0.008,15.26,194.5,1
S9-AA-NOC-washout-dish2-004,AA,3,0.984,4.36,195.6,0
S9-AA-NOC-washout-dish2-004,AA,3,0.812,10.9,166.1,0
S9-AA-NOC-washout-dish2-004,AA,3,0.736,8.72,271.9,1
S9-AA-NOC-washout-dish2-004,AA,3,0.491,29.43,263.2,0
S9-AA-NOC-washout-dish2-004,AA,3,0.295,9.81,243.1,1
S9-AA-NOC-washout-dish2-004,AA,3,0.459,9.81,329.6,1
S9-AA-NOC-washout-dish2-004,AA,3,0.52,13.08,149.2,0
S9-AA-NOC-washout-dish2-004,AA,3,0.841,11.99,234.4,0
S9-AA-NOC-washout-dish2-004,AA,3,0.616,18.53,270.4,0
S9-AA-NOC-washout-dish2-004,AA,3,0.478,16.35,260.8,1
S9-AA-NOC-washout-dish2-004,AA,3,0.442,9.81,413.3,1
S9-AA-NOC-washout-dish2-004,AA,3,0.55,15.26,251.8,0
S9-AA-NOC-washout-dish2-004,AA,3,0.391,13.08,170.3,0
S9-AA-NOC-washout-dish2-004,AA,3,0.2,26.16,102.8,0
S9-AA-NOC-washout-dish2-004,AA,3,0.402,5.45,340.3,1
S9-AA-NOC-washout-dish2-004,AA,3,0.894,23.98,210.5,1
S9-AA-NOC-washout-dish2-004,AA,3,0.096,7.63,379.8,1
S9-AA-NOC-washout-dish2-004,AA,3,0.732,8.72,325.1,0
S9-AA-NOC-washout-dish2-004,AA,3,0.549,8.72,379.6,1
S9-AA-NOC-washout-dish2-004,AA,3,0.73,7.63,272.1,0
S9-AA-NOC-washout-dish2-004,AA,3,0.607,14.17,251.2,0
S9-AA-NOC-washout-dish2-004,AA,3,0.513,54.5,170.3,0
S9-AA-NOC-washout-dish2-004,AA,3,0.525,9.81,309.1,0
S9-AA-NOC-washout-dish2-004,AA,3,0.065,5.45,500.5,1
S9-AA-NOC-washout-dish2-004,AA,3,0.93,6.54,237.8,0
S9-AA-NOC-washout-dish2-004,AA,3,0.321,21.8,235.9,0
S9-AA-NOC-washout-dish2-004,AA,3,0.126,5.45,354.2,1
S9-AA-NOC-washout-dish2-004,AA,3,0.468,6.54,298.8,0
S9-AA-NOC-washout-dish2-004,AA,3,0.58,8.72,228.0,0
S9-AA-NOC-washout-dish2-004,AA,3,0.607,19.62,203.2,0
S9-AA-NOC-washout-dish2-004,AA,3,0.844,17.44,166.9,1
S9-AA-NOC-washout-dish2-004,AA,3,0.636,7.63,198.5,0
S9-AA-NOC-washout-dish2-004,AA,3,0.202,6.54,285.1,0
S9-AA-NOC-washout-dish2-004,AA,3,0.529,8.72,376.4,0
S9-AA-NOC-washout-dish2-004,AA,3,0.777,5.45,334.0,0
S9-AA-NOC-washout-dish2-004,AA,3,0.649,9.81,254.8,1
S9-AA-NOC-washout-dish2-004,AA,3,0.972,9.81,270.3,1
S9-AA-NOC-washout-dish2-004,AA,3,0.76,8.72,386.5,1
S9-AA-NOC-washout-dish2-004,AA,3,0.298,4.36,190.6,0
S9-AA-NOC-washout-dish2-004,AA,3,0.449,8.72,326.5,1
S9-AA-NOC-washout-dish2-004,AA,3,0.439,4.36,256.7,1
S9-AA-NOC-washout-dish2-004,AA,3,0.552,14.17,91.0,0
S9-AA-NOC-washout-dish2-004,AA,3,0.85,8.72,245.7,0
S9-AA-NOC-washout-dish2-004,AA,3,0.624,4.36,330.6,0
S9-AA-NOC-washout-dish2-004,AA,3,0.752,14.17,209.0,0
S9-AA-NOC-washout-dish2-004,AA,3,0.307,17.44,281.0,1
S9-AA-NOC-washout-dish2-004,AA,3,0.457,16.35,280.2,0
S9-AA-NOC-washout-dish2-004,AA,3,0.714,20.71,286.6,1
S9-AA-NOC-washout-dish2-004,AA,3,0.228,4.36,242.2,1
S9-AA-NOC-washout-dish2-004,AA,3,0.243,6.54,317.0,1
S9-AA-NOC-washout-dish2-004,AA,3,0.825,8.72,277.9,1
S9-AA-NOC-washout-dish2-004,AA,3,0.723,26.16,281.1,1
S9-AA-NOC-washout-dish2-004,AA,3,0.742,9.81,229.9,1
S9-AA-NOC-washout-dish2-004,AA,3,0.59,5.45,194.2,1
S9-AA-NOC-washout-dish2-004,AA,3,0.784,15.26,218.7,0
S9-AA-NOC-washout-dish2-004,AA,3,0.955,10.9,314.7,0
S9-AA-NOC-washout-dish2-004,AA,3,0.077,7.63,365.1,1
S9-AA-NOC-washout-dish2-004,AA,3,0.58,17.44,349.1,1
S9-AA-NOC-washout-dish2-004,AA,3,0.29,8.72,265.8,0
S9-AA-NOC-washout-dish2-004,AA,3,0.477,4.36,277.2,0
S9-AA-NOC-washout-dish2-004,AA,3,0.597,6.54,271.9,0
S9-AA-NOC-washout-dish2-004,AA,3,0.438,25.07,184.5,0
S9-AA-NOC-washout-dish2-004,AA,3,0.4,6.54,284.6,0
S9-AA-NOC-washout-dish2-004,AA,3,0.371,25.07,175.1,1
S9-AA-NOC-washout-dish2-004,AA,3,0.864,26.16,250.1,1
S9-AA-NOC-washout-dish2-004,AA,3,0.231,20.71,200.6,1
S9-AA-NOC-washout-dish2-004,AA,3,0.6,23.98,165.0,1
S9-AA-NOC-washout-dish2-004,AA,3,0.798,6.54,339.7,0
S9-AA-NOC-washout-dish2-004,AA,3,0.411,4.36,232.1,1
S9-AA-NOC-washout-dish2-004,AA,3,0.37,30.52,220.4,1
S9-AA-NOC-washout-dish2-004,AA,3,0.702,14.17,250.1,0
S9-AA-NOC-washout-dish2-004,AA,3,0.657,31.61,223.9,0
S9-AA-NOC-washout-dish2-004,AA,3,0.682,7.63,320.9,0
S9-AA-NOC-washout-dish2-004,AA,3,0.447,6.54,279.8,0
S9-AA-NOC-washout-dish2-004,AA,3,0.606,4.36,199.8,1
S9-AA-NOC-washout-dish2-004,AA,3,0.964,27.25,239.8,1
S9-AA-NOC-washout-dish2-004,AA,3,0.096,4.36,410.8,0
S9-AA-NOC-washout-dish2-004,AA,3,0.989,8.72,254.3,0
S9-AA-NOC-washout-dish2-004,AA,3,0.222,14.17,270.6,1
S9-AA-NOC-washout-dish2-004,AA,3,0.209,14.17,214.7,1
S9-AA-NOC-washout-dish2-004,AA,3,0.508,61.04,164.0,1
S9-AA-NOC-washout-dish2-004,AA,3,0.551,18.53,196.6,1
S9-AA-NOC-washout-dish2-004,AA,3,0.977,8.72,295.9,1
S9-AA-NOC-washout-dish2-004,AA,3,0.576,9.81,263.1,1
S9-AA-NOC-washout-dish2-004,AA,3,0.621,20.71,288.7,0
S9-AA-NOC-washout-dish2-004,AA,3,0.539,6.54,393.3,1
S9-AA-NOC-washout-dish2-004,AA,3,0.215,6.54,363.7,0
S9-AA-NOC-washout-dish2-004,AA,3,0.911,7.63,328.9,0
S9-AA-NOC-washout-dish2-004,AA,3,0.529,5.45,306.3,1
S9-AA-NOC-washout-dish2-004,AA,3,0.714,11.99,115.5,1
S9-AA-NOC-washout-dish2-004,AA,3,0.352,9.81,283.8,1
S9-AA-NOC-washout-dish2-004,AA,3,0.602,7.63,293.3,1
S9-AA-NOC-washout-dish2-004,AA,3,0.771,4.36,206.6,1
S9-AA-NOC-washout-dish2-004,AA,3,0.766,18.53,152.0,0
S9-AA-NOC-washout-dish2-004,AA,3,0.605,7.63,354.0,0
S9-AA-NOC-washout-dish2-004,AA,3,0.123,5.45,335.9,0
S9-AA-NOC-washout-dish2-004,AA,3,0.277,7.63,295.9,1
S9-AA-NOC-washout-dish2-004,AA,3,0.29,4.36,251.4,1
S9-AA-NOC-washout-dish2-004,AA,3,0.883,5.45,195.2,1
S9-AA-NOC-washout-dish2-004,AA,3,0.882,4.36,419.2,0
S9-AA-NOC-washout-dish2-004,AA,3,0.168,25.07,219.9,1
S9-AA-NOC-washout-dish2-004,AA,3,0.562,4.36,287.6,1
S9-AA-NOC-washout-dish2-004,AA,3,0.532,9.81,281.0,0
S9-AA-NOC-washout-dish2-004,AA,3,0.556,18.53,250.4,1
S9-AA-NOC-washout-dish2-004,AA,3,0.791,44.69,151.7,1
S9-AA-NOC-washout-dish2-004,AA,3,0.346,10.9,369.1,1
S9-AA-NOC-washout-dish2-004,AA,3,0.506,9.81,243.6,1
S9-AA-NOC-washout-dish2-004,AA,3,0.748,53.41,119.9,0
S9-AA-NOC-washout-dish2-004,AA,3,0.73,8.72,247.3,1
S9-AA-NOC-washout-dish2-004,AA,3,0.024,13.08,151.4,0
S9-AA-NOC-washout-dish2-004,AA,3,0.749,17.44,288.7,1
S9-AA-NOC-washout-dish2-004,AA,3,0.583,4.36,339.4,1
S9-AA-NOC-washout-dish2-004,AA,3,0.963,5.45,266.5,0
S9-AA-NOC-washout-dish2-004,AA,3,0.342,4.36,439.1,0
S9-AA-NOC-washout-dish2-004,AA,3,0.636,4.36,282.1,0
S9-AA-NOC-washout-dish2-004,AA,3,0.227,5.45,335.8,0
S9-AA-NOC-washout-dish2-004,AA,3,0.593,26.16,183.8,0
S9-AA-NOC-washout-dish2-004,AA,3,0.268,6.54,321.0,0
S9-AA-NOC-washout-dish2-004,AA,3,0.345,10.9,251.6,0
S9-AA-NOC-washout-dish2-004,AA,3,0.619,4.36,349.2,0
S9-AA-NOC-washout-dish2-004,AA,3,0.434,4.36,304.6,0
S9-AA-NOC-washout-dish2-004,AA,3,0.726,18.53,234.9,0
S9-AA-NOC-washout-dish2-004,AA,3,0.858,5.45,229.7,1
S9-AA-NOC-washout-dish2-004,AA,3,0.905,9.81,222.9,1
S9-AA-NOC-washout-dish2-004,AA,3,0.011,5.45,122.1,0
S9-AA-NOC-washout-dish2-004,AA,3,0.997,18.53,183.6,1
S9-AA-NOC-washout-dish2-004,AA,3,0.584,11.99,222.4,0
S9-AA-NOC-washout-dish2-004,AA,3,0.551,13.08,318.9,1
S9-AA-NOC-washout-dish2-004,AA,3,0.142,5.45,255.8,0
S9-AA-NOC-washout-dish2-004,AA,3,0.84,30.52,271.3,0
S9-AA-NOC-washout-dish2-004,AA,3,0.518,4.36,360.1,0
S9-AA-NOC-washout-dish2-004,AA,3,0.746,5.45,381.6,1
S9-AA-NOC-washout-dish2-004,AA,3,0.513,8.72,313.8,0
S9-AA-NOC-washout-dish2-004,AA,3,0.768,13.08,248.3,0
S9-AA-NOC-washout-dish2-004,AA,3,0.687,10.9,348.1,1
S9-AA-NOC-washout-dish2-004,AA,3,0.504,6.54,212.7,0
S9-AA-NOC-washout-dish2-004,AA,3,0.271,6.54,257.3,0
S9-AA-NOC-washout-dish2-004,AA,3,0.423,14.17,223.8,1
S9-AA-NOC-washout-dish2-004,AA,3,0.485,6.54,178.0,0
S9-AA-NOC-washout-dish2-004,AA,3,0.19,26.16,273.0,0
S9-AA-NOC-washout-dish2-004,AA,3,0.334,4.36,284.8,0
S9-AA-NOC-washout-dish2-004,AA,3,0.53,7.63,290.2,0
S9-AA-NOC-washout-dish2-004,AA,3,0.8,16.35,191.9,0
S9-AA-NOC-washout-dish2-004,AA,3,0.879,16.35,306.9,1
S9-AA-NOC-washout-dish2-004,AA,3,0.572,5.45,416.5,0
S9-AA-NOC-washout-dish2-004,AA,3,0.574,6.54,327.0,0
S9-AA-NOC-washout-dish2-004,AA,3,0.568,4.36,237.6,1
S9-AA-NOC-washout-dish2-004,AA,3,0.735,19.62,201.6,0
S9-AA-NOC-washout-dish2-004,AA,3,0.411,8.72,364.3,0
S9-AA-NOC-washout-dish2-004,AA,3,0.883,5.45,327.9,0
S9-AA-NOC-washout-dish2-004,AA,3,0.856,8.72,200.4,0
S9-AA-NOC-washout-dish2-004,AA,3,0.208,8.72,278.7,0
S9-AA-NOC-washout-dish2-004,AA,3,0.417,30.52,271.1,0
S9-AA-NOC-washout-dish2-004,AA,3,0.4,35.97,146.5,0
S9-AA-NOC-washout-dish2-004,AA,3,0.401,4.36,242.2,0
S9-AA-NOC-washout-dish2-004,AA,3,0.264,13.08,245.3,1
S9-AA-NOC-washout-dish2-004,AA,3,0.854,4.36,232.9,0
S9-AA-NOC-washout-dish2-004,AA,3,0.679,31.61,134.2,0
S9-AA-NOC-washout-dish2-004,AA,3,0.935,16.35,245.6,0
S9-AA-NOC-washout-dish2-004,AA,3,0.788,5.45,379.6,0
S9-AA-NOC-washout-dish2-004,AA,3,0.804,7.63,226.2,0
S9-AA-NOC-washout-dish2-004,AA,3,0.639,4.36,367.1,1
S9-AA-NOC-washout-dish2-004,AA,3,0.713,25.07,146.3,0
S9-AA-NOC-washout-dish2-004,AA,3,0.132,6.54,342.9,1
S9-AA-NOC-washout-dish2-004,AA,3,0.623,7.63,233.1,0
S9-AA-NOC-washout-dish2-004,AA,3,0.592,28.34,289.1,0
S9-AA-NOC-washout-dish2-004,AA,3,0.403,8.72,255.9,1
S9-AA-NOC-washout-dish2-004,AA,3,0.345,7.63,281.8,0
S9-AA-NOC-washout-dish2-004,AA,3,0.14,7.63,203.8,1
S9-AA-NOC-washout-dish2-004,AA,3,0.924,10.9,323.9,1
S9-AA-NOC-washout-dish2-004,AA,3,0.956,6.54,200.6,0
S9-AA-NOC-washout-dish2-004,AA,3,0.322,5.45,230.9,0
S9-AA-NOC-washout-dish2-004,AA,3,0.973,43.6,186.3,1
S9-AA-NOC-washout-dish2-004,AA,3,0.936,4.36,333.7,1
S9-AA-NOC-washout-dish2-004,AA,3,0.38,7.63,335.4,0
S9-AA-NOC-washout-dish2-004,AA,3,0.668,6.54,195.9,0
S9-AA-NOC-washout-dish2-004,AA,3,0.265,5.45,269.7,0
S9-AA-NOC-washout-dish2-004,AA,3,0.311,28.34,93.3,0
S9-AA-NOC-washout-dish2-004,AA,3,0.569,20.71,290.2,1
S9-AA-NOC-washout-dish2-004,AA,3,0.898,4.36,276.0,1
S9-AA-NOC-washout-dish2-004,AA,3,0.25,5.45,282.9,0
S9-AA-NOC-washout-dish2-004,AA,3,0.233,6.54,287.5,0
S9-AA-NOC-washout-dish2-004,AA,3,0.375,4.36,310.1,1
S9-AA-NOC-washout-dish2-004,AA,3,0.702,8.72,230.6,0
S9-AA-NOC-washout-dish2-004,AA,3,0.421,69.76,133.1,1
S9-AA-NOC-washout-dish2-004,AA,3,0.561,34.88,232.4,0
S9-AA-NOC-washout-dish2-004,AA,3,0.282,6.54,362.8,0
S9-AA-NOC-washout-dish2-004,AA,3,0.934,15.26,321.5,1
S9-AA-NOC-washout-dish2-004,AA,3,0.005,17.44,160.1,1
S9-AA-NOC-washout-dish2-004,AA,3,0.879,8.72,237.7,0
S9-AA-NOC-washout-dish2-004,AA,3,0.138,6.54,236.3,0
S9-AA-NOC-washout-dish2-004,AA,3,0.879,4.36,289.3,1
S9-AA-NOC-washout-dish2-004,AA,3,0.668,31.61,284.1,0
S9-AA-NOC-washout-dish2-004,AA,3,0.847,6.54,236.9,0
S9-AA-NOC-washout-dish2-004,AA,3,0.63,54.5,167.3,0
S9-AA-NOC-washout-dish2-004,AA,3,0.736,14.17,268.9,0
S9-AA-NOC-washout-dish2-004,AA,3,0.576,7.63,236.9,0
S9-AA-NOC-washout-dish2-004,AA,3,0.427,11.99,212.5,0
S9-AA-NOC-washout-dish2-004,AA,3,0.759,26.16,188.9,0
S9-AA-NOC-washout-dish2-004,AA,3,0.99,27.25,213.7,0
S9-AA-NOC-washout-dish2-004,AA,3,0.609,4.36,204.0,1
S9-AA-NOC-washout-dish2-004,AA,3,0.159,4.36,172.5,0
S9-AA-NOC-washout-dish2-004,AA,3,0.696,14.17,190.4,0
S9-AA-NOC-washout-dish2-004,AA,3,0.819,15.26,205.8,0
S9-AA-NOC-washout-dish2-004,AA,3,0.091,6.54,341.6,1
S9-AA-NOC-washout-dish2-004,AA,3,0.253,11.99,302.1,0
S9-AA-NOC-washout-dish2-004,AA,3,0.635,41.42,154.4,0
S9-AA-NOC-washout-dish2-004,AA,3,0.927,7.63,218.1,0
S9-AA-NOC-washout-dish2-004,AA,3,0.723,6.54,397.2,0
S9-AA-NOC-washout-dish2-004,AA,3,0.1,6.54,267.8,0
S9-AA-NOC-washout-dish2-004,AA,3,0.595,5.45,506.1,0
S9-AA-NOC-washout-dish2-004,AA,3,0.536,10.9,303.3,1
S9-AA-NOC-washout-dish2-004,AA,3,0.133,5.45,304.6,0
S9-AA-NOC-washout-dish2-004,AA,3,0.629,5.45,240.7,1
S9-AA-NOC-washout-dish2-004,AA,3,0.719,11.99,234.6,1
S9-AA-NOC-washout-dish2-004,AA,3,0.285,5.45,315.4,0
S9-AA-NOC-washout-dish2-004,AA,3,0.502,8.72,175.0,0
S9-AA-NOC-washout-dish2-004,AA,3,0.721,18.53,235.3,0
S9-AA-NOC-washout-dish2-004,AA,3,0.337,4.36,384.4,1
S9-AA-NOC-washout-dish2-004,AA,3,0.511,13.08,301.4,0
S9-AA-NOC-washout-dish2-004,AA,3,0.749,20.71,199.6,1
S9-AA-NOC-washout-dish2-004,AA,3,0.255,7.63,338.1,0
S9-AA-NOC-washout-dish2-004,AA,3,0.829,6.54,334.4,0
S9-AA-NOC-washout-dish2-004,AA,3,0.015,10.9,219.4,0
S9-AA-NOC-washout-dish2-004,AA,3,0.474,4.36,246.6,1
S9-AA-NOC-washout-dish2-004,AA,3,0.153,4.36,294.3,0
S9-AA-NOC-washout-dish2-004,AA,3,0.89,18.53,231.7,0
S9-AA-NOC-washout-dish2-004,AA,3,0.541,15.26,145.9,1
S9-AA-NOC-washout-dish2-004,AA,3,0.701,5.45,399.2,0
S9-AA-NOC-washout-dish2-004,AA,3,0.926,20.71,185.1,1
S9-AA-NOC-washout-dish2-004,AA,3,0.775,9.81,165.8,0
S9-AA-NOC-washout-dish2-004,AA,3,0.484,4.36,263.8,0
S9-AA-NOC-washout-dish2-004,AA,3,0.864,20.71,174.3,1
S9-AA-NOC-washout-dish2-004,AA,3,0.21,5.45,295.4,1
S9-AA-NOC-washout-dish2-004,AA,3,0.461,8.72,238.5,0
S9-AA-NOC-washout-dish2-004,AA,3,0.325,5.45,384.0,1
S9-AA-NOC-washout-dish2-004,AA,3,0.987,33.79,128.8,1
S9-AA-NOC-washout-dish2-004,AA,3,0.133,4.36,402.7,1
S9-AA-NOC-washout-dish2-004,AA,3,0.71,4.36,292.7,1
S9-AA-NOC-washout-dish2-004,AA,3,0.628,19.62,193.5,0
S9-AA-NOC-washout-dish2-004,AA,3,0.471,5.45,219.5,0
S9-AA-NOC-washout-dish2-004,AA,3,0.295,17.44,237.3,1
S9-AA-NOC-washout-dish2-004,AA,3,0.535,8.72,377.0,0
S9-AA-NOC-washout-dish2-004,AA,3,0.544,6.54,303.3,0
S9-AA-NOC-washout-dish2-004,AA,3,0.827,9.81,244.3,0
S9-AA-NOC-washout-dish2-004,AA,3,0.186,8.72,278.1,0
S9-AA-NOC-washout-dish2-004,AA,3,0.419,51.23,162.1,1
S9-AA-NOC-washout-dish2-004,AA,3,0.333,14.17,223.2,0
S9-AA-NOC-washout-dish2-004,AA,3,0.394,6.54,211.7,0
S9-AA-NOC-washout-dish2-004,AA,3,0.143,8.72,224.4,1
S9-AA-NOC-washout-dish2-004,AA,3,0.097,5.45,286.6,0
S9-AA-NOC-washout-dish2-004,AA,3,0.745,53.41,108.5,0
S9-AA-NOC-washout-dish2-004,AA,3,0.394,32.7,267.8,1
S9-AA-NOC-washout-dish2-004,AA,3,0.47,6.54,114.1,0
S9-AA-NOC-washout-dish2-004,AA,3,0.652,18.53,276.0,1
S9-AA-NOC-washout-dish2-004,AA,3,0.553,5.45,267.4,0
S9-AA-NOC-washout-dish2-004,AA,3,0.606,5.45,353.1,0
S9-AA-NOC-washout-dish2-004,AA,3,0.994,17.44,199.1,0
S9-AA-NOC-washout-dish2-004,AA,3,0.457,30.52,270.4,0
S9-AA-NOC-washout-dish2-004,AA,3,0.469,8.72,276.1,1
S9-AA-NOC-washout-dish2-004,AA,3,0.675,8.72,204.0,1
S9-AA-NOC-washout-dish2-004,AA,3,0.365,4.36,412.2,1
S9-AA-NOC-washout-dish2-004,AA,3,0.905,18.53,235.1,1
S9-AA-NOC-washout-dish2-004,AA,3,0.411,7.63,259.6,0
S9-AA-NOC-washout-dish2-004,AA,3,0.35,20.71,170.4,0
S9-AA-NOC-washout-dish2-004,AA,3,0.693,6.54,392.5,0
S9-AA-NOC-washout-dish2-004,AA,3,0.636,28.34,254.1,0
S9-AA-NOC-washout-dish2-004,AA,3,0.274,10.9,250.9,0
S9-AA-NOC-washout-dish2-004,AA,3,0.073,4.36,271.4,0
S9-AA-NOC-washout-dish2-004,AA,3,0.061,4.36,265.1,0
S9-AA-NOC-washout-dish2-004,AA,3,0.636,4.36,368.8,1
S9-AA-NOC-washout-dish2-004,AA,3,0.764,5.45,342.3,1
S9-AA-NOC-washout-dish2-004,AA,3,0.186,4.36,335.3,0
S9-AA-NOC-washout-dish2-004,AA,3,0.546,13.08,295.0,1
S9-AA-NOC-washout-dish2-004,AA,3,0.262,8.72,277.6,1
S9-AA-NOC-washout-dish2-004,AA,3,0.882,16.35,233.0,0
S9-AA-NOC-washout-dish2-004,AA,3,0.019,40.33,119.6,0
S9-AA-NOC-washout-dish2-004,AA,3,0.673,10.9,174.6,0
S9-AA-NOC-washout-dish2-004,AA,3,0.066,5.45,226.4,0
S9-AA-NOC-washout-dish2-004,AA,3,0.31,6.54,384.1,1
S9-AA-NOC-washout-dish2-004,AA,3,0.915,5.45,217.2,0
S9-AA-NOC-washout-dish2-004,AA,3,0.558,17.44,287.5,1
S9-AA-NOC-washout-dish2-004,AA,3,0.449,4.36,323.4,0
S9-AA-NOC-washout-dish2-004,AA,3,0.723,6.54,317.8,0
S9-AA-NOC-washout-dish2-004,AA,3,0.61,8.72,224.0,1
S9-AA-NOC-washout-dish2-004,AA,3,0.034,4.36,385.1,0
S9-AA-NOC-washout-dish2-004,AA,3,0.66,4.36,233.0,1
S9-AA-NOC-washout-dish2-004,AA,3,0.431,16.35,155.3,0
S9-AA-NOC-washout-dish2-004,AA,3,0.334,11.99,227.5,0
S9-AA-NOC-washout-dish2-004,AA,3,0.486,6.54,257.1,0
S9-AA-NOC-washout-dish2-004,AA,3,0.805,17.44,274.7,1
S9-AA-NOC-washout-dish2-004,AA,3,0.92,7.63,300.8,0
S9-AA-NOC-washout-dish2-004,AA,3,0.777,15.26,337.0,0
S9-AA-NOC-washout-dish2-004,AA,3,0.753,39.24,108.2,1
S9-AA-NOC-washout-dish2-004,AA,3,0.179,4.36,282.9,0
S9-AA-NOC-washout-dish2-004,AA,3,0.194,5.45,363.7,0
S9-AA-NOC-washout-dish2-004,AA,3,0.846,5.45,281.6,1
S9-AA-NOC-washout-dish2-004,AA,3,0.141,4.36,485.6,1
S9-AA-NOC-washout-dish2-004,AA,3,0.853,23.98,174.2,0
S9-AA-NOC-washout-dish2-004,AA,3,0.589,6.54,370.3,1
S9-AA-NOC-washout-dish2-004,AA,3,0.735,6.54,215.3,0
S9-AA-NOC-washout-dish2-004,AA,3,0.379,16.35,341.6,0
S9-AA-NOC-washout-dish2-004,AA,3,0.687,20.71,305.9,0
S9-AA-NOC-washout-dish2-004,AA,3,0.434,13.08,173.2,0
S9-AA-NOC-washout-dish2-004,AA,3,0.214,13.08,384.4,0
S9-AA-NOC-washout-dish2-004,AA,3,0.353,7.63,406.8,0
S9-AA-NOC-washout-dish2-004,AA,3,0.416,4.36,367.2,1
S9-AA-NOC-washout-dish2-004,AA,3,0.13,5.45,446.7,1
S9-AA-NOC-washout-dish2-004,AA,3,0.884,9.81,235.4,0
S9-AA-NOC-washout-dish2-004,AA,3,0.676,11.99,136.8,0
S9-AA-NOC-washout-dish2-004,AA,3,0.28,4.36,411.3,0
S9-AA-NOC-washout-dish2-004,AA,3,0.664,7.63,252.3,0
S9-AA-NOC-washout-dish2-004,AA,3,0.632,19.62,257.6,1
S9-AA-NOC-washout-dish2-004,AA,3,0.434,6.54,420.4,1
S9-AA-NOC-washout-dish2-004,AA,3,0.337,5.45,281.5,0
S9-AA-NOC-washout-dish2-004,AA,3,0.369,6.54,327.1,0
S9-AA-NOC-washout-dish2-004,AA,3,0.638,6.54,200.8,1
S9-AA-NOC-washout-dish2-004,AA,3,0.879,9.81,193.9,0
S9-AA-NOC-washout-dish2-004,AA,3,0.993,21.8,238.8,1
S9-AA-NOC-washout-dish2-004,AA,3,0.476,8.72,165.4,1
S9-AA-NOC-washout-dish2-004,AA,3,0.598,16.35,236.0,0
S9-AA-NOC-washout-dish2-004,AA,3,0.857,14.17,304.9,0
S9-AA-NOC-washout-dish2-004,AA,3,0.315,4.36,400.2,0
S9-AA-NOC-washout-dish2-004,AA,3,0.913,20.71,223.0,0
S9-AA-NOC-washout-dish2-004,AA,3,0.268,4.36,280.1,1
S9-AA-NOC-washout-dish2-004,AA,3,0.472,25.07,132.7,0
S9-AA-NOC-washout-dish2-004,AA,3,0.75,15.26,252.5,1
S9-AA-NOC-washout-dish2-004,AA,3,0.305,4.36,330.0,1
S9-AA-NOC-washout-dish2-004,AA,3,0.467,5.45,303.8,1
S9-AA-NOC-washout-dish2-004,AA,3,0.746,4.36,275.8,0
S9-AA-NOC-washout-dish2-004,AA,3,0.537,14.17,173.6,0
S9-AA-NOC-washout-dish2-004,AA,3,0.945,17.44,237.2,1
S9-AA-NOC-washout-dish2-004,AA,3,0.95,16.35,158.7,1
S9-AA-NOC-washout-dish2-004,AA,3,0.498,6.54,325.1,0
S9-AA-NOC-washout-dish2-004,AA,3,0.805,21.8,308.1,0
S9-AA-NOC-washout-dish2-004,AA,3,0.985,10.9,143.9,1
S9-AA-NOC-washout-dish2-004,AA,3,0.469,14.17,136.8,0
S9-AA-NOC-washout-dish2-004,AA,3,0.134,9.81,234.1,1
S9-AA-NOC-washout-dish2-004,AA,3,0.884,22.89,161.3,1
S9-AA-NOC-washout-dish2-004,AA,3,0.302,7.63,331.1,0
S9-AA-NOC-washout-dish2-004,AA,3,0.76,5.45,354.0,1
S9-AA-NOC-washout-dish2-004,AA,3,0.934,13.08,284.2,1
S9-AA-NOC-washout-dish2-004,AA,3,0.232,4.36,336.8,1
S9-AA-NOC-washout-dish2-004,AA,3,0.204,19.62,149.2,1
S9-AA-NOC-washout-dish2-004,AA,3,0.645,8.72,224.4,0
S9-AA-NOC-washout-dish2-004,AA,3,0.441,6.54,261.0,1
S9-AA-NOC-washout-dish2-004,AA,3,0.337,5.45,266.4,1
S9-AA-NOC-washout-dish2-004,AA,3,0.871,8.72,253.7,0
S9-AA-NOC-washout-dish2-004,AA,3,0.469,7.63,273.4,1
S9-AA-NOC-washout-dish2-004,AA,3,0.54,7.63,315.0,0
S9-AA-NOC-washout-dish2-004,AA,3,0.943,7.63,319.8,0
S9-AA-NOC-washout-dish2-004,AA,3,0.466,5.45,180.8,0
S9-AA-NOC-washout-dish2-004,AA,3,0.651,10.9,222.6,0
S9-AA-NOC-washout-dish2-004,AA,3,0.057,4.36,403.5,0
S9-AA-NOC-washout-dish2-004,AA,3,0.986,17.44,86.4,0
S9-AA-NOC-washout-dish2-004,AA,3,0.257,16.35,297.4,1
S9-AA-NOC-washout-dish2-004,AA,3,0.265,8.72,257.8,1
S9-AA-NOC-washout-dish2-004,AA,3,0.582,17.44,145.9,0
S9-AA-NOC-washout-dish2-004,AA,3,0.634,11.99,320.1,1
S9-AA-NOC-washout-dish2-004,AA,3,0.693,9.81,282.1,0
S9-AA-NOC-washout-dish2-004,AA,3,0.386,8.72,255.2,1
S9-AA-NOC-washout-dish2-004,AA,3,0.694,13.08,196.3,0
S9-AA-NOC-washout-dish2-004,AA,3,0.699,7.63,170.3,0
S9-AA-NOC-washout-dish2-004,AA,3,0.589,15.26,134.9,1
S9-AA-NOC-washout-dish2-004,AA,3,0.514,4.36,393.2,0
S9-AA-NOC-washout-dish2-004,AA,3,0.561,8.72,306.2,0
S9-AA-NOC-washout-dish2-004,AA,3,0.927,13.08,200.4,1
S9-AA-NOC-washout-dish2-004,AA,3,0.309,11.99,301.3,0
S9-AA-NOC-washout-dish2-004,AA,3,0.293,4.36,366.5,1
S9-AA-NOC-washout-dish2-004,AA,3,0.909,11.99,283.1,0
S9-AA-NOC-washout-dish2-004,AA,3,0.485,10.9,206.3,1
S9-AA-NOC-washout-dish2-004,AA,3,0.649,11.99,213.5,1
S9-AA-NOC-washout-dish2-004,AA,3,0.515,10.9,308.3,0
S9-AA-NOC-washout-dish2-004,AA,3,0.699,9.81,264.3,0
S9-AA-NOC-washout-dish2-004,AA,3,0.841,9.81,190.3,0
S9-AA-NOC-washout-dish2-004,AA,3,0.137,7.63,297.4,0
S9-AA-NOC-washout-dish2-004,AA,3,0.938,9.81,97.1,1
S9-AA-NOC-washout-dish2-004,AA,3,0.596,8.72,244.7,1
S9-AA-NOC-washout-dish2-004,AA,3,0.077,4.36,387.6,0
S9-AA-NOC-washout-dish2-004,AA,3,0.781,9.81,285.0,0
S9-AA-NOC-washout-dish2-004,AA,3,0.472,8.72,211.6,0
S9-AA-NOC-washout-dish2-004,AA,3,0.958,5.45,189.8,0
S9-AA-NOC-washout-dish2-004,AA,3,0.716,6.54,242.6,1
S9-AA-NOC-washout-dish2-004,AA,3,0.391,7.63,306.3,0
S9-AA-NOC-washout-dish2-004,AA,3,0.86,7.63,225.3,0
S9-AA-NOC-washout-dish2-004,AA,3,0.609,5.45,247.5,1
S9-AA-NOC-washout-dish2-004,AA,3,0.484,8.72,271.4,1
S9-AA-NOC-washout-dish2-004,AA,3,0.865,7.63,264.1,1
S9-AA-NOC-washout-dish2-004,AA,3,0.839,7.63,183.6,0
S9-AA-NOC-washout-dish2-004,AA,3,0.14,4.36,198.3,1
S9-AA-NOC-washout-dish2-004,AA,3,0.941,6.54,388.5,0
S9-AA-NOC-washout-dish2-004,AA,3,0.06,4.36,354.2,0
S9-AA-NOC-washout-dish2-004,AA,3,0.405,4.36,449.8,0
S9-AA-NOC-washout-dish2-007,AA,0,0.192,18.53,282.1,0
S9-AA-NOC-washout-dish2-007,AA,0,0.083,11.99,222.4,1
S9-AA-NOC-washout-dish2-007,AA,0,0.321,41.42,138.5,0
S9-AA-NOC-washout-dish2-007,AA,0,0.182,4.36,267.1,1
S9-AA-NOC-washout-dish2-007,AA,0,0.165,10.9,193.9,0
S9-AA-NOC-washout-dish2-007,AA,0,0.232,20.71,118.7,1
S9-AA-NOC-washout-dish2-007,AA,0,0.155,14.17,151.4,1
S9-AA-NOC-washout-dish2-007,AA,0,0.941,94.83,125.7,1
S9-AA-NOC-washout-dish2-007,AA,0,0.175,10.9,184.5,0
S9-AA-NOC-washout-dish2-007,AA,0,0.915,89.38,147.5,1
S9-AA-NOC-washout-dish2-007,AA,0,0.876,8.72,242.6,0
S9-AA-NOC-washout-dish2-007,AA,0,0.511,5.45,211.5,1
S9-AA-NOC-washout-dish2-007,AA,0,0.41,17.44,157.2,0
S9-AA-NOC-washout-dish2-007,AA,0,0.507,4.36,242.2,1
S9-AA-NOC-washout-dish2-007,AA,0,0.694,20.71,171.0,1
S9-AA-NOC-washout-dish2-007,AA,0,0.839,6.54,240.7,0
S9-AA-NOC-washout-dish2-007,AA,0,0.287,38.15,170.2,0
S9-AA-NOC-washout-dish2-007,AA,0,0.288,29.43,179.6,1
S9-AA-NOC-washout-dish2-007,AA,0,0.811,18.53,193.0,1
S9-AA-NOC-washout-dish2-007,AA,0,0.803,8.72,213.0,0
S9-AA-NOC-washout-dish2-007,AA,0,0.368,34.88,186.1,0
S9-AA-NOC-washout-dish2-007,AA,0,0.525,52.32,139.9,0
S9-AA-NOC-washout-dish2-007,AA,0,0.274,14.17,169.8,0
S9-AA-NOC-washout-dish2-007,AA,0,0.779,11.99,90.4,0
S9-AA-NOC-washout-dish2-007,AA,0,0.054,28.34,128.5,0
S9-AA-NOC-washout-dish2-007,AA,0,0.946,16.35,180.8,0
S9-AA-NOC-washout-dish2-007,AA,0,0.553,25.07,155.0,1
S9-AA-NOC-washout-dish2-007,AA,0,0.55,4.36,227.3,1
S9-AA-NOC-washout-dish2-007,AA,0,0.542,14.17,211.3,1
S9-AA-NOC-washout-dish2-007,AA,0,0.62,44.69,170.1,0
S9-AA-NOC-washout-dish2-007,AA,0,0.339,46.87,195.1,0
S9-AA-NOC-washout-dish2-007,AA,0,0.33,25.07,236.8,1
S9-AA-NOC-washout-dish2-007,AA,0,0.523,7.63,283.3,0
S9-AA-NOC-washout-dish2-007,AA,0,0.619,4.36,190.3,0
S9-AA-NOC-washout-dish2-007,AA,0,0.611,30.52,206.4,0
S9-AA-NOC-washout-dish2-007,AA,0,0.681,14.17,164.6,0
S9-AA-NOC-washout-dish2-007,AA,0,0.351,5.45,205.7,1
S9-AA-NOC-washout-dish2-007,AA,0,0.864,21.8,216.8,0
S9-AA-NOC-washout-dish2-007,AA,0,0.088,25.07,151.5,0
S9-AA-NOC-washout-dish2-007,AA,0,0.34,23.98,169.0,1
S9-AA-NOC-washout-dish2-007,AA,0,0.445,6.54,195.8,0
S9-AA-NOC-washout-dish2-007,AA,0,0.704,22.89,217.1,1
S9-AA-NOC-washout-dish2-007,AA,0,0.735,6.54,329.0,1
S9-AA-NOC-washout-dish2-007,AA,0,0.605,5.45,174.1,1
S9-AA-NOC-washout-dish2-007,AA,0,0.157,10.9,226.5,1
S9-AA-NOC-washout-dish2-007,AA,0,0.232,7.63,245.8,1
S9-AA-NOC-washout-dish2-007,AA,0,0.162,7.63,281.1,1
S9-AA-NOC-washout-dish2-007,AA,0,0.89,11.99,234.8,1
S9-AA-NOC-washout-dish2-007,AA,0,0.265,8.72,169.3,1
S9-AA-NOC-washout-dish2-007,AA,0,0.841,66.49,185.5,1
S9-AA-NOC-washout-dish2-007,AA,0,0.471,20.71,204.5,1
S9-AA-NOC-washout-dish2-007,AA,0,0.719,7.63,204.2,0
S9-AA-NOC-washout-dish2-007,AA,0,0.424,21.8,153.4,0
S9-AA-NOC-washout-dish2-007,AA,0,0.722,4.36,221.3,1
S9-AA-NOC-washout-dish2-007,AA,0,0.489,29.43,228.4,1
S9-AA-NOC-washout-dish2-007,AA,0,0.712,34.88,142.3,0
S9-AA-NOC-washout-dish2-007,AA,0,0.72,4.36,145.6,0
S9-AA-NOC-washout-dish2-007,AA,0,0.711,14.17,127.8,1
S9-AA-NOC-washout-dish2-007,AA,0,0.135,10.9,198.9,0
S9-AA-NOC-washout-dish2-007,AA,0,0.924,10.9,154.6,0
S9-AA-NOC-washout-dish2-007,AA,0,0.756,10.9,226.7,0
S9-AA-NOC-washout-dish2-007,AA,0,0.881,22.89,272.3,0
S9-AA-NOC-washout-dish2-007,AA,0,0.501,8.72,363.8,0
S9-AA-NOC-washout-dish2-007,AA,0,0.126,5.45,261.8,0
S9-AA-NOC-washout-dish2-007,AA,0,0.285,26.16,206.2,0
S9-AA-NOC-washout-dish2-007,AA,0,0.116,16.35,189.8,0
S9-AA-NOC-washout-dish2-007,AA,0,0.669,34.88,147.8,0
S9-AA-NOC-washout-dish2-007,AA,0,0.925,23.98,213.7,1
S9-AA-NOC-washout-dish2-007,AA,0,0.544,22.89,134.2,0
S9-AA-NOC-washout-dish2-007,AA,0,0.483,18.53,154.2,1
S9-AA-NOC-washout-dish2-007,AA,0,0.652,10.9,181.6,1
S9-AA-NOC-washout-dish2-007,AA,0,0.813,22.89,185.9,0
S9-AA-NOC-washout-dish2-007,AA,0,0.767,5.45,178.8,0
S9-AA-NOC-washout-dish2-007,AA,0,0.686,9.81,169.2,1
S9-AA-NOC-washout-dish2-007,AA,0,0.901,15.26,184.6,0
S9-AA-NOC-washout-dish2-007,AA,0,0.82,4.36,296.9,0
S9-AA-NOC-washout-dish2-007,AA,0,0.151,18.53,230.4,0
S9-AA-NOC-washout-dish2-007,AA,0,0.853,66.49,117.8,0
S9-AA-NOC-washout-dish2-007,AA,0,0.244,5.45,293.1,0
S9-AA-NOC-washout-dish2-007,AA,0,0.907,10.9,180.4,0
S9-AA-NOC-washout-dish2-007,AA,0,0.536,17.44,207.5,0
S9-AA-NOC-washout-dish2-007,AA,0,0.378,40.33,141.3,0
S9-AA-NOC-washout-dish2-007,AA,0,0.895,13.08,207.6,0
S9-AA-NOC-washout-dish2-007,AA,0,0.23,15.26,144.4,1
S9-AA-NOC-washout-dish2-007,AA,0,0.179,8.72,233.5,0
S9-AA-NOC-washout-dish2-007,AA,0,0.693,14.17,199.9,0
S9-AA-NOC-washout-dish2-007,AA,0,0.677,7.63,233.0,0
S9-AA-NOC-washout-dish2-007,AA,0,0.206,56.68,156.0,0
S9-AA-NOC-washout-dish2-007,AA,0,0.947,27.25,185.6,0
S9-AA-NOC-washout-dish2-007,AA,0,0.788,5.45,226.9,0
S9-AA-NOC-washout-dish2-007,AA,0,0.57,4.36,315.3,0
S9-AA-NOC-washout-dish2-007,AA,0,0.798,20.71,223.9,0
S9-AA-NOC-washout-dish2-007,AA,0,0.377,8.72,177.8,1
S9-AA-NOC-washout-dish2-007,AA,0,0.896,7.63,146.2,0
S9-AA-NOC-washout-dish2-007,AA,0,0.458,13.08,180.0,1
S9-AA-NOC-washout-dish2-007,AA,0,0.273,4.36,434.8,1
S9-AA-NOC-washout-dish2-007,AA,0,0.215,5.45,306.7,0
S9-AA-NOC-washout-dish2-007,AA,0,0.755,38.15,238.3,0
S9-AA-NOC-washout-dish2-007,AA,0,0.582,11.99,284.9,0
S9-AA-NOC-washout-dish2-007,AA,0,0.644,45.78,194.3,0
S9-AA-NOC-washout-dish2-007,AA,0,0.557,13.08,160.6,0
S9-AA-NOC-washout-dish2-007,AA,0,0.498,7.63,262.3,0
S9-AA-NOC-washout-dish2-007,AA,0,0.853,13.08,290.4,0
S9-AA-NOC-washout-dish2-007,AA,0,0.337,8.72,124.8,0
S9-AA-NOC-washout-dish2-007,AA,0,0.307,42.51,203.5,0
S9-AA-NOC-washout-dish2-007,AA,0,0.114,9.81,216.6,1
S9-AA-NOC-washout-dish2-007,AA,0,0.791,7.63,161.6,1
S9-AA-NOC-washout-dish2-007,AA,0,0.381,27.25,136.2,0
S9-AA-NOC-washout-dish2-007,AA,0,0.534,43.6,187.5,1
S9-AA-NOC-washout-dish2-007,AA,0,0.619,15.26,145.2,0
S9-AA-NOC-washout-dish2-007,AA,0,0.313,13.08,286.6,1
S9-AA-NOC-washout-dish2-007,AA,0,0.294,59.95,170.7,1
S9-AA-NOC-washout-dish2-007,AA,0,0.824,13.08,190.3,1
S9-AA-NOC-washout-dish2-007,AA,0,0.705,41.42,139.4,0
S9-AA-NOC-washout-dish2-007,AA,0,0.791,6.54,270.0,0
S9-AA-NOC-washout-dish2-007,AA,0,0.359,20.71,208.3,0
S9-AA-NOC-washout-dish2-007,AA,0,0.961,4.36,255.9,1
S9-AA-NOC-washout-dish2-007,AA,0,0.462,19.62,133.5,1
S9-AA-NOC-washout-dish2-007,AA,0,0.454,9.81,201.5,0
S9-AA-NOC-washout-dish2-007,AA,0,0.592,16.35,199.4,0
S9-AA-NOC-washout-dish2-007,AA,0,0.753,11.99,196.4,1
S9-AA-NOC-washout-dish2-007,AA,0,0.408,51.23,124.6,1
S9-AA-NOC-washout-dish2-007,AA,0,0.709,10.9,214.9,0
S9-AA-NOC-washout-dish2-007,AA,0,0.417,76.3,98.4,1
S9-AA-NOC-washout-dish2-007,AA,0,0.477,19.62,100.1,1
S9-AA-NOC-washout-dish2-007,AA,0,0.363,4.36,339.3,0
S9-AA-NOC-washout-dish2-007,AA,0,0.157,13.08,266.9,1
S9-AA-NOC-washout-dish2-007,AA,0,0.731,19.62,190.7,1
S9-AA-NOC-washout-dish2-007,AA,0,0.648,59.95,152.5,0
S9-AA-NOC-washout-dish2-007,AA,0,0.676,18.53,221.4,0
S9-AA-NOC-washout-dish2-007,AA,0,0.107,70.85,136.7,0
S9-AA-NOC-washout-dish2-007,AA,0,0.704,21.8,206.5,0
S9-AA-NOC-washout-dish2-007,AA,0,0.595,4.36,362.5,1
S9-AA-NOC-washout-dish2-007,AA,0,0.929,5.45,294.2,1
S9-AA-NOC-washout-dish2-007,AA,0,0.869,9.81,254.0,0
S9-AA-NOC-washout-dish2-007,AA,0,0.225,19.62,222.8,0
S9-AA-NOC-washout-dish2-007,AA,0,0.618,17.44,157.1,1
S9-AA-NOC-washout-dish2-007,AA,0,0.784,7.63,316.2,0
S9-AA-NOC-washout-dish2-007,AA,0,0.743,21.8,111.4,0
S9-AA-NOC-washout-dish2-007,AA,0,0.701,6.54,332.7,0
S9-AA-NOC-washout-dish2-007,AA,0,0.42,11.99,212.0,0
S9-AA-NOC-washout-dish2-007,AA,0,0.459,27.25,151.3,0
S9-AA-NOC-washout-dish2-007,AA,0,0.769,22.89,145.3,0
S9-AA-NOC-washout-dish2-007,AA,0,0.764,5.45,325.6,0
S9-AA-NOC-washout-dish2-007,AA,0,0.14,7.63,179.1,0
S9-AA-NOC-washout-dish2-007,AA,0,0.101,6.54,247.0,0
S9-AA-NOC-washout-dish2-007,AA,0,0.614,16.35,172.1,0
S9-AA-NOC-washout-dish2-007,AA,0,0.699,7.63,217.7,1
S9-AA-NOC-washout-dish2-007,AA,0,0.099,6.54,175.0,0
S9-AA-NOC-washout-dish2-007,AA,0,0.501,13.08,159.8,1
S9-AA-NOC-washout-dish2-007,AA,0,0.814,43.6,175.2,0
S9-AA-NOC-washout-dish2-007,AA,0,0.922,9.81,230.8,0
S9-AA-NOC-washout-dish2-007,AA,0,0.895,53.41,183.7,1
S9-AA-NOC-washout-dish2-007,AA,0,0.418,8.72,357.8,1
S9-AA-NOC-washout-dish2-007,AA,0,0.016,20.71,123.6,0
S9-AA-NOC-washout-dish2-007,AA,0,0.305,23.98,127.2,0
S9-AA-NOC-washout-dish2-007,AA,0,0.143,8.72,324.2,0
S9-AA-NOC-washout-dish2-007,AA,0,0.421,5.45,326.2,1
S9-AA-NOC-washout-dish2-007,AA,0,0.691,14.17,185.0,1
S9-AA-NOC-washout-dish2-007,AA,0,0.331,17.44,253.1,0
S9-AA-NOC-washout-dish2-007,AA,0,0.733,6.54,250.1,1
S9-AA-NOC-washout-dish2-007,AA,0,0.501,8.72,258.5,0
S9-AA-NOC-washout-dish2-007,AA,0,0.809,31.61,132.7,1
S9-AA-NOC-washout-dish2-007,AA,0,0.82,7.63,209.9,0
S9-AA-NOC-washout-dish2-007,AA,0,0.096,50.14,126.7,1
S9-AA-NOC-washout-dish2-007,AA,0,0.23,4.36,339.8,1
S9-AA-NOC-washout-dish2-007,AA,0,0.817,16.35,227.6,1
S9-AA-NOC-washout-dish2-007,AA,0,0.486,5.45,178.4,0
S9-AA-NOC-washout-dish2-007,AA,0,0.672,31.61,183.9,1
S9-AA-NOC-washout-dish2-007,AA,0,0.84,37.06,219.5,1
S9-AA-NOC-washout-dish2-007,AA,0,0.303,4.36,329.1,0
S9-AA-NOC-washout-dish2-007,AA,0,0.471,21.8,221.2,1
S9-AA-NOC-washout-dish2-007,AA,0,0.687,22.89,179.0,1
S9-AA-NOC-washout-dish2-007,AA,0,0.119,6.54,428.2,0
S9-AA-NOC-washout-dish2-007,AA,0,0.33,6.54,277.2,1
S9-AA-NOC-washout-dish2-007,AA,0,0.48,7.63,310.7,0
S9-AA-NOC-washout-dish2-007,AA,0,0.488,23.98,198.2,1
S9-AA-NOC-washout-dish2-007,AA,0,0.076,5.45,170.0,1
S9-AA-NOC-washout-dish2-007,AA,0,0.767,6.54,366.9,0
S9-AA-NOC-washout-dish2-007,AA,0,0.141,16.35,148.1,1
S9-AA-NOC-washout-dish2-007,AA,0,0.427,28.34,160.0,0
S9-AA-NOC-washout-dish2-007,AA,0,0.443,4.36,413.8,1
S9-AA-NOC-washout-dish2-007,AA,0,0.577,4.36,299.7,1
S9-AA-NOC-washout-dish2-007,AA,0,0.385,44.69,208.1,1
S9-AA-NOC-washout-dish2-007,AA,0,0.937,44.69,193.5,1
S9-AA-NOC-washout-dish2-007,AA,0,0.69,6.54,187.2,0
S9-AA-NOC-washout-dish2-007,AA,0,0.666,9.81,230.5,0
S9-AA-NOC-washout-dish2-007,AA,0,0.641,4.36,437.4,0
S9-AA-NOC-washout-dish2-007,AA,0,0.746,11.99,166.0,0
S9-AA-NOC-washout-dish2-007,AA,0,0.425,4.36,148.5,0
S9-AA-NOC-washout-dish2-007,AA,0,0.374,10.9,206.2,0
S9-AA-NOC-washout-dish2-007,AA,0,0.764,4.36,437.8,0
S9-AA-NOC-washout-dish2-007,AA,0,0.475,5.45,174.3,1
S9-AA-NOC-washout-dish2-007,AA,0,0.184,4.36,309.8,0
S9-AA-NOC-washout-dish2-007,AA,0,0.836,5.45,192.1,0
S9-AA-NOC-washout-dish2-007,AA,0,0.311,6.54,275.7,0
S9-AA-NOC-washout-dish2-007,AA,0,0.531,37.06,175.8,1
S9-AA-NOC-washout-dish2-007,AA,0,0.841,6.54,224.1,0
S9-AA-NOC-washout-dish2-007,AA,0,0.146,8.72,145.0,0
S9-AA-NOC-washout-dish2-007,AA,0,0.484,7.63,287.5,1
S9-AA-NOC-washout-dish2-007,AA,0,0.091,16.35,208.3,0
S9-AA-NOC-washout-dish2-007,AA,0,0.17,5.45,254.0,0
S9-AA-NOC-washout-dish2-007,AA,0,0.603,8.72,180.7,0
S9-AA-NOC-washout-dish2-007,AA,0,0.89,20.71,83.3,0
S9-AA-NOC-washout-dish2-007,AA,0,0.234,4.36,146.0,1
S9-AA-NOC-washout-dish2-007,AA,0,0.858,16.35,228.2,1
S9-AA-NOC-washout-dish2-007,AA,0,0.662,13.08,320.4,0
S9-AA-NOC-washout-dish2-007,AA,0,0.371,29.43,211.3,1
S9-AA-NOC-washout-dish2-007,AA,0,0.229,8.72,180.4,0
S9-AA-NOC-washout-dish2-007,AA,0,0.377,5.45,225.2,0
S9-AA-NOC-washout-dish2-007,AA,0,0.223,19.62,174.5,0
S9-AA-NOC-washout-dish2-007,AA,0,0.746,9.81,190.5,0
S9-AA-NOC-washout-dish2-007,AA,0,0.179,15.26,158.4,1
S9-AA-NOC-washout-dish2-007,AA,0,0.884,10.9,391.5,1
S9-AA-NOC-washout-dish2-007,AA,0,0.546,16.35,236.0,0
S9-AA-NOC-washout-dish2-007,AA,0,0.127,5.45,251.0,0
S9-AA-NOC-washout-dish2-007,AA,0,0.593,9.81,216.0,0
S9-AA-NOC-washout-dish2-007,AA,0,0.776,9.81,220.3,0
S9-AA-NOC-washout-dish2-007,AA,0,0.68,7.63,381.9,0
S9-AA-NOC-washout-dish2-007,AA,0,0.153,5.45,150.5,0
S9-AA-NOC-washout-dish2-007,AA,0,0.604,26.16,166.0,0
S9-AA-NOC-washout-dish2-007,AA,0,0.766,27.25,75.5,0
S9-AA-NOC-washout-dish2-007,AA,0,0.783,4.36,458.7,1
S9-AA-NOC-washout-dish2-007,AA,0,0.612,4.36,303.9,0
S9-AA-NOC-washout-dish2-007,AA,0,0.652,10.9,203.1,0
S9-AA-NOC-washout-dish2-007,AA,0,0.693,16.35,193.8,1
S9-AA-NOC-washout-dish2-007,AA,0,0.321,4.36,107.3,0
S9-AA-NOC-washout-dish2-007,AA,0,0.73,5.45,212.8,1
S9-AA-NOC-washout-dish2-007,AA,0,0.321,9.81,197.9,1
S9-AA-NOC-washout-dish2-007,AA,0,0.461,5.45,242.9,1
S9-AA-NOC-washout-dish2-007,AA,0,0.961,6.54,136.8,1
S9-AA-NOC-washout-dish2-007,AA,0,0.516,14.17,289.1,0
S9-AA-NOC-washout-dish2-007,AA,0,0.775,8.72,311.4,0
S9-AA-NOC-washout-dish2-007,AA,0,0.225,5.45,207.2,1
S9-AA-NOC-washout-dish2-007,AA,0,0.986,21.8,91.1,1
S9-AA-NOC-washout-dish2-007,AA,0,0.819,10.9,186.8,1
S9-AA-NOC-washout-dish2-007,AA,0,0.279,8.72,149.0,0
S9-AA-NOC-washout-dish2-007,AA,0,0.724,10.9,246.2,0
S9-AA-NOC-washout-dish2-007,AA,0,0.178,4.36,234.3,1
S9-AA-NOC-washout-dish2-007,AA,0,0.135,4.36,420.0,0
S9-AA-NOC-washout-dish2-007,AA,0,0.276,11.99,76.6,0
S9-AA-NOC-washout-dish2-007,AA,0,0.944,9.81,182.5,0
S9-AA-NOC-washout-dish2-007,AA,0,0.452,7.63,153.8,0
S9-AA-NOC-washout-dish2-007,AA,0,0.078,5.45,197.3,1
S9-AA-NOC-washout-dish2-007,AA,0,0.636,4.36,160.5,0
S9-AA-NOC-washout-dish2-007,AA,0,0.411,4.36,306.8,0
S9-AA-NOC-washout-dish2-007,AA,0,0.036,10.9,132.2,0
S9-AA-NOC-washout-dish2-007,AA,0,0.185,4.36,322.9,1
S9-AA-NOC-washout-dish2-007,AA,0,0.38,7.63,197.8,0
S9-AA-NOC-washout-dish2-007,AA,0,0.435,7.63,191.6,1
S9-AA-NOC-washout-dish2-007,AA,0,0.849,5.45,115.5,1
S9-AA-NOC-washout-dish2-007,AA,0,0.672,7.63,210.2,0
S9-AA-NOC-washout-dish2-007,AA,0,0.365,7.63,256.5,1
S9-AA-NOC-washout-dish2-007,AA,0,0.173,7.63,281.6,1
S9-AA-NOC-washout-dish2-007,AA,0,0.695,5.45,181.4,1
S9-AA-NOC-washout-dish2-007,AA,0,0.278,6.54,215.6,1
S9-AA-NOC-washout-dish2-007,AA,0,0.861,4.36,259.7,0
S9-AA-NOC-washout-dish2-007,AA,0,0.776,5.45,187.3,0
S9-AA-NOC-washout-dish2-007,AA,0,0.238,4.36,274.9,1
S9-AA-NOC-washout-dish2-007,AA,1,0.907,21.8,113.4,0
S9-AA-NOC-washout-dish2-007,AA,1,0.6,13.08,173.7,1
S9-AA-NOC-washout-dish2-007,AA,1,0.898,5.45,293.3,0
S9-AA-NOC-washout-dish2-007,AA,1,0.721,17.44,124.9,1
S9-AA-NOC-washout-dish2-007,AA,1,0.563,19.62,276.9,0
S9-AA-NOC-washout-dish2-007,AA,1,0.555,47.96,83.4,0
S9-AA-NOC-washout-dish2-007,AA,1,0.935,110.09,116.4,0
S9-AA-NOC-washout-dish2-007,AA,1,0.745,4.36,176.5,0
S9-AA-NOC-washout-dish2-007,AA,1,0.771,11.99,221.8,1
S9-AA-NOC-washout-dish2-007,AA,1,0.783,21.8,236.5,1
S9-AA-NOC-washout-dish2-007,AA,1,0.486,7.63,122.5,0
S9-AA-NOC-washout-dish2-007,AA,1,0.627,22.89,176.9,0
S9-AA-NOC-washout-dish2-007,AA,1,0.496,20.71,175.4,0
S9-AA-NOC-washout-dish2-007,AA,1,0.292,25.07,181.9,1
S9-AA-NOC-washout-dish2-007,AA,1,0.987,119.9,70.7,1
S9-AA-NOC-washout-dish2-007,AA,1,0.666,23.98,287.6,0
S9-AA-NOC-washout-dish2-007,AA,1,0.88,8.72,197.0,0
S9-AA-NOC-washout-dish2-007,AA,1,0.868,7.63,192.1,0
S9-AA-NOC-washout-dish2-007,AA,1,0.987,74.12,140.5,0
S9-AA-NOC-washout-dish2-007,AA,1,0.959,45.78,235.4,1
S9-AA-NOC-washout-dish2-007,AA,1,0.262,10.9,232.8,0
S9-AA-NOC-washout-dish2-007,AA,1,0.74,16.35,169.3,0
S9-AA-NOC-washout-dish2-007,AA,1,0.552,6.54,163.0,0
S9-AA-NOC-washout-dish2-007,AA,1,0.715,4.36,170.4,0
S9-AA-NOC-washout-dish2-007,AA,1,0.943,26.16,160.0,0
S9-AA-NOC-washout-dish2-007,AA,1,0.832,55.59,175.0,0
S9-AA-NOC-washout-dish2-007,AA,1,0.467,6.54,171.4,1
S9-AA-NOC-washout-dish2-007,AA,1,0.494,15.26,140.1,0
S9-AA-NOC-washout-dish2-007,AA,1,0.18,13.08,235.4,0
S9-AA-NOC-washout-dish2-007,AA,1,0.149,5.45,216.6,0
S9-AA-NOC-washout-dish2-007,AA,1,0.255,8.72,82.0,0
S9-AA-NOC-washout-dish2-007,AA,1,0.712,4.36,282.7,0
S9-AA-NOC-washout-dish2-007,AA,1,0.351,6.54,221.2,0
S9-AA-NOC-washout-dish2-007,AA,1,0.581,52.32,157.2,1
S9-AA-NOC-washout-dish2-007,AA,1,0.124,11.99,153.3,1
S9-AA-NOC-washout-dish2-007,AA,1,0.451,28.34,261.7,1
S9-AA-NOC-washout-dish2-007,AA,1,0.504,9.81,216.9,1
S9-AA-NOC-washout-dish2-007,AA,1,0.896,10.9,166.9,0
S9-AA-NOC-washout-dish2-007,AA,1,0.553,7.63,255.2,0
S9-AA-NOC-washout-dish2-007,AA,1,0.727,15.26,166.0,0
S9-AA-NOC-washout-dish2-007,AA,1,0.171,14.17,196.0,0
S9-AA-NOC-washout-dish2-007,AA,1,0.421,28.34,167.9,0
S9-AA-NOC-washout-dish2-007,AA,1,0.722,5.45,469.9,1
S9-AA-NOC-washout-dish2-007,AA,1,0.219,9.81,189.9,0
S9-AA-NOC-washout-dish2-007,AA,1,0.204,10.9,226.3,1
S9-AA-NOC-washout-dish2-007,AA,1,0.371,11.99,174.0,1
S9-AA-NOC-washout-dish2-007,AA,1,0.588,8.72,259.9,0
S9-AA-NOC-washout-dish2-007,AA,1,0.941,15.26,187.3,1
S9-AA-NOC-washout-dish2-007,AA,1,0.515,9.81,228.3,0
S9-AA-NOC-washout-dish2-007,AA,1,0.077,21.8,195.1,1
S9-AA-NOC-washout-dish2-007,AA,1,0.303,80.66,129.8,0
S9-AA-NOC-washout-dish2-007,AA,1,0.801,34.88,144.3,1
S9-AA-NOC-washout-dish2-007,AA,1,0.726,7.63,257.6,0
S9-AA-NOC-washout-dish2-007,AA,1,0.776,39.24,193.8,1
S9-AA-NOC-washout-dish2-007,AA,1,0.314,5.45,245.1,1
S9-AA-NOC-washout-dish2-007,AA,1,0.869,8.72,291.7,0
S9-AA-NOC-washout-dish2-007,AA,1,0.34,5.45,213.3,0
S9-AA-NOC-washout-dish2-007,AA,1,0.628,4.36,337.3,0
S9-AA-NOC-washout-dish2-007,AA,1,0.744,39.24,178.7,1
S9-AA-NOC-washout-dish2-007,AA,1,0.5,13.08,271.1,1
S9-AA-NOC-washout-dish2-007,AA,1,0.127,62.13,200.7,1
S9-AA-NOC-washout-dish2-007,AA,1,0.636,23.98,320.4,0
S9-AA-NOC-washout-dish2-007,AA,1,0.495,18.53,179.0,0
S9-AA-NOC-washout-dish2-007,AA,1,0.341,13.08,246.3,1
S9-AA-NOC-washout-dish2-007,AA,1,0.562,13.08,211.7,1
S9-AA-NOC-washout-dish2-007,AA,1,0.737,6.54,277.1,0
S9-AA-NOC-washout-dish2-007,AA,1,0.6,8.72,279.1,1
S9-AA-NOC-washout-dish2-007,AA,1,0.574,20.71,177.4,0
S9-AA-NOC-washout-dish2-007,AA,1,0.462,7.63,323.1,1
S9-AA-NOC-washout-dish2-007,AA,1,0.663,10.9,223.8,1
S9-AA-NOC-washout-dish2-007,AA,1,0.657,5.45,123.4,0
S9-AA-NOC-washout-dish2-007,AA,1,0.468,4.36,297.8,0
S9-AA-NOC-washout-dish2-007,AA,1,0.426,6.54,282.0,1
S9-AA-NOC-washout-dish2-007,AA,1,0.455,5.45,249.4,1
S9-AA-NOC-washout-dish2-007,AA,1,0.883,47.96,165.4,1
S9-AA-NOC-washout-dish2-007,AA,1,0.095,6.54,242.8,1
S9-AA-NOC-washout-dish2-007,AA,1,0.448,9.81,204.0,1
S9-AA-NOC-washout-dish2-007,AA,1,0.309,7.63,234.1,0
S9-AA-NOC-washout-dish2-007,AA,1,0.415,7.63,264.4,1
S9-AA-NOC-washout-dish2-007,AA,1,0.148,6.54,311.9,0
S9-AA-NOC-washout-dish2-007,AA,1,0.656,14.17,277.1,0
S9-AA-NOC-washout-dish2-007,AA,1,0.28,13.08,210.7,1
S9-AA-NOC-washout-dish2-007,AA,1,0.199,5.45,284.4,1
S9-AA-NOC-washout-dish2-007,AA,1,0.807,16.35,149.0,0
S9-AA-NOC-washout-dish2-007,AA,1,0.909,8.72,267.3,1
S9-AA-NOC-washout-dish2-007,AA,1,0.775,26.16,172.8,1
S9-AA-NOC-washout-dish2-007,AA,1,0.821,9.81,204.9,1
S9-AA-NOC-washout-dish2-007,AA,1,0.328,16.35,150.3,1
S9-AA-NOC-washout-dish2-007,AA,1,0.759,11.99,143.9,1
S9-AA-NOC-washout-dish2-007,AA,1,0.318,15.26,260.1,0
S9-AA-NOC-washout-dish2-007,AA,1,0.604,15.26,216.6,0
S9-AA-NOC-washout-dish2-007,AA,1,0.505,17.44,236.9,0
S9-AA-NOC-washout-dish2-007,AA,1,0.078,4.36,299.4,0
S9-AA-NOC-washout-dish2-007,AA,1,0.493,42.51,184.1,0
S9-AA-NOC-washout-dish2-007,AA,1,0.57,27.25,156.0,0
S9-AA-NOC-washout-dish2-007,AA,1,0.55,17.44,236.9,1
S9-AA-NOC-washout-dish2-007,AA,1,0.417,8.72,116.3,0
S9-AA-NOC-washout-dish2-007,AA,1,0.371,5.45,155.6,0
S9-AA-NOC-washout-dish2-007,AA,1,0.563,8.72,206.5,0
S9-AA-NOC-washout-dish2-007,AA,1,0.345,9.81,193.1,1
S9-AA-NOC-washout-dish2-007,AA,1,0.516,11.99,228.3,0
S9-AA-NOC-washout-dish2-007,AA,1,0.22,9.81,183.5,0
S9-AA-NOC-washout-dish2-007,AA,1,0.337,6.54,261.8,0
S9-AA-NOC-washout-dish2-007,AA,1,0.463,17.44,249.8,1
S9-AA-NOC-washout-dish2-007,AA,1,0.121,23.98,189.8,0
S9-AA-NOC-washout-dish2-007,AA,1,0.695,10.9,237.1,0
S9-AA-NOC-washout-dish2-007,AA,1,0.392,18.53,251.1,0
S9-AA-NOC-washout-dish2-007,AA,1,0.399,4.36,328.5,1
S9-AA-NOC-washout-dish2-007,AA,1,0.633,4.36,186.4,0
S9-AA-NOC-washout-dish2-007,AA,1,0.316,17.44,296.7,1
S9-AA-NOC-washout-dish2-007,AA,1,0.904,17.44,159.5,0
S9-AA-NOC-washout-dish2-007,AA,1,0.794,14.17,239.9,1
S9-AA-NOC-washout-dish2-007,AA,1,0.445,9.81,304.4,1
S9-AA-NOC-washout-dish2-007,AA,1,0.725,5.45,287.7,1
S9-AA-NOC-washout-dish2-007,AA,1,0.797,28.34,254.2,1
S9-AA-NOC-washout-dish2-007,AA,1,0.692,6.54,244.6,0
S9-AA-NOC-washout-dish2-007,AA,1,0.712,11.99,167.4,1
S9-AA-NOC-washout-dish2-007,AA,1,0.709,11.99,282.3,0
S9-AA-NOC-washout-dish2-007,AA,1,0.794,23.98,177.6,0
S9-AA-NOC-washout-dish2-007,AA,1,0.494,4.36,310.3,1
S9-AA-NOC-washout-dish2-007,AA,1,0.477,34.88,166.8,0
S9-AA-NOC-washout-dish2-007,AA,1,0.469,23.98,208.3,0
S9-AA-NOC-washout-dish2-007,AA,1,0.42,26.16,162.4,0
S9-AA-NOC-washout-dish2-007,AA,1,0.393,4.36,276.7,0
S9-AA-NOC-washout-dish2-007,AA,1,0.111,9.81,233.9,0
S9-AA-NOC-washout-dish2-007,AA,1,0.523,26.16,87.7,0
S9-AA-NOC-washout-dish2-007,AA,1,0.617,68.67,149.0,0
S9-AA-NOC-washout-dish2-007,AA,1,0.539,5.45,354.6,1
S9-AA-NOC-washout-dish2-007,AA,1,0.295,10.9,205.7,1
S9-AA-NOC-washout-dish2-007,AA,1,0.474,70.85,134.3,0
S9-AA-NOC-washout-dish2-007,AA,1,0.307,9.81,269.2,1
S9-AA-NOC-washout-dish2-007,AA,1,0.38,64.31,164.4,1
S9-AA-NOC-washout-dish2-007,AA,1,0.327,70.85,87.0,0
S9-AA-NOC-washout-dish2-007,AA,1,0.872,42.51,170.2,0
S9-AA-NOC-washout-dish2-007,AA,1,0.356,11.99,191.7,1
S9-AA-NOC-washout-dish2-007,AA,1,0.693,11.99,288.3,0
S9-AA-NOC-washout-dish2-007,AA,1,0.813,9.81,146.9,0
S9-AA-NOC-washout-dish2-007,AA,1,0.605,19.62,291.4,1
S9-AA-NOC-washout-dish2-007,AA,1,0.385,11.99,165.7,0
S9-AA-NOC-washout-dish2-007,AA,1,0.731,16.35,188.3,0
S9-AA-NOC-washout-dish2-007,AA,1,0.649,8.72,276.6,0
S9-AA-NOC-washout-dish2-007,AA,1,0.477,10.9,299.5,1
S9-AA-NOC-washout-dish2-007,AA,1,0.946,8.72,225.7,0
S9-AA-NOC-washout-dish2-007,AA,1,0.529,7.63,265.2,0
S9-AA-NOC-washout-dish2-007,AA,1,0.611,7.63,264.0,0
S9-AA-NOC-washout-dish2-007,AA,1,0.686,4.36,354.6,0
S9-AA-NOC-washout-dish2-007,AA,1,0.957,10.9,161.3,1
S9-AA-NOC-washout-dish2-007,AA,1,0.12,8.72,228.0,0
S9-AA-NOC-washout-dish2-007,AA,1,0.499,7.63,232.4,1
S9-AA-NOC-washout-dish2-007,AA,1,0.342,11.99,290.5,0
S9-AA-NOC-washout-dish2-007,AA,1,0.294,5.45,322.1,1
S9-AA-NOC-washout-dish2-007,AA,1,0.726,21.8,255.9,1
S9-AA-NOC-washout-dish2-007,AA,1,0.334,6.54,319.3,1
S9-AA-NOC-washout-dish2-007,AA,1,0.583,7.63,391.5,0
S9-AA-NOC-washout-dish2-007,AA,1,0.826,6.54,159.0,0
S9-AA-NOC-washout-dish2-007,AA,1,0.67,18.53,202.2,0
S9-AA-NOC-washout-dish2-007,AA,1,0.196,25.07,165.5,0
S9-AA-NOC-washout-dish2-007,AA,1,0.683,5.45,149.1,0
S9-AA-NOC-washout-dish2-007,AA,1,0.261,23.98,147.2,0
S9-AA-NOC-washout-dish2-007,AA,1,0.661,13.08,274.8,0
S9-AA-NOC-washout-dish2-007,AA,1,0.518,8.72,254.5,1
S9-AA-NOC-washout-dish2-007,AA,1,0.338,29.43,182.5,0
S9-AA-NOC-washout-dish2-007,AA,1,0.944,38.15,170.7,1
S9-AA-NOC-washout-dish2-007,AA,1,0.221,5.45,224.8,0
S9-AA-NOC-washout-dish2-007,AA,1,0.242,8.72,149.4,0
S9-AA-NOC-washout-dish2-007,AA,1,0.253,40.33,123.5,1
S9-AA-NOC-washout-dish2-007,AA,1,0.224,10.9,171.5,0
S9-AA-NOC-washout-dish2-007,AA,1,0.441,4.36,449.3,1
S9-AA-NOC-washout-dish2-007,AA,1,0.147,4.36,283.0,0
S9-AA-NOC-washout-dish2-007,AA,1,0.687,13.08,184.3,0
S9-AA-NOC-washout-dish2-007,AA,1,0.191,6.54,335.1,1
S9-AA-NOC-washout-dish2-007,AA,1,0.275,8.72,222.7,1
S9-AA-NOC-washout-dish2-007,AA,1,0.746,5.45,163.9,1
S9-AA-NOC-washout-dish2-007,AA,1,0.462,10.9,166.6,1
S9-AA-NOC-washout-dish2-007,AA,1,0.891,5.45,336.0,1
S9-AA-NOC-washout-dish2-007,AA,1,0.703,4.36,255.2,1
S9-AA-NOC-washout-dish2-007,AA,1,0.342,13.08,208.4,0
S9-AA-NOC-washout-dish2-007,AA,1,0.749,8.72,314.8,0
S9-AA-NOC-washout-dish2-007,AA,1,0.605,5.45,164.7,1
S9-AA-NOC-washout-dish2-007,AA,1,0.885,16.35,260.6,0
S9-AA-NOC-washout-dish2-007,AA,1,0.477,17.44,203.4,0
S9-AA-NOC-washout-dish2-007,AA,1,0.333,5.45,192.3,0
S9-AA-NOC-washout-dish2-007,AA,1,0.128,16.35,189.1,0
S9-AA-NOC-washout-dish2-007,AA,1,0.84,14.17,186.3,0
S9-AA-NOC-washout-dish2-007,AA,1,0.873,15.26,289.6,0
S9-AA-NOC-washout-dish2-007,AA,1,0.526,10.9,158.0,0
S9-AA-NOC-washout-dish2-007,AA,1,0.308,17.44,218.8,1
S9-AA-NOC-washout-dish2-007,AA,1,0.615,33.79,207.3,1
S9-AA-NOC-washout-dish2-007,AA,1,0.991,11.99,252.8,1
S9-AA-NOC-washout-dish2-007,AA,1,0.754,33.79,173.8,0
S9-AA-NOC-washout-dish2-007,AA,1,0.774,18.53,238.3,0
S9-AA-NOC-washout-dish2-007,AA,1,0.587,4.36,328.2,0
S9-AA-NOC-washout-dish2-007,AA,1,0.965,4.36,141.6,0
S9-AA-NOC-washout-dish2-007,AA,1,0.669,26.16,248.5,0
S9-AA-NOC-washout-dish2-007,AA,1,0.214,15.26,267.8,1
S9-AA-NOC-washout-dish2-007,AA,1,0.476,29.43,160.9,1
S9-AA-NOC-washout-dish2-007,AA,1,0.291,30.52,136.4,1
S9-AA-NOC-washout-dish2-007,AA,1,0.68,4.36,166.5,0
S9-AA-NOC-washout-dish2-007,AA,1,0.886,31.61,102.3,0
S9-AA-NOC-washout-dish2-007,AA,1,0.61,7.63,149.6,1
S9-AA-NOC-washout-dish2-007,AA,1,0.522,7.63,234.8,0
S9-AA-NOC-washout-dish2-007,AA,1,0.883,29.43,124.7,0
S9-AA-NOC-washout-dish2-007,AA,1,0.645,14.17,262.9,1
S9-AA-NOC-washout-dish2-007,AA,1,0.395,9.81,174.1,1
S9-AA-NOC-washout-dish2-007,AA,1,0.941,10.9,188.9,1
S9-AA-NOC-washout-dish2-007,AA,1,0.392,6.54,167.7,1
S9-AA-NOC-washout-dish2-007,AA,1,0.569,5.45,274.6,1
S9-AA-NOC-washout-dish2-007,AA,1,0.665,4.36,243.7,1
S9-AA-NOC-washout-dish2-007,AA,1,0.741,9.81,162.9,1
S9-AA-NOC-washout-dish2-007,AA,1,0.594,10.9,235.5,1
S9-AA-NOC-washout-dish2-007,AA,1,0.407,6.54,210.5,1
S9-AA-NOC-washout-dish2-007,AA,1,0.865,22.89,246.5,0
S9-AA-NOC-washout-dish2-007,AA,1,0.872,5.45,175.9,0
S9-AA-NOC-washout-dish2-007,AA,1,0.788,21.8,145.0,1
S9-AA-NOC-washout-dish2-007,AA,1,0.534,23.98,133.1,1
S9-AA-NOC-washout-dish2-007,AA,1,0.693,8.72,202.7,0
S9-AA-NOC-washout-dish2-007,AA,1,0.517,5.45,271.9,0
S9-AA-NOC-washout-dish2-007,AA,1,0.383,9.81,112.2,0
S9-AA-NOC-washout-dish2-007,AA,1,0.301,5.45,299.8,1
S9-AA-NOC-washout-dish2-007,AA,1,0.15,6.54,290.6,0
S9-AA-NOC-washout-dish2-007,AA,1,0.568,20.71,92.5,0
S9-AA-NOC-washout-dish2-007,AA,1,0.473,18.53,149.9,0
S9-AA-NOC-washout-dish2-007,AA,1,0.983,10.9,174.1,1
S9-AA-NOC-washout-dish2-007,AA,1,0.82,5.45,429.2,1
S9-AA-NOC-washout-dish2-007,AA,1,0.308,4.36,190.6,1
S9-AA-NOC-washout-dish2-007,AA,1,0.744,4.36,178.1,0
S9-AA-NOC-washout-dish2-007,AA,1,0.144,15.26,197.7,0
S9-AA-NOC-washout-dish2-007,AA,1,0.621,7.63,273.1,0
S9-AA-NOC-washout-dish2-007,AA,1,0.749,5.45,376.6,0
S9-AA-NOC-washout-dish2-007,AA,1,0.822,13.08,261.0,0
S9-AA-NOC-washout-dish2-007,AA,1,0.254,4.36,427.8,0
S9-AA-NOC-washout-dish2-007,AA,1,0.169,4.36,232.0,1
S9-AA-NOC-washout-dish2-007,AA,1,0.276,6.54,227.7,0
S9-AA-NOC-washout-dish2-007,AA,1,0.57,8.72,288.1,0
S9-AA-NOC-washout-dish2-007,AA,1,0.684,8.72,156.9,0
S9-AA-NOC-washout-dish2-007,AA,1,0.327,8.72,151.7,0
S9-AA-NOC-washout-dish2-007,AA,1,0.668,6.54,203.9,1
S9-AA-NOC-washout-dish2-007,AA,1,0.258,4.36,291.1,0
S9-AA-NOC-washout-dish2-007,AA,1,0.959,4.36,226.0,0
S9-AA-NOC-washout-dish2-008,AA,0,0.63,32.7,87.4,0
S9-AA-NOC-washout-dish2-008,AA,0,0.855,69.76,141.6,0
S9-AA-NOC-washout-dish2-008,AA,0,0.925,37.06,189.7,1
S9-AA-NOC-washout-dish2-008,AA,0,0.512,5.45,366.2,0
S9-AA-NOC-washout-dish2-008,AA,0,0.416,44.69,245.6,1
S9-AA-NOC-washout-dish2-008,AA,0,0.361,6.54,418.5,1
S9-AA-NOC-washout-dish2-008,AA,0,0.545,11.99,306.6,0
S9-AA-NOC-washout-dish2-008,AA,0,0.738,19.62,148.8,1
S9-AA-NOC-washout-dish2-008,AA,0,0.225,10.9,307.3,0
S9-AA-NOC-washout-dish2-008,AA,0,0.481,11.99,253.3,0
S9-AA-NOC-washout-dish2-008,AA,0,0.63,4.36,326.1,0
S9-AA-NOC-washout-dish2-008,AA,0,0.495,4.36,344.7,0
S9-AA-NOC-washout-dish2-008,AA,0,0.367,7.63,166.9,0
S9-AA-NOC-washout-dish2-008,AA,0,0.306,11.99,194.3,1
S9-AA-NOC-washout-dish2-008,AA,0,0.553,37.06,84.4,0
S9-AA-NOC-washout-dish2-008,AA,0,0.157,15.26,123.5,1
S9-AA-NOC-washout-dish2-008,AA,0,0.404,4.36,368.5,1
S9-AA-NOC-washout-dish2-008,AA,0,0.547,14.17,237.5,0
S9-AA-NOC-washout-dish2-008,AA,0,0.246,21.8,185.9,0
S9-AA-NOC-washout-dish2-008,AA,0,0.165,6.54,297.7,1
S9-AA-NOC-washout-dish2-008,AA,0,0.369,88.29,182.5,1
S9-AA-NOC-washout-dish2-008,AA,0,0.378,51.23,142.5,1
S9-AA-NOC-washout-dish2-008,AA,0,0.793,6.54,223.7,0
S9-AA-NOC-washout-dish2-008,AA,0,0.741,77.39,115.8,0
S9-AA-NOC-washout-dish2-008,AA,0,0.872,97.01,172.6,1
S9-AA-NOC-washout-dish2-008,AA,0,0.317,16.35,220.1,1
S9-AA-NOC-washout-dish2-008,AA,0,0.631,4.36,162.3,1
S9-AA-NOC-washout-dish2-008,AA,0,0.937,49.05,130.8,1
S9-AA-NOC-washout-dish2-008,AA,0,0.788,8.72,214.2,1
S9-AA-NOC-washout-dish2-008,AA,0,0.662,5.45,181.3,0
S9-AA-NOC-washout-dish2-008,AA,0,0.265,7.63,352.0,1
S9-AA-NOC-washout-dish2-008,AA,0,0.99,70.85,106.9,1
S9-AA-NOC-washout-dish2-008,AA,0,0.718,8.72,217.0,1
S9-AA-NOC-washout-dish2-008,AA,0,0.656,33.79,105.8,0
S9-AA-NOC-washout-dish2-008,AA,0,0.389,9.81,201.9,1
S9-AA-NOC-washout-dish2-008,AA,0,0.69,18.53,118.2,1
S9-AA-NOC-washout-dish2-008,AA,0,0.941,4.36,296.1,0
S9-AA-NOC-washout-dish2-008,AA,0,0.277,9.81,280.2,0
S9-AA-NOC-washout-dish2-008,AA,0,0.207,7.63,130.9,1
S9-AA-NOC-washout-dish2-008,AA,0,0.125,16.35,182.7,0
S9-AA-NOC-washout-dish2-008,AA,0,0.673,17.44,177.5,0
S9-AA-NOC-washout-dish2-008,AA,0,0.934,38.15,155.5,1
S9-AA-NOC-washout-dish2-008,AA,0,0.258,23.98,254.0,1
S9-AA-NOC-washout-dish2-008,AA,0,0.275,30.52,236.1,0
S9-AA-NOC-washout-dish2-008,AA,0,0.285,9.81,229.4,1
S9-AA-NOC-washout-dish2-008,AA,0,0.076,17.44,150.0,1
S9-AA-NOC-washout-dish2-008,AA,0,0.028,16.35,274.0,1
S9-AA-NOC-washout-dish2-008,AA,0,0.552,16.35,171.8,0
S9-AA-NOC-washout-dish2-008,AA,0,0.047,4.36,385.0,1
S9-AA-NOC-washout-dish2-008,AA,0,0.029,46.87,144.9,0
S9-AA-NOC-washout-dish2-008,AA,0,0.152,4.36,228.4,0
S9-AA-NOC-washout-dish2-008,AA,0,0.896,45.78,128.9,1
S9-AA-NOC-washout-dish2-008,AA,0,0.442,22.89,226.1,0
S9-AA-NOC-washout-dish2-008,AA,0,0.853,5.45,343.5,0
S9-AA-NOC-washout-dish2-008,AA,0,0.396,38.15,143.8,1
S9-AA-NOC-washout-dish2-008,AA,0,0.728,4.36,181.3,1
S9-AA-NOC-washout-dish2-008,AA,0,0.46,10.9,220.8,0
S9-AA-NOC-washout-dish2-008,AA,0,0.465,17.44,193.6,0
S9-AA-NOC-washout-dish2-008,AA,0,0.898,17.44,184.0,0
S9-AA-NOC-washout-dish2-008,AA,0,0.94,30.52,182.9,0
S9-AA-NOC-washout-dish2-008,AA,0,0.967,20.71,204.2,1
S9-AA-NOC-washout-dish2-008,AA,0,0.338,4.36,192.2,0
S9-AA-NOC-washout-dish2-008,AA,0,0.692,15.26,215.5,0
S9-AA-NOC-washout-dish2-008,AA,0,0.333,28.34,201.3,0
S9-AA-NOC-washout-dish2-008,AA,0,0.38,16.35,174.6,1
S9-AA-NOC-washout-dish2-008,AA,0,0.44,28.34,227.3,1
S9-AA-NOC-washout-dish2-008,AA,0,0.495,4.36,285.3,1
S9-AA-NOC-washout-dish2-008,AA,0,0.82,13.08,250.4,0
S9-AA-NOC-washout-dish2-008,AA,0,0.943,9.81,267.0,0
S9-AA-NOC-washout-dish2-008,AA,0,0.943,14.17,212.0,1
S9-AA-NOC-washout-dish2-008,AA,0,0.478,37.06,221.5,0
S9-AA-NOC-washout-dish2-008,AA,0,0.672,20.71,169.9,0
S9-AA-NOC-washout-dish2-008,AA,0,0.741,5.45,137.2,0
S9-AA-NOC-washout-dish2-008,AA,0,0.624,13.08,165.7,0
S9-AA-NOC-washout-dish2-008,AA,0,0.964,4.36,166.9,0
S9-AA-NOC-washout-dish2-008,AA,0,0.582,8.72,233.7,1
S9-AA-NOC-washout-dish2-008,AA,0,0.33,20.71,243.2,1
S9-AA-NOC-washout-dish2-008,AA,0,0.704,10.9,117.3,0
S9-AA-NOC-washout-dish2-008,AA,0,0.416,23.98,240.0,1
S9-AA-NOC-washout-dish2-008,AA,0,0.574,4.36,164.3,0
S9-AA-NOC-washout-dish2-008,AA,0,0.433,15.26,266.4,0
S9-AA-NOC-washout-dish2-008,AA,0,0.585,8.72,340.3,1
S9-AA-NOC-washout-dish2-008,AA,0,0.335,7.63,208.8,1
S9-AA-NOC-washout-dish2-008,AA,0,0.534,42.51,197.8,1
S9-AA-NOC-washout-dish2-008,AA,0,0.931,4.36,444.8,1
S9-AA-NOC-washout-dish2-008,AA,0,0.688,31.61,303.3,0
S9-AA-NOC-washout-dish2-008,AA,0,0.565,20.71,265.5,1
S9-AA-NOC-washout-dish2-008,AA,0,0.277,8.72,230.5,0
S9-AA-NOC-washout-dish2-008,AA,0,0.646,6.54,288.0,0
S9-AA-NOC-washout-dish2-008,AA,0,0.498,23.98,211.2,0
S9-AA-NOC-washout-dish2-008,AA,0,0.026,20.71,204.7,0
S9-AA-NOC-washout-dish2-008,AA,0,0.539,16.35,210.0,1
S9-AA-NOC-washout-dish2-008,AA,0,0.428,18.53,278.2,1
S9-AA-NOC-washout-dish2-008,AA,0,0.333,5.45,273.5,1
S9-AA-NOC-washout-dish2-008,AA,0,0.282,5.45,170.1,0
S9-AA-NOC-washout-dish2-008,AA,0,0.454,7.63,314.8,0
S9-AA-NOC-washout-dish2-008,AA,0,0.933,9.81,174.9,0
S9-AA-NOC-washout-dish2-008,AA,0,0.116,56.68,164.7,1
S9-AA-NOC-washout-dish2-008,AA,0,0.335,23.98,247.6,0
S9-AA-NOC-washout-dish2-008,AA,0,0.761,104.64,113.2,0
S9-AA-NOC-washout-dish2-008,AA,0,0.434,9.81,179.9,1
S9-AA-NOC-washout-dish2-008,AA,0,0.648,10.9,230.3,0
S9-AA-NOC-washout-dish2-008,AA,0,0.473,28.34,246.9,1
S9-AA-NOC-washout-dish2-008,AA,0,0.109,17.44,281.8,1
S9-AA-NOC-washout-dish2-008,AA,0,0.817,8.72,294.6,0
S9-AA-NOC-washout-dish2-008,AA,0,0.684,105.73,77.2,0
S9-AA-NOC-washout-dish2-008,AA,0,0.505,47.96,148.7,0
S9-AA-NOC-washout-dish2-008,AA,0,0.516,8.72,241.9,0
S9-AA-NOC-washout-dish2-008,AA,0,0.548,7.63,323.0,1
S9-AA-NOC-washout-dish2-008,AA,0,0.992,33.79,207.3,0
S9-AA-NOC-washout-dish2-008,AA,0,0.974,4.36,233.0,0
S9-AA-NOC-washout-dish2-008,AA,0,0.624,97.01,172.3,1
S9-AA-NOC-washout-dish2-008,AA,0,0.801,14.17,296.9,0
S9-AA-NOC-washout-dish2-008,AA,0,0.203,16.35,229.3,0
S9-AA-NOC-washout-dish2-008,AA,0,0.446,10.9,276.1,0
S9-AA-NOC-washout-dish2-008,AA,0,0.123,8.72,297.5,1
S9-AA-NOC-washout-dish2-008,AA,0,0.145,15.26,260.2,0
S9-AA-NOC-washout-dish2-008,AA,0,0.239,6.54,193.5,1
S9-AA-NOC-washout-dish2-008,AA,0,0.797,7.63,203.0,0
S9-AA-NOC-washout-dish2-008,AA,0,0.489,5.45,289.2,1
S9-AA-NOC-washout-dish2-008,AA,0,0.472,5.45,379.7,0
S9-AA-NOC-washout-dish2-008,AA,0,0.268,19.62,169.3,1
S9-AA-NOC-washout-dish2-008,AA,0,0.114,5.45,290.4,0
S9-AA-NOC-washout-dish2-008,AA,0,0.401,9.81,206.4,0
S9-AA-NOC-washout-dish2-008,AA,0,0.645,13.08,197.1,1
S9-AA-NOC-washout-dish2-008,AA,0,0.276,10.9,172.9,0
S9-AA-NOC-washout-dish2-008,AA,0,0.062,5.45,355.1,1
S9-AA-NOC-washout-dish2-008,AA,0,0.47,31.61,154.5,0
S9-AA-NOC-washout-dish2-008,AA,0,0.84,7.63,106.1,0
S9-AA-NOC-washout-dish2-008,AA,0,0.379,11.99,265.9,1
S9-AA-NOC-washout-dish2-008,AA,0,0.769,28.34,189.3,0
S9-AA-NOC-washout-dish2-008,AA,0,0.856,8.72,180.5,0
S9-AA-NOC-washout-dish2-008,AA,0,0.567,19.62,222.0,1
S9-AA-NOC-washout-dish2-008,AA,0,0.772,4.36,222.6,0
S9-AA-NOC-washout-dish2-008,AA,0,0.548,8.72,368.2,0
S9-AA-NOC-washout-dish2-008,AA,0,0.497,14.17,241.7,0
S9-AA-NOC-washout-dish2-008,AA,0,0.342,7.63,236.9,0
S9-AA-NOC-washout-dish2-008,AA,0,0.786,54.5,178.7,0
S9-AA-NOC-washout-dish2-008,AA,0,0.833,6.54,304.2,0
S9-AA-NOC-washout-dish2-008,AA,0,0.079,5.45,202.3,1
S9-AA-NOC-washout-dish2-008,AA,0,0.527,11.99,281.6,0
S9-AA-NOC-washout-dish2-008,AA,0,0.974,17.44,180.4,1
S9-AA-NOC-washout-dish2-008,AA,0,0.471,6.54,264.6,0
S9-AA-NOC-washout-dish2-008,AA,0,0.629,20.71,212.6,1
S9-AA-NOC-washout-dish2-008,AA,0,0.134,29.43,167.6,0
S9-AA-NOC-washout-dish2-008,AA,0,0.949,7.63,214.8,0
S9-AA-NOC-washout-dish2-008,AA,0,0.547,5.45,248.2,1
S9-AA-NOC-washout-dish2-008,AA,0,0.704,4.36,385.2,0
S9-AA-NOC-washout-dish2-008,AA,0,0.401,27.25,275.4,0
S9-AA-NOC-washout-dish2-008,AA,0,0.275,16.35,254.5,1
S9-AA-NOC-washout-dish2-008,AA,0,0.502,8.72,206.6,0
S9-AA-NOC-washout-dish2-008,AA,0,0.357,10.9,265.7,1
S9-AA-NOC-washout-dish2-008,AA,0,0.538,15.26,237.6,0
S9-AA-NOC-washout-dish2-008,AA,0,0.84,7.63,194.1,1
S9-AA-NOC-washout-dish2-008,AA,0,0.682,14.17,177.7,0
S9-AA-NOC-washout-dish2-008,AA,0,0.636,5.45,381.4,1
S9-AA-NOC-washout-dish2-008,AA,0,0.657,8.72,267.2,1
S9-AA-NOC-washout-dish2-008,AA,0,0.781,8.72,270.5,0
S9-AA-NOC-washout-dish2-008,AA,0,0.415,8.72,232.4,0
S9-AA-NOC-washout-dish2-008,AA,0,0.929,23.98,202.0,0
S9-AA-NOC-washout-dish2-008,AA,0,0.946,9.81,314.9,0
S9-AA-NOC-washout-dish2-008,AA,0,0.688,17.44,260.2,0
S9-AA-NOC-washout-dish2-008,AA,0,0.556,4.36,257.8,0
S9-AA-NOC-washout-dish2-008,AA,0,0.625,4.36,358.9,1
S9-AA-NOC-washout-dish2-008,AA,0,0.229,6.54,183.9,0
S9-AA-NOC-washout-dish2-008,AA,0,0.453,6.54,394.8,0
S9-AA-NOC-washout-dish2-008,AA,0,0.467,8.72,251.2,0
S9-AA-NOC-washout-dish2-008,AA,0,0.189,7.63,202.3,0
S9-AA-NOC-washout-dish2-008,AA,0,0.043,5.45,226.2,1
S9-AA-NOC-washout-dish2-008,AA,0,0.48,7.63,88.2,0
S9-AA-NOC-washout-dish2-008,AA,0,0.663,47.96,63.0,1
S9-AA-NOC-washout-dish2-008,AA,0,0.81,7.63,263.9,0
S9-AA-NOC-washout-dish2-008,AA,0,0.532,6.54,186.1,0
S9-AA-NOC-washout-dish2-008,AA,0,0.669,5.45,136.2,0
S9-AA-NOC-washout-dish2-008,AA,0,0.462,18.53,297.3,1
S9-AA-NOC-washout-dish2-008,AA,0,0.456,14.17,206.6,0
S9-AA-NOC-washout-dish2-008,AA,0,0.628,8.72,257.7,0
S9-AA-NOC-washout-dish2-008,AA,0,0.652,5.45,469.9,1
S9-AA-NOC-washout-dish2-008,AA,0,0.023,5.45,260.4,1
S9-AA-NOC-washout-dish2-008,AA,0,0.5,14.17,270.9,0
S9-AA-NOC-washout-dish2-008,AA,0,0.356,5.45,256.4,0
S9-AA-NOC-washout-dish2-008,AA,0,0.765,41.42,187.7,0
S9-AA-NOC-washout-dish2-008,AA,0,0.281,14.17,289.0,1
S9-AA-NOC-washout-dish2-008,AA,0,0.269,35.97,144.9,1
S9-AA-NOC-washout-dish2-008,AA,0,0.61,26.16,197.4,0
S9-AA-NOC-washout-dish2-008,AA,0,0.956,5.45,289.8,0
S9-AA-NOC-washout-dish2-008,AA,0,0.689,6.54,243.8,1
S9-AA-NOC-washout-dish2-008,AA,0,0.98,42.51,148.8,1
S9-AA-NOC-washout-dish2-008,AA,0,0.424,14.17,188.7,0
S9-AA-NOC-washout-dish2-008,AA,0,0.279,7.63,210.1,0
S9-AA-NOC-washout-dish2-008,AA,0,0.475,20.71,200.3,1
S9-AA-NOC-washout-dish2-008,AA,0,0.292,4.36,277.7,0
S9-AA-NOC-washout-dish2-008,AA,0,0.475,13.08,292.2,0
S9-AA-NOC-washout-dish2-008,AA,0,0.466,20.71,211.5,1
S9-AA-NOC-washout-dish2-008,AA,0,0.323,26.16,201.7,0
S9-AA-NOC-washout-dish2-008,AA,0,0.9,15.26,273.5,1
S9-AA-NOC-washout-dish2-008,AA,0,0.756,6.54,260.7,1
S9-AA-NOC-washout-dish2-008,AA,0,0.888,4.36,159.2,0
S9-AA-NOC-washout-dish2-008,AA,0,0.216,13.08,198.9,1
S9-AA-NOC-washout-dish2-008,AA,0,0.654,9.81,254.9,1
S9-AA-NOC-washout-dish2-008,AA,0,0.384,18.53,221.5,1
S9-AA-NOC-washout-dish2-008,AA,0,0.315,10.9,271.4,0
S9-AA-NOC-washout-dish2-008,AA,0,0.442,27.25,117.2,0
S9-AA-NOC-washout-dish2-008,AA,0,0.948,23.98,217.2,1
S9-AA-NOC-washout-dish2-008,AA,0,0.837,4.36,353.3,1
S9-AA-NOC-washout-dish2-008,AA,0,0.642,28.34,198.5,0
S9-AA-NOC-washout-dish2-008,AA,0,0.194,7.63,272.4,0
S9-AA-NOC-washout-dish2-008,AA,0,0.536,22.89,297.2,1
S9-AA-NOC-washout-dish2-008,AA,0,0.476,20.71,222.5,0
S9-AA-NOC-washout-dish2-008,AA,0,0.239,5.45,158.5,0
S9-AA-NOC-washout-dish2-008,AA,0,0.925,4.36,413.0,1
S9-AA-NOC-washout-dish2-008,AA,0,0.177,4.36,288.4,0
S9-AA-NOC-washout-dish2-008,AA,0,0.596,6.54,132.2,0
S9-AA-NOC-washout-dish2-008,AA,0,0.372,5.45,267.8,0
S9-AA-NOC-washout-dish2-008,AA,0,0.459,10.9,200.1,1
S9-AA-NOC-washout-dish2-008,AA,0,0.774,4.36,201.8,1
S9-AA-NOC-washout-dish2-008,AA,0,0.083,7.63,305.7,1
S9-AA-NOC-washout-dish2-008,AA,0,0.065,8.72,297.5,0
S9-AA-NOC-washout-dish2-008,AA,0,0.268,15.26,326.9,0
S9-AA-NOC-washout-dish2-008,AA,0,0.182,19.62,164.4,0
S9-AA-NOC-washout-dish2-008,AA,0,0.883,41.42,175.4,1
S9-AA-NOC-washout-dish2-008,AA,0,0.61,5.45,254.5,0
S9-AA-NOC-washout-dish2-008,AA,0,0.532,7.63,292.6,0
S9-AA-NOC-washout-dish2-008,AA,0,0.514,4.36,146.5,1
S9-AA-NOC-washout-dish2-008,AA,0,0.917,17.44,176.6,1
S9-AA-NOC-washout-dish2-008,AA,0,0.482,33.79,218.2,1
S9-AA-NOC-washout-dish2-008,AA,0,0.521,9.81,241.5,1
S9-AA-NOC-washout-dish2-008,AA,0,0.298,7.63,191.7,1
S9-AA-NOC-washout-dish2-008,AA,0,0.844,17.44,142.6,0
S9-AA-NOC-washout-dish2-008,AA,0,0.052,8.72,232.9,1
S9-AA-NOC-washout-dish2-008,AA,0,0.47,4.36,293.1,1
S9-AA-NOC-washout-dish2-008,AA,0,0.753,16.35,126.7,0
S9-AA-NOC-washout-dish2-008,AA,0,0.651,23.98,260.3,1
S9-AA-NOC-washout-dish2-008,AA,0,0.355,7.63,271.6,0
S9-AA-NOC-washout-dish2-008,AA,0,0.148,11.99,231.9,0
S9-AA-NOC-washout-dish2-008,AA,0,0.135,11.99,215.5,0
S9-AA-NOC-washout-dish2-008,AA,0,0.382,7.63,238.6,1
S9-AA-NOC-washout-dish2-008,AA,0,0.435,5.45,265.0,0
S9-AA-NOC-washout-dish2-008,AA,0,0.402,14.17,296.1,1
S9-AA-NOC-washout-dish2-008,AA,0,0.516,52.32,194.1,0
S9-AA-NOC-washout-dish2-008,AA,0,0.75,4.36,173.5,0
S9-AA-NOC-washout-dish2-008,AA,0,0.518,44.69,198.4,1
S9-AA-NOC-washout-dish2-008,AA,0,0.732,5.45,343.3,0
S9-AA-NOC-washout-dish2-008,AA,0,0.429,6.54,246.6,0
S9-AA-NOC-washout-dish2-008,AA,0,0.517,10.9,249.0,1
S9-AA-NOC-washout-dish2-008,AA,0,0.782,8.72,255.7,0
S9-AA-NOC-washout-dish2-008,AA,0,0.55,25.07,156.9,1
S9-AA-NOC-washout-dish2-008,AA,0,0.535,4.36,291.4,0
S9-AA-NOC-washout-dish2-008,AA,0,0.631,31.61,260.3,0
S9-AA-NOC-washout-dish2-008,AA,0,0.358,13.08,241.1,0
S9-AA-NOC-washout-dish2-008,AA,0,0.835,5.45,263.0,1
S9-AA-NOC-washout-dish2-008,AA,0,0.034,13.08,270.8,0
S9-AA-NOC-washout-dish2-008,AA,0,0.977,5.45,210.2,1
S9-AA-NOC-washout-dish2-008,AA,0,0.532,9.81,285.3,0
S9-AA-NOC-washout-dish2-008,AA,0,0.496,31.61,190.1,0
S9-AA-NOC-washout-dish2-008,AA,0,0.704,37.06,159.3,0
S9-AA-NOC-washout-dish2-008,AA,0,0.175,5.45,256.2,1
S9-AA-NOC-washout-dish2-008,AA,0,0.289,7.63,348.7,1
S9-AA-NOC-washout-dish2-008,AA,0,0.38,6.54,370.9,1
S9-AA-NOC-washout-dish2-008,AA,0,0.892,6.54,272.3,0
S9-AA-NOC-washout-dish2-008,AA,0,0.741,17.44,216.1,0
S9-AA-NOC-washout-dish2-008,AA,0,0.597,26.16,190.4,1
S9-AA-NOC-washout-dish2-008,AA,0,0.439,13.08,224.6,0
S9-AA-NOC-washout-dish2-008,AA,0,0.804,9.81,236.5,0
S9-AA-NOC-washout-dish2-008,AA,0,0.622,7.63,187.9,0
S9-AA-NOC-washout-dish2-008,AA,0,0.309,14.17,253.2,0
S9-AA-NOC-washout-dish2-008,AA,0,0.041,11.99,168.1,0
S9-AA-NOC-washout-dish2-008,AA,0,0.036,5.45,259.3,1
S9-AA-NOC-washout-dish2-008,AA,0,0.725,7.63,152.1,1
S9-AA-NOC-washout-dish2-008,AA,0,0.693,8.72,259.6,1
S9-AA-NOC-washout-dish2-008,AA,0,0.92,10.9,238.1,0
S9-AA-NOC-washout-dish2-008,AA,0,0.382,11.99,205.8,0
S9-AA-NOC-washout-dish2-008,AA,0,0.87,4.36,275.7,0
S9-AA-NOC-washout-dish2-008,AA,0,0.271,13.08,200.7,0
S9-AA-NOC-washout-dish2-008,AA,0,0.899,6.54,196.0,1
S9-AA-NOC-washout-dish2-008,AA,0,0.333,7.63,195.2,0
S9-AA-NOC-washout-dish2-008,AA,0,0.863,11.99,149.1,1
S9-AA-NOC-washout-dish2-008,AA,0,0.27,4.36,286.2,0
S9-AA-NOC-washout-dish2-008,AA,0,0.83,64.31,196.4,0
S9-AA-NOC-washout-dish2-008,AA,0,0.132,20.71,168.3,1
S9-AA-NOC-washout-dish2-008,AA,0,0.391,7.63,326.1,0
S9-AA-NOC-washout-dish2-008,AA,0,0.938,9.81,176.0,0
S9-AA-NOC-washout-dish2-008,AA,0,0.927,8.72,404.5,0
S9-AA-NOC-washout-dish2-008,AA,0,0.326,8.72,270.6,0
S9-AA-NOC-washout-dish2-008,AA,0,0.809,26.16,199.3,1
S9-AA-NOC-washout-dish2-008,AA,0,0.389,5.45,163.8,1
S9-AA-NOC-washout-dish2-008,AA,0,0.707,11.99,222.9,0
S9-AA-NOC-washout-dish2-008,AA,0,0.472,5.45,301.4,1
S9-AA-NOC-washout-dish2-008,AA,0,0.995,23.98,146.8,0
S9-AA-NOC-washout-dish2-008,AA,0,0.139,11.99,293.9,0
S9-AA-NOC-washout-dish2-008,AA,0,0.019,8.72,158.2,0
S9-AA-NOC-washout-dish2-008,AA,0,0.31,4.36,201.5,1
S9-AA-NOC-washout-dish2-008,AA,0,0.333,9.81,212.0,0
S9-AA-NOC-washout-dish2-008,AA,0,0.459,13.08,229.6,1
S9-AA-NOC-washout-dish2-008,AA,0,0.939,18.53,271.5,0
S9-AA-NOC-washout-dish2-008,AA,0,0.412,9.81,230.1,0
S9-AA-NOC-washout-dish2-008,AA,0,0.29,5.45,213.5,1
S9-AA-NOC-washout-dish2-008,AA,0,0.226,10.9,173.8,0
S9-AA-NOC-washout-dish2-008,AA,0,0.706,6.54,206.3,1
S9-AA-NOC-washout-dish2-008,AA,0,0.024,29.43,156.1,1
S9-AA-NOC-washout-dish2-008,AA,0,0.272,5.45,311.5,1
S9-AA-NOC-washout-dish2-008,AA,0,0.828,6.54,190.6,0
S9-AA-NOC-washout-dish2-008,AA,0,0.833,15.26,275.3,0
S9-AA-NOC-washout-dish2-008,AA,0,0.507,13.08,263.1,1
S9-AA-NOC-washout-dish2-008,AA,0,0.268,6.54,234.4,0
S9-AA-NOC-washout-dish2-008,AA,0,0.539,16.35,197.1,1
S9-AA-NOC-washout-dish2-008,AA,0,0.869,7.63,207.6,1
S9-AA-NOC-washout-dish2-008,AA,0,0.623,11.99,224.9,0
S9-AA-NOC-washout-dish2-008,AA,0,0.897,9.81,251.3,1
S9-AA-NOC-washout-dish2-008,AA,0,0.046,5.45,174.6,0
S9-AA-NOC-washout-dish2-008,AA,0,0.772,7.63,257.7,1
S9-AA-NOC-washout-dish2-008,AA,0,0.275,39.24,177.1,0
S9-AA-NOC-washout-dish2-008,AA,0,0.729,41.42,189.1,0
S9-AA-NOC-washout-dish2-008,AA,0,0.591,14.17,228.0,1
S9-AA-NOC-washout-dish2-008,AA,0,0.739,10.9,204.6,0
S9-AA-NOC-washout-dish2-008,AA,0,0.309,50.14,164.8,0
S9-AA-NOC-washout-dish2-008,AA,0,0.09,8.72,303.1,1
S9-AA-NOC-washout-dish2-008,AA,0,0.027,9.81,196.5,1
S9-AA-NOC-washout-dish2-008,AA,0,0.856,7.63,249.9,0
S9-AA-NOC-washout-dish2-008,AA,0,0.632,11.99,286.3,0
S9-AA-NOC-washout-dish2-008,AA,0,0.487,6.54,230.0,1
S9-AA-NOC-washout-dish2-008,AA,0,0.355,16.35,293.2,0
S9-AA-NOC-washout-dish2-008,AA,0,0.292,5.45,283.8,0
S9-AA-NOC-washout-dish2-008,AA,0,0.911,22.89,170.8,1
S9-AA-NOC-washout-dish2-008,AA,0,0.653,10.9,308.5,1
S9-AA-NOC-washout-dish2-008,AA,0,0.353,6.54,272.9,0
S9-AA-NOC-washout-dish2-008,AA,0,0.922,15.26,194.0,1
S9-AA-NOC-washout-dish2-008,AA,0,0.878,45.78,175.8,1
S9-AA-NOC-washout-dish2-008,AA,0,0.592,10.9,275.6,1
S9-AA-NOC-washout-dish2-008,AA,0,0.467,14.17,266.6,0
S9-AA-NOC-washout-dish2-008,AA,0,0.625,49.05,128.8,0
S9-AA-NOC-washout-dish2-008,AA,0,0.223,7.63,187.0,0
S9-AA-NOC-washout-dish2-008,AA,0,0.027,4.36,262.6,1
S9-AA-NOC-washout-dish2-008,AA,0,0.021,16.35,96.8,1
S9-AA-NOC-washout-dish2-008,AA,0,0.041,5.45,323.4,1
S9-AA-NOC-washout-dish2-008,AA,0,0.467,16.35,234.6,0
S9-AA-NOC-washout-dish2-008,AA,0,0.434,20.71,214.2,0
S9-AA-NOC-washout-dish2-008,AA,0,0.593,28.34,186.6,0
S9-AA-NOC-washout-dish2-008,AA,0,0.722,8.72,345.3,1
S9-AA-NOC-washout-dish2-008,AA,0,0.925,51.23,147.7,0
S9-AA-NOC-washout-dish2-008,AA,0,0.125,49.05,111.1,1
S9-AA-NOC-washout-dish2-008,AA,0,0.8,49.05,124.2,0
S9-AA-NOC-washout-dish2-008,AA,0,0.493,16.35,177.4,0
S9-AA-NOC-washout-dish2-008,AA,0,0.155,9.81,242.4,0
S9-AA-NOC-washout-dish2-008,AA,0,0.06,9.81,138.6,0
S9-AA-NOC-washout-dish2-008,AA,0,0.087,4.36,171.2,0
S9-AA-NOC-washout-dish2-008,AA,0,0.433,26.16,239.2,1
S9-AA-NOC-washout-dish2-008,AA,0,0.323,5.45,188.5,0
S9-AA-NOC-washout-dish2-008,AA,0,0.462,5.45,180.8,0
S9-AA-NOC-washout-dish2-008,AA,0,0.709,7.63,241.6,1
S9-AA-NOC-washout-dish2-008,AA,0,0.873,8.72,175.9,1
S9-AA-NOC-washout-dish2-008,AA,0,0.648,6.54,238.1,0
S9-AA-NOC-washout-dish2-008,AA,0,0.501,6.54,391.6,0
S9-AA-NOC-washout-dish2-008,AA,0,0.383,18.53,194.9,1
S9-AA-NOC-washout-dish2-008,AA,0,0.929,18.53,260.5,0
S9-AA-NOC-washout-dish2-008,AA,0,0.596,25.07,195.9,0
S9-AA-NOC-washout-dish2-008,AA,0,0.345,5.45,349.3,0
S9-AA-NOC-washout-dish2-008,AA,0,0.043,33.79,117.5,0
S9-AA-NOC-washout-dish2-008,AA,0,0.539,21.8,112.0,0
S9-AA-NOC-washout-dish2-008,AA,0,0.93,41.42,232.0,0
S9-AA-NOC-washout-dish2-008,AA,0,0.37,6.54,162.4,0
S9-AA-NOC-washout-dish2-008,AA,0,0.541,5.45,220.7,0
S9-AA-NOC-washout-dish2-008,AA,0,0.362,6.54,331.4,0
S9-AA-NOC-washout-dish2-008,AA,0,0.221,7.63,334.1,1
S9-AA-NOC-washout-dish2-008,AA,0,0.152,16.35,260.4,1
S9-AA-NOC-washout-dish2-008,AA,0,0.392,4.36,255.2,0
S9-AA-NOC-washout-dish2-008,AA,0,0.852,5.45,265.9,0
S9-AA-NOC-washout-dish2-008,AA,0,0.773,17.44,267.8,0
S9-AA-NOC-washout-dish2-008,AA,0,0.692,9.81,214.0,0
S9-AA-NOC-washout-dish2-008,AA,0,0.232,19.62,243.3,1
S9-AA-NOC-washout-dish2-008,AA,0,0.146,30.52,123.3,0
S9-AA-NOC-washout-dish2-008,AA,0,0.092,5.45,190.4,0
S9-AA-NOC-washout-dish2-008,AA,0,0.253,5.45,345.6,1
S9-AA-NOC-washout-dish2-008,AA,0,0.261,40.33,174.4,0
S9-AA-NOC-washout-dish2-008,AA,0,0.475,10.9,235.2,0
S9-AA-NOC-washout-dish2-008,AA,0,0.612,5.45,198.4,0
S9-AA-NOC-washout-dish2-008,AA,0,0.8,7.63,207.9,0
S9-AA-NOC-washout-dish2-008,AA,0,0.194,9.81,202.2,1
S9-AA-NOC-washout-dish2-008,AA,0,0.885,11.99,304.1,1
S9-AA-NOC-washout-dish2-008,AA,0,0.372,6.54,130.5,0
S9-AA-NOC-washout-dish2-008,AA,0,0.421,11.99,308.6,1
S9-AA-NOC-washout-dish2-008,AA,0,0.761,7.63,340.9,1
S9-AA-NOC-washout-dish2-008,AA,0,0.937,14.17,137.4,0
S9-AA-NOC-washout-dish2-008,AA,0,0.667,8.72,221.4,0
S9-AA-NOC-washout-dish2-008,AA,0,0.7,6.54,258.7,1
S9-AA-NOC-washout-dish2-008,AA,0,0.387,6.54,360.5,0
S9-AA-NOC-washout-dish2-008,AA,0,0.666,14.17,233.4,0
S9-AA-NOC-washout-dish2-008,AA,0,0.382,9.81,321.6,0
S9-AA-NOC-washout-dish2-008,AA,0,0.038,4.36,273.6,0
S9-AA-NOC-washout-dish2-008,AA,0,0.776,4.36,180.6,0
S9-AA-NOC-washout-dish2-008,AA,0,0.043,29.43,82.7,0
S9-AA-NOC-washout-dish2-008,AA,0,0.743,18.53,161.7,0
S9-AA-NOC-washout-dish2-008,AA,0,0.131,4.36,314.0,0
S9-AA-NOC-washout-dish2-008,AA,0,0.979,15.26,104.6,1
S9-AA-NOC-washout-dish2-008,AA,0,0.472,28.34,209.0,1
S9-AA-NOC-washout-dish2-008,AA,0,0.818,10.9,299.9,1
S9-AA-NOC-washout-dish2-008,AA,0,0.096,5.45,219.8,1
S9-AA-NOC-washout-dish2-008,AA,0,0.847,10.9,182.7,0
S9-AA-NOC-washout-dish2-008,AA,0,0.421,4.36,259.7,1
S9-AA-NOC-washout-dish2-008,AA,0,0.822,11.99,152.2,1
S9-AA-NOC-washout-dish2-008,AA,0,0.884,34.88,134.2,0
S9-AA-NOC-washout-dish2-008,AA,0,0.338,30.52,165.9,0
S9-AA-NOC-washout-dish2-008,AA,0,0.399,6.54,297.4,1
S9-AA-NOC-washout-dish2-008,AA,0,0.912,5.45,177.0,0
S9-AA-NOC-washout-dish2-008,AA,0,0.6,26.16,223.9,1
S9-AA-NOC-washout-dish2-008,AA,0,0.465,11.99,271.8,0
S9-AA-NOC-washout-dish2-008,AA,0,0.585,5.45,231.1,0
S9-AA-NOC-washout-dish2-008,AA,0,0.961,4.36,210.4,0
S9-AA-NOC-washout-dish2-008,AA,0,0.451,14.17,90.0,0
S9-AA-NOC-washout-dish2-008,AA,0,0.708,16.35,251.5,0
S9-AA-NOC-washout-dish2-008,AA,0,0.827,11.99,194.9,0
S9-AA-NOC-washout-dish2-008,AA,0,0.356,19.62,197.9,0
S9-AA-NOC-washout-dish2-008,AA,0,0.981,6.54,215.3,1
S9-AA-NOC-washout-dish2-008,AA,0,0.968,9.81,263.6,1
S9-AA-NOC-washout-dish2-008,AA,0,0.494,17.44,217.4,0
S9-AA-NOC-washout-dish2-008,AA,0,0.443,18.53,237.2,0
S9-AA-NOC-washout-dish2-008,AA,0,0.487,4.36,350.6,0
S9-AA-NOC-washout-dish2-008,AA,0,0.068,5.45,310.7,1
S9-AA-NOC-washout-dish2-008,AA,0,0.628,13.08,222.1,1
S9-AA-NOC-washout-dish2-008,AA,0,0.522,26.16,213.3,0
S9-AA-NOC-washout-dish2-008,AA,0,0.624,20.71,253.0,1
S9-AA-NOC-washout-dish2-008,AA,0,0.994,28.34,150.0,0
S9-AA-NOC-washout-dish2-008,AA,0,0.414,21.8,271.0,1
S9-AA-NOC-washout-dish2-008,AA,0,0.521,4.36,283.5,0
S9-AA-NOC-washout-dish2-008,AA,0,0.038,11.99,178.1,1
S9-AA-NOC-washout-dish2-008,AA,0,0.882,10.9,168.5,0
S9-AA-NOC-washout-dish2-008,AA,0,0.792,23.98,160.5,0
S9-AA-NOC-washout-dish2-008,AA,0,0.302,4.36,494.0,1
S9-AA-NOC-washout-dish2-008,AA,0,0.007,10.9,193.6,0
S9-AA-NOC-washout-dish2-008,AA,0,0.419,27.25,161.3,0
S9-AA-NOC-washout-dish2-008,AA,0,0.464,4.36,346.0,0
S9-AA-NOC-washout-dish2-008,AA,0,0.297,26.16,210.3,0
S9-AA-NOC-washout-dish2-008,AA,0,0.223,14.17,295.6,0
S9-AA-NOC-washout-dish2-008,AA,0,0.934,25.07,110.3,1
S9-AA-NOC-washout-dish2-008,AA,0,0.818,9.81,190.8,0
S9-AA-NOC-washout-dish2-008,AA,0,0.667,8.72,293.7,0
S9-AA-NOC-washout-dish2-008,AA,0,0.154,13.08,195.7,0
S9-AA-NOC-washout-dish2-008,AA,0,0.383,7.63,287.3,1
S9-AA-NOC-washout-dish2-008,AA,0,0.625,8.72,191.3,0
S9-AA-NOC-washout-dish2-008,AA,0,0.658,4.36,291.8,0
S9-AA-NOC-washout-dish2-008,AA,0,0.102,6.54,264.1,0
S9-AA-NOC-washout-dish2-008,AA,0,0.586,7.63,163.5,0
S9-AA-NOC-washout-dish2-008,AA,0,0.41,22.89,152.8,0
S9-AA-NOC-washout-dish2-008,AA,0,0.253,4.36,167.9,0
S9-AA-NOC-washout-dish2-008,AA,0,0.738,23.98,168.4,1
S9-AA-NOC-washout-dish2-008,AA,0,0.68,7.63,228.1,1
S9-AA-NOC-washout-dish2-008,AA,0,0.022,6.54,294.0,0
S9-AA-NOC-washout-dish2-008,AA,0,0.542,20.71,191.4,0
S9-AA-NOC-washout-dish2-008,AA,0,0.501,20.71,188.9,1
S9-AA-NOC-washout-dish2-008,AA,0,0.696,19.62,156.2,1
S9-AA-NOC-washout-dish2-008,AA,0,0.874,8.72,312.2,1
S9-AA-NOC-washout-dish2-008,AA,0,0.298,4.36,179.8,0
S9-AA-NOC-washout-dish2-008,AA,0,0.804,19.62,125.0,1
S9-AA-NOC-washout-dish2-008,AA,0,0.966,4.36,169.6,1
S9-AA-NOC-washout-dish2-008,AA,0,0.697,17.44,194.4,0
S9-AA-NOC-washout-dish2-008,AA,0,0.947,4.36,392.6,1
S9-AA-NOC-washout-dish2-008,AA,0,0.984,10.9,195.5,0
S9-AA-NOC-washout-dish2-008,AA,0,0.325,4.36,266.0,0
S9-AA-NOC-washout-dish2-008,AA,0,0.979,5.45,294.1,0
S9-AA-NOC-washout-dish2-008,AA,0,0.256,17.44,105.7,1
S9-AA-NOC-washout-dish2-008,AA,0,0.46,4.36,352.8,0
S9-AA-NOC-washout-dish2-008,AA,0,0.214,9.81,264.9,0
S9-AA-NOC-washout-dish2-008,AA,0,0.451,5.45,273.3,1
S9-AA-NOC-washout-dish2-008,AA,0,0.216,14.17,230.4,0
S9-AA-NOC-washout-dish2-008,AA,0,0.232,4.36,247.2,0
S9-AA-NOC-washout-dish2-008,AA,0,0.671,15.26,238.8,1
S9-AA-NOC-washout-dish2-008,AA,0,0.473,7.63,348.6,1
S9-AA-NOC-washout-dish2-008,AA,0,0.667,13.08,233.1,0
S9-AA-NOC-washout-dish2-008,AA,0,0.281,6.54,276.0,0
S9-AA-NOC-washout-dish2-008,AA,0,0.298,15.26,135.3,1
S9-AA-NOC-washout-dish2-008,AA,0,0.855,11.99,187.9,0
S9-AA-NOC-washout-dish2-008,AA,0,0.879,8.72,226.3,1
S9-AA-NOC-washout-dish2-008,AA,0,0.373,14.17,148.1,1
S9-AA-NOC-washout-dish2-008,AA,0,0.893,7.63,198.9,0
S9-AA-NOC-washout-dish2-008,AA,0,0.76,10.9,332.6,0
S9-AA-NOC-washout-dish2-008,AA,0,0.368,13.08,214.7,1
S9-AA-NOC-washout-dish2-008,AA,0,0.559,4.36,303.4,0
S9-AA-NOC-washout-dish2-008,AA,0,0.153,8.72,232.1,0
S9-AA-NOC-washout-dish2-008,AA,0,0.644,4.36,354.4,1
S9-AA-NOC-washout-dish2-008,AA,0,0.272,4.36,306.8,0
S9-AA-NOC-washout-dish2-008,AA,0,0.836,11.99,310.9,0
S9-AA-NOC-washout-dish2-008,AA,0,0.48,6.54,211.5,1
S9-AA-NOC-washout-dish2-008,AA,0,0.479,13.08,113.5,1
S9-AA-NOC-washout-dish2-008,AA,0,0.594,10.9,354.9,1
S9-AA-NOC-washout-dish2-008,AA,0,0.294,8.72,181.4,0
S9-AA-NOC-washout-dish2-008,AA,0,0.194,6.54,247.9,0
S9-AA-NOC-washout-dish2-008,AA,0,0.675,4.36,315.6,1
S9-AA-NOC-washout-dish2-008,AA,0,0.717,10.9,173.3,1
S9-AA-NOC-washout-dish2-008,AA,0,0.73,4.36,344.9,0
S9-AA-NOC-washout-dish2-008,AA,0,0.863,8.72,222.4,1
S9-AA-NOC-washout-dish2-008,AA,0,0.672,6.54,374.1,1
S9-AA-NOC-washout-dish2-008,AA,0,0.581,7.63,365.9,0
S9-AA-NOC-washout-dish2-008,AA,0,0.037,4.36,343.1,1
S9-AA-NOC-washout-dish2-008,AA,0,0.597,7.63,222.2,0
S9-AA-NOC-washout-dish2-008,AA,0,0.16,5.45,164.3,1
S9-AA-NOC-washout-dish2-008,AA,0,0.483,5.45,252.0,1
S9-AA-NOC-washout-dish2-008,AA,0,0.64,6.54,283.9,1
S9-AA-NOC-washout-dish2-008,AA,0,0.744,6.54,361.4,1
S9-AA-NOC-washout-dish2-008,AA,0,0.543,5.45,194.8,0
S9-AA-NOC-washout-dish2-008,AA,0,0.896,5.45,198.7,1
S9-AA-NOC-washout-dish2-008,AA,0,0.779,5.45,185.1,0
S9-AA-NOC-washout-dish2-008,AA,0,0.306,5.45,205.7,1
S9-AA-NOC-washout-dish2-008,AA,0,0.097,4.36,195.9,0
S9-AA-NOC-washout-dish2-009,AA,0,0.315,25.07,272.5,1
S9-AA-NOC-washout-dish2-009,AA,0,0.25,4.36,259.8,0
S9-AA-NOC-washout-dish2-009,AA,0,0.625,21.8,244.0,0
S9-AA-NOC-washout-dish2-009,AA,0,0.863,33.79,226.5,0
S9-AA-NOC-washout-dish2-009,AA,0,0.709,23.98,257.3,0
S9-AA-NOC-washout-dish2-009,AA,0,0.959,6.54,299.7,1
S9-AA-NOC-washout-dish2-009,AA,0,0.334,54.5,212.4,1
S9-AA-NOC-washout-dish2-009,AA,0,0.725,18.53,260.9,1
S9-AA-NOC-washout-dish2-009,AA,0,0.839,5.45,275.2,0
S9-AA-NOC-washout-dish2-009,AA,0,0.97,19.62,149.4,1
S9-AA-NOC-washout-dish2-009,AA,0,0.879,42.51,222.4,1
S9-AA-NOC-washout-dish2-009,AA,0,0.792,11.99,246.5,1
S9-AA-NOC-washout-dish2-009,AA,0,0.383,10.9,278.2,0
S9-AA-NOC-washout-dish2-009,AA,0,0.642,11.99,218.8,0
S9-AA-NOC-washout-dish2-009,AA,0,0.343,7.63,440.9,0
S9-AA-NOC-washout-dish2-009,AA,0,0.33,14.17,203.5,0
S9-AA-NOC-washout-dish2-009,AA,0,0.244,7.63,343.2,1
S9-AA-NOC-washout-dish2-009,AA,0,0.611,9.81,223.3,1
S9-AA-NOC-washout-dish2-009,AA,0,0.882,7.63,277.8,1
S9-AA-NOC-washout-dish2-009,AA,0,0.121,43.6,265.6,0
S9-AA-NOC-washout-dish2-009,AA,0,0.763,21.8,262.6,0
S9-AA-NOC-washout-dish2-009,AA,0,0.81,25.07,230.6,1
S9-AA-NOC-washout-dish2-009,AA,0,0.581,16.35,271.7,1
S9-AA-NOC-washout-dish2-009,AA,0,0.514,17.44,322.6,1
S9-AA-NOC-washout-dish2-009,AA,0,0.516,13.08,278.7,0
S9-AA-NOC-washout-dish2-009,AA,0,0.478,4.36,378.2,0
S9-AA-NOC-washout-dish2-009,AA,0,0.323,4.36,339.8,0
S9-AA-NOC-washout-dish2-009,AA,0,0.297,4.36,304.1,0
S9-AA-NOC-washout-dish2-009,AA,0,0.667,22.89,232.6,1
S9-AA-NOC-washout-dish2-009,AA,0,0.844,11.99,217.9,1
S9-AA-NOC-washout-dish2-009,AA,0,0.39,4.36,238.9,0
S9-AA-NOC-washout-dish2-009,AA,0,0.311,4.36,169.0,0
S9-AA-NOC-washout-dish2-009,AA,0,0.817,20.71,178.7,1
S9-AA-NOC-washout-dish2-009,AA,0,0.233,23.98,235.0,1
S9-AA-NOC-washout-dish2-009,AA,0,0.087,7.63,322.1,0
S9-AA-NOC-washout-dish2-009,AA,0,0.296,45.78,273.5,0
S9-AA-NOC-washout-dish2-009,AA,0,0.136,27.25,191.7,0
S9-AA-NOC-washout-dish2-009,AA,0,0.665,18.53,300.8,0
S9-AA-NOC-washout-dish2-009,AA,0,0.538,6.54,290.3,0
S9-AA-NOC-washout-dish2-009,AA,0,0.298,20.71,260.9,1
S9-AA-NOC-washout-dish2-009,AA,0,0.314,8.72,200.0,0
S9-AA-NOC-washout-dish2-009,AA,0,0.339,4.36,294.1,0
S9-AA-NOC-washout-dish2-009,AA,0,0.264,11.99,339.7,0
S9-AA-NOC-washout-dish2-009,AA,0,0.679,6.54,376.1,0
S9-AA-NOC-washout-dish2-009,AA,0,0.449,10.9,314.7,0
S9-AA-NOC-washout-dish2-009,AA,0,0.886,6.54,218.1,1
S9-AA-NOC-washout-dish2-009,AA,0,0.585,15.26,281.3,1
S9-AA-NOC-washout-dish2-009,AA,0,0.912,29.43,228.7,0
S9-AA-NOC-washout-dish2-009,AA,0,0.982,53.41,185.0,1
S9-AA-NOC-washout-dish2-009,AA,0,0.66,4.36,372.6,1
S9-AA-NOC-washout-dish2-009,AA,0,0.357,6.54,245.9,0
S9-AA-NOC-washout-dish2-009,AA,0,0.593,20.71,213.3,0
S9-AA-NOC-washout-dish2-009,AA,0,0.383,5.45,354.1,0
S9-AA-NOC-washout-dish2-009,AA,0,0.27,16.35,209.8,0
S9-AA-NOC-washout-dish2-009,AA,0,0.601,5.45,266.6,0
S9-AA-NOC-washout-dish2-009,AA,0,0.212,19.62,258.9,0
S9-AA-NOC-washout-dish2-009,AA,0,0.338,11.99,253.9,0
S9-AA-NOC-washout-dish2-009,AA,0,0.077,17.44,305.5,0
S9-AA-NOC-washout-dish2-009,AA,0,0.811,5.45,171.3,1
S9-AA-NOC-washout-dish2-009,AA,0,0.933,13.08,291.5,1
S9-AA-NOC-washout-dish2-009,AA,0,0.503,17.44,255.4,1
S9-AA-NOC-washout-dish2-009,AA,0,0.659,16.35,157.7,0
S9-AA-NOC-washout-dish2-009,AA,0,0.525,45.78,233.1,0
S9-AA-NOC-washout-dish2-009,AA,0,0.294,18.53,219.4,0
S9-AA-NOC-washout-dish2-009,AA,0,0.373,19.62,168.7,1
S9-AA-NOC-washout-dish2-009,AA,0,0.411,4.36,156.5,1
S9-AA-NOC-washout-dish2-009,AA,0,0.747,11.99,304.1,0
S9-AA-NOC-washout-dish2-009,AA,0,0.541,6.54,312.7,1
S9-AA-NOC-washout-dish2-009,AA,0,0.964,5.45,153.4,1
S9-AA-NOC-washout-dish2-009,AA,0,0.8,6.54,292.3,1
S9-AA-NOC-washout-dish2-009,AA,0,0.346,6.54,304.9,0
S9-AA-NOC-washout-dish2-009,AA,0,0.193,15.26,283.3,1
S9-AA-NOC-washout-dish2-009,AA,0,0.123,5.45,263.9,1
S9-AA-NOC-washout-dish2-009,AA,0,0.422,9.81,321.0,0
S9-AA-NOC-washout-dish2-009,AA,0,0.856,6.54,320.4,0
S9-AA-NOC-washout-dish2-009,AA,0,0.195,7.63,282.3,0
S9-AA-NOC-washout-dish2-009,AA,0,0.415,14.17,281.5,0
S9-AA-NOC-washout-dish2-009,AA,0,0.325,23.98,191.6,0
S9-AA-NOC-washout-dish2-009,AA,0,0.804,6.54,202.4,0
S9-AA-NOC-washout-dish2-009,AA,0,0.714,10.9,252.2,0
S9-AA-NOC-washout-dish2-009,AA,0,0.661,16.35,188.2,0
S9-AA-NOC-washout-dish2-009,AA,0,0.536,7.63,301.8,0
S9-AA-NOC-washout-dish2-009,AA,0,0.771,7.63,258.9,1
S9-AA-NOC-washout-dish2-009,AA,0,0.677,26.16,219.9,1
S9-AA-NOC-washout-dish2-009,AA,0,0.322,6.54,308.1,0
S9-AA-NOC-washout-dish2-009,AA,0,0.5,30.52,209.5,1
S9-AA-NOC-washout-dish2-009,AA,0,0.71,13.08,265.5,0
S9-AA-NOC-washout-dish2-009,AA,0,0.934,6.54,248.2,1
S9-AA-NOC-washout-dish2-009,AA,0,0.72,5.45,342.0,1
S9-AA-NOC-washout-dish2-009,AA,0,0.196,14.17,218.8,1
S9-AA-NOC-washout-dish2-009,AA,0,0.213,39.24,259.6,1
S9-AA-NOC-washout-dish2-009,AA,0,0.73,8.72,179.8,0
S9-AA-NOC-washout-dish2-009,AA,0,0.715,9.81,212.7,0
S9-AA-NOC-washout-dish2-009,AA,0,0.577,19.62,221.2,0
S9-AA-NOC-washout-dish2-009,AA,0,0.395,7.63,325.1,0
S9-AA-NOC-washout-dish2-009,AA,0,0.828,27.25,201.7,1
S9-AA-NOC-washout-dish2-009,AA,0,0.827,10.9,225.0,1
S9-AA-NOC-washout-dish2-009,AA,0,0.463,6.54,282.1,0
S9-AA-NOC-washout-dish2-009,AA,0,0.471,10.9,258.7,0
S9-AA-NOC-washout-dish2-009,AA,0,0.614,8.72,312.1,0
S9-AA-NOC-washout-dish2-009,AA,0,0.545,6.54,386.6,1
S9-AA-NOC-washout-dish2-009,AA,0,0.233,25.07,237.5,1
S9-AA-NOC-washout-dish2-009,AA,0,0.292,6.54,230.8,0
S9-AA-NOC-washout-dish2-009,AA,0,0.101,10.9,341.1,0
S9-AA-NOC-washout-dish2-009,AA,0,0.113,22.89,270.8,1
S9-AA-NOC-washout-dish2-009,AA,0,0.692,9.81,227.2,0
S9-AA-NOC-washout-dish2-009,AA,0,0.773,20.71,300.9,0
S9-AA-NOC-washout-dish2-009,AA,0,0.514,8.72,273.7,0
S9-AA-NOC-washout-dish2-009,AA,0,0.638,17.44,258.2,1
S9-AA-NOC-washout-dish2-009,AA,0,0.145,4.36,236.8,0
S9-AA-NOC-washout-dish2-009,AA,0,0.331,17.44,348.8,0
S9-AA-NOC-washout-dish2-009,AA,0,0.156,6.54,424.6,0
S9-AA-NOC-washout-dish2-009,AA,0,0.38,23.98,245.5,0
S9-AA-NOC-washout-dish2-009,AA,0,0.509,15.26,274.8,0
S9-AA-NOC-washout-dish2-009,AA,0,0.445,4.36,245.1,1
S9-AA-NOC-washout-dish2-009,AA,0,0.205,6.54,302.6,1
S9-AA-NOC-washout-dish2-009,AA,0,0.595,9.81,254.3,1
S9-AA-NOC-washout-dish2-009,AA,0,0.305,6.54,167.5,0
S9-AA-NOC-washout-dish2-009,AA,0,0.667,26.16,242.6,1
S9-AA-NOC-washout-dish2-009,AA,0,0.826,19.62,159.4,1
S9-AA-NOC-washout-dish2-009,AA,0,0.193,11.99,258.1,0
S9-AA-NOC-washout-dish2-009,AA,0,0.916,23.98,199.1,0
S9-AA-NOC-washout-dish2-009,AA,0,0.717,11.99,211.8,0
S9-AA-NOC-washout-dish2-009,AA,0,0.415,31.61,270.1,1
S9-AA-NOC-washout-dish2-009,AA,0,0.544,13.08,252.2,1
S9-AA-NOC-washout-dish2-009,AA,0,0.273,9.81,298.0,0
S9-AA-NOC-washout-dish2-009,AA,0,0.58,4.36,214.8,1
S9-AA-NOC-washout-dish2-009,AA,0,0.688,10.9,210.5,0
S9-AA-NOC-washout-dish2-009,AA,0,0.184,9.81,249.0,1
S9-AA-NOC-washout-dish2-009,AA,0,0.211,11.99,319.6,0
S9-AA-NOC-washout-dish2-009,AA,0,0.436,7.63,205.6,0
S9-AA-NOC-washout-dish2-009,AA,0,0.761,5.45,400.9,0
S9-AA-NOC-washout-dish2-009,AA,0,0.609,14.17,227.2,0
S9-AA-NOC-washout-dish2-009,AA,0,0.79,6.54,211.5,0
S9-AA-NOC-washout-dish2-009,AA,0,0.379,6.54,286.7,0
S9-AA-NOC-washout-dish2-009,AA,0,0.514,4.36,491.1,0
S9-AA-NOC-washout-dish2-009,AA,0,0.128,7.63,255.6,1
S9-AA-NOC-washout-dish2-009,AA,0,0.59,10.9,352.2,0
S9-AA-NOC-washout-dish2-009,AA,0,0.328,8.72,362.2,0
S9-AA-NOC-washout-dish2-009,AA,0,0.097,4.36,172.9,0
S9-AA-NOC-washout-dish2-009,AA,0,0.677,6.54,263.2,1
S9-AA-NOC-washout-dish2-009,AA,0,0.725,9.81,237.0,0
S9-AA-NOC-washout-dish2-009,AA,0,0.404,9.81,292.4,0
S9-AA-NOC-washout-dish2-009,AA,0,0.317,16.35,269.6,0
S9-AA-NOC-washout-dish2-009,AA,0,0.858,4.36,381.0,0
S9-AA-NOC-washout-dish2-009,AA,0,0.677,9.81,204.4,1
S9-AA-NOC-washout-dish2-009,AA,0,0.844,40.33,108.9,1
S9-AA-NOC-washout-dish2-009,AA,0,0.564,7.63,212.0,0
S9-AA-NOC-washout-dish2-009,AA,0,0.182,5.45,364.0,1
S9-AA-NOC-washout-dish2-009,AA,0,0.664,25.07,169.1,0
S9-AA-NOC-washout-dish2-009,AA,0,0.736,6.54,267.5,0
S9-AA-NOC-washout-dish2-009,AA,0,0.544,7.63,299.4,1
S9-AA-NOC-washout-dish2-009,AA,0,0.626,6.54,363.5,0
S9-AA-NOC-washout-dish2-009,AA,0,0.915,9.81,165.4,0
S9-AA-NOC-washout-dish2-009,AA,0,0.438,7.63,261.6,1
S9-AA-NOC-washout-dish2-009,AA,0,0.287,9.81,285.8,1
S9-AA-NOC-washout-dish2-009,AA,0,0.876,33.79,144.3,0
S9-AA-NOC-washout-dish2-009,AA,0,0.561,11.99,273.2,1
S9-AA-NOC-washout-dish2-009,AA,0,0.924,13.08,204.1,0
S9-AA-NOC-washout-dish2-009,AA,0,0.744,13.08,309.8,0
S9-AA-NOC-washout-dish2-009,AA,0,0.397,13.08,242.9,1
S9-AA-NOC-washout-dish2-009,AA,0,0.1,28.34,122.7,0
S9-AA-NOC-washout-dish2-009,AA,0,0.711,26.16,230.2,0
S9-AA-NOC-washout-dish2-009,AA,0,0.389,19.62,245.8,0
S9-AA-NOC-washout-dish2-009,AA,0,0.262,14.17,279.5,0
S9-AA-NOC-washout-dish2-009,AA,0,0.585,4.36,426.2,0
S9-AA-NOC-washout-dish2-009,AA,0,0.522,23.98,228.6,0
S9-AA-NOC-washout-dish2-009,AA,0,0.307,4.36,266.6,0
S9-AA-NOC-washout-dish2-009,AA,0,0.517,22.89,236.4,0
S9-AA-NOC-washout-dish2-009,AA,0,0.913,8.72,381.0,0
S9-AA-NOC-washout-dish2-009,AA,0,0.934,11.99,218.9,1
S9-AA-NOC-washout-dish2-009,AA,0,0.784,15.26,248.6,0
S9-AA-NOC-washout-dish2-009,AA,0,0.455,10.9,274.7,0
S9-AA-NOC-washout-dish2-009,AA,0,0.192,16.35,236.0,1
S9-AA-NOC-washout-dish2-009,AA,0,0.546,4.36,335.5,0
S9-AA-NOC-washout-dish2-009,AA,0,0.713,5.45,296.3,0
S9-AA-NOC-washout-dish2-009,AA,0,0.293,6.54,228.8,1
S9-AA-NOC-washout-dish2-009,AA,0,0.312,17.44,229.5,1
S9-AA-NOC-washout-dish2-009,AA,0,0.494,4.36,412.9,1
S9-AA-NOC-washout-dish2-009,AA,0,0.936,17.44,205.4,0
S9-AA-NOC-washout-dish2-009,AA,0,0.639,4.36,368.4,0
S9-AA-NOC-washout-dish2-009,AA,0,0.357,8.72,218.4,1
S9-AA-NOC-washout-dish2-009,AA,0,0.41,4.36,395.4,1
S9-AA-NOC-washout-dish2-009,AA,0,0.433,4.36,367.3,0
S9-AA-NOC-washout-dish2-009,AA,0,0.432,15.26,197.5,0
S9-AA-NOC-washout-dish2-009,AA,0,0.507,11.99,234.6,1
S9-AA-NOC-washout-dish2-009,AA,0,0.079,5.45,197.0,0
S9-AA-NOC-washout-dish2-009,AA,0,0.304,5.45,200.2,0
S9-AA-NOC-washout-dish2-009,AA,0,0.452,6.54,298.8,0
S9-AA-NOC-washout-dish2-009,AA,0,0.084,4.36,354.6,1
S9-AA-NOC-washout-dish2-009,AA,0,0.411,7.63,314.4,1
S9-AA-NOC-washout-dish2-009,AA,0,0.337,8.72,289.1,1
S9-AA-NOC-washout-dish2-009,AA,0,0.382,6.54,278.2,1
S9-AA-NOC-washout-dish2-009,AA,0,0.663,6.54,118.3,1
S9-AA-NOC-washout-dish2-009,AA,0,0.166,5.45,350.6,1
S9-AA-NOC-washout-dish2-009,AA,0,0.535,5.45,320.4,0
S9-AA-NOC-washout-dish2-009,AA,0,0.292,4.36,485.7,1
S9-AA-NOC-washout-dish3-004,AA,0,0.817,5.45,368.6,0
S9-AA-NOC-washout-dish3-004,AA,0,0.144,5.45,177.2,0
S9-AA-NOC-washout-dish3-004,AA,0,0.105,6.54,248.9,1
S9-AA-NOC-washout-dish3-004,AA,0,0.479,28.34,270.4,0
S9-AA-NOC-washout-dish3-004,AA,0,0.578,18.53,169.2,1
S9-AA-NOC-washout-dish3-004,AA,0,0.767,13.08,264.0,1
S9-AA-NOC-washout-dish3-004,AA,0,0.478,8.72,271.1,0
S9-AA-NOC-washout-dish3-004,AA,0,0.994,15.26,149.5,1
S9-AA-NOC-washout-dish3-004,AA,0,0.896,39.24,119.6,1
S9-AA-NOC-washout-dish3-004,AA,0,0.748,97.01,109.1,0
S9-AA-NOC-washout-dish3-004,AA,0,0.545,32.7,111.2,0
S9-AA-NOC-washout-dish3-004,AA,0,0.501,18.53,167.7,0
S9-AA-NOC-washout-dish3-004,AA,0,0.807,46.87,118.9,0
S9-AA-NOC-washout-dish3-004,AA,0,0.692,29.43,239.7,1
S9-AA-NOC-washout-dish3-004,AA,0,0.369,8.72,173.4,0
S9-AA-NOC-washout-dish3-004,AA,0,0.517,11.99,123.7,0
S9-AA-NOC-washout-dish3-004,AA,0,0.658,57.77,160.7,0
S9-AA-NOC-washout-dish3-004,AA,0,0.765,31.61,231.8,0
S9-AA-NOC-washout-dish3-004,AA,0,0.877,5.45,186.9,0
S9-AA-NOC-washout-dish3-004,AA,0,0.673,22.89,170.3,0
S9-AA-NOC-washout-dish3-004,AA,0,0.909,16.35,213.5,1
S9-AA-NOC-washout-dish3-004,AA,0,0.585,26.16,210.1,1
S9-AA-NOC-washout-dish3-004,AA,0,0.83,4.36,413.7,1
S9-AA-NOC-washout-dish3-004,AA,0,0.637,11.99,197.3,0
S9-AA-NOC-washout-dish3-004,AA,0,0.853,6.54,195.0,1
S9-AA-NOC-washout-dish3-004,AA,0,0.558,17.44,248.5,1
S9-AA-NOC-washout-dish3-004,AA,0,0.809,16.35,182.2,0
S9-AA-NOC-washout-dish3-004,AA,0,0.657,35.97,254.8,0
S9-AA-NOC-washout-dish3-004,AA,0,0.255,6.54,235.5,0
S9-AA-NOC-washout-dish3-004,AA,0,0.931,5.45,237.0,0
S9-AA-NOC-washout-dish3-004,AA,0,0.915,85.02,136.7,0
S9-AA-NOC-washout-dish3-004,AA,0,0.92,41.42,148.4,0
S9-AA-NOC-washout-dish3-004,AA,0,0.83,18.53,243.0,1
S9-AA-NOC-washout-dish3-004,AA,0,0.746,17.44,274.4,0
S9-AA-NOC-washout-dish3-004,AA,0,0.585,6.54,217.9,1
S9-AA-NOC-washout-dish3-004,AA,0,0.158,27.25,318.4,1
S9-AA-NOC-washout-dish3-004,AA,0,0.711,16.35,119.2,0
S9-AA-NOC-washout-dish3-004,AA,0,0.91,10.9,219.6,0
S9-AA-NOC-washout-dish3-004,AA,0,0.612,4.36,226.5,1
S9-AA-NOC-washout-dish3-004,AA,0,0.51,15.26,172.9,0
S9-AA-NOC-washout-dish3-004,AA,0,0.717,4.36,258.0,0
S9-AA-NOC-washout-dish3-004,AA,0,0.696,5.45,199.4,0
S9-AA-NOC-washout-dish3-004,AA,0,0.854,7.63,270.2,0
S9-AA-NOC-washout-dish3-004,AA,0,0.467,21.8,192.0,0
S9-AA-NOC-washout-dish3-004,AA,0,0.372,14.17,144.8,0
S9-AA-NOC-washout-dish3-004,AA,0,0.354,21.8,219.0,1
S9-AA-NOC-washout-dish3-004,AA,0,0.804,4.36,349.3,0
S9-AA-NOC-washout-dish3-004,AA,0,0.553,6.54,220.0,0
S9-AA-NOC-washout-dish3-004,AA,0,0.079,14.17,171.7,1
S9-AA-NOC-washout-dish3-004,AA,0,0.781,8.72,209.0,1
S9-AA-NOC-washout-dish3-004,AA,0,0.364,9.81,246.0,1
S9-AA-NOC-washout-dish3-004,AA,0,0.659,5.45,294.5,0
S9-AA-NOC-washout-dish3-004,AA,0,0.834,28.34,217.0,0
S9-AA-NOC-washout-dish3-004,AA,0,0.468,5.45,276.1,0
S9-AA-NOC-washout-dish3-004,AA,0,0.386,4.36,291.5,1
S9-AA-NOC-washout-dish3-004,AA,0,0.149,7.63,299.0,1
S9-AA-NOC-washout-dish3-004,AA,0,0.703,4.36,364.7,1
S9-AA-NOC-washout-dish3-004,AA,0,0.484,23.98,219.5,0
S9-AA-NOC-washout-dish3-004,AA,0,0.636,5.45,282.2,0
S9-AA-NOC-washout-dish3-004,AA,0,0.588,7.63,293.8,0
S9-AA-NOC-washout-dish3-004,AA,0,0.42,9.81,268.0,0
S9-AA-NOC-washout-dish3-004,AA,0,0.273,17.44,254.1,0
S9-AA-NOC-washout-dish3-004,AA,0,0.143,6.54,180.8,0
S9-AA-NOC-washout-dish3-004,AA,0,0.187,16.35,186.4,1
S9-AA-NOC-washout-dish3-004,AA,0,0.089,8.72,374.1,1
S9-AA-NOC-washout-dish3-004,AA,0,0.327,17.44,207.2,0
S9-AA-NOC-washout-dish3-004,AA,0,0.644,5.45,167.8,0
S9-AA-NOC-washout-dish3-004,AA,0,0.412,4.36,437.4,1
S9-AA-NOC-washout-dish3-004,AA,0,0.615,21.8,200.0,0
S9-AA-NOC-washout-dish3-004,AA,0,0.824,4.36,240.4,1
S9-AA-NOC-washout-dish3-004,AA,0,0.292,8.72,320.7,1
S9-AA-NOC-washout-dish3-004,AA,0,0.508,4.36,178.6,0
S9-AA-NOC-washout-dish3-004,AA,0,0.942,9.81,206.0,0
S9-AA-NOC-washout-dish3-004,AA,0,0.583,44.69,164.5,1
S9-AA-NOC-washout-dish3-004,AA,0,0.231,9.81,230.3,0
S9-AA-NOC-washout-dish3-004,AA,0,0.337,5.45,330.9,0
S9-AA-NOC-washout-dish3-004,AA,0,0.781,7.63,275.2,0
S9-AA-NOC-washout-dish3-004,AA,0,0.933,52.32,179.3,1
S9-AA-NOC-washout-dish3-004,AA,0,0.096,26.16,255.4,1
S9-AA-NOC-washout-dish3-004,AA,0,0.668,13.08,237.0,0
S9-AA-NOC-washout-dish3-004,AA,0,0.828,15.26,200.9,0
S9-AA-NOC-washout-dish3-004,AA,0,0.505,13.08,212.2,0
S9-AA-NOC-washout-dish3-004,AA,0,0.58,9.81,189.0,0
S9-AA-NOC-washout-dish3-004,AA,0,0.653,14.17,279.2,1
S9-AA-NOC-washout-dish3-004,AA,0,0.598,19.62,184.0,0
S9-AA-NOC-washout-dish3-004,AA,0,0.96,6.54,223.9,1
S9-AA-NOC-washout-dish3-004,AA,0,0.154,5.45,349.6,0
S9-AA-NOC-washout-dish3-004,AA,0,0.744,82.84,203.3,1
S9-AA-NOC-washout-dish3-004,AA,0,0.359,22.89,256.1,0
S9-AA-NOC-washout-dish3-004,AA,0,0.849,17.44,268.2,0
S9-AA-NOC-washout-dish3-004,AA,0,0.631,22.89,145.3,0
S9-AA-NOC-washout-dish3-004,AA,0,0.8,33.79,199.4,1
S9-AA-NOC-washout-dish3-004,AA,0,0.816,31.61,229.1,1
S9-AA-NOC-washout-dish3-004,AA,0,0.653,9.81,227.5,0
S9-AA-NOC-washout-dish3-004,AA,0,0.426,6.54,270.6,1
S9-AA-NOC-washout-dish3-004,AA,0,0.351,9.81,295.9,0
S9-AA-NOC-washout-dish3-004,AA,0,0.565,17.44,174.1,1
S9-AA-NOC-washout-dish3-004,AA,0,0.161,7.63,225.4,0
S9-AA-NOC-washout-dish3-004,AA,0,0.669,8.72,223.0,1
S9-AA-NOC-washout-dish3-004,AA,0,0.292,5.45,268.3,0
S9-AA-NOC-washout-dish3-004,AA,0,0.977,19.62,227.1,0
S9-AA-NOC-washout-dish3-004,AA,0,0.888,49.05,154.8,0
S9-AA-NOC-washout-dish3-004,AA,0,0.204,9.81,309.2,0
S9-AA-NOC-washout-dish3-004,AA,0,0.547,55.59,189.8,1
S9-AA-NOC-washout-dish3-004,AA,0,0.409,13.08,224.9,0
S9-AA-NOC-washout-dish3-004,AA,0,0.219,6.54,304.8,0
S9-AA-NOC-washout-dish3-004,AA,0,0.529,10.9,207.6,1
S9-AA-NOC-washout-dish3-004,AA,0,0.025,10.9,206.5,1
S9-AA-NOC-washout-dish3-004,AA,0,0.722,9.81,288.7,0
S9-AA-NOC-washout-dish3-004,AA,0,0.394,17.44,138.7,0
S9-AA-NOC-washout-dish3-004,AA,0,0.959,31.61,159.1,0
S9-AA-NOC-washout-dish3-004,AA,0,0.378,9.81,160.2,0
S9-AA-NOC-washout-dish3-004,AA,0,0.754,43.6,186.4,1
S9-AA-NOC-washout-dish3-004,AA,0,0.646,15.26,139.0,0
S9-AA-NOC-washout-dish3-004,AA,0,0.874,11.99,222.5,0
S9-AA-NOC-washout-dish3-004,AA,0,0.938,9.81,262.6,0
S9-AA-NOC-washout-dish3-004,AA,0,0.635,5.45,304.7,0
S9-AA-NOC-washout-dish3-004,AA,0,0.865,5.45,404.4,0
S9-AA-NOC-washout-dish3-004,AA,0,0.716,7.63,259.0,0
S9-AA-NOC-washout-dish3-004,AA,0,0.348,4.36,231.0,0
S9-AA-NOC-washout-dish3-004,AA,0,0.474,11.99,151.3,0
S9-AA-NOC-washout-dish3-004,AA,0,0.365,9.81,242.5,1
S9-AA-NOC-washout-dish3-004,AA,0,0.368,9.81,295.3,1
S9-AA-NOC-washout-dish3-004,AA,0,0.642,17.44,151.4,1
S9-AA-NOC-washout-dish3-004,AA,0,0.559,6.54,182.5,1
S9-AA-NOC-washout-dish3-004,AA,0,0.751,7.63,252.3,1
S9-AA-NOC-washout-dish3-004,AA,0,0.646,10.9,270.9,1
S9-AA-NOC-washout-dish3-004,AA,0,0.327,6.54,207.7,1
S9-AA-NOC-washout-dish3-004,AA,0,0.227,4.36,145.3,0
S9-AA-NOC-washout-dish3-004,AA,0,0.547,5.45,297.7,0
S9-AA-NOC-washout-dish3-004,AA,0,0.725,4.36,301.6,0
S9-AA-NOC-washout-dish3-004,AA,0,0.637,4.36,222.6,1
S9-AA-NOC-washout-dish3-004,AA,0,0.436,27.25,214.2,0
S9-AA-NOC-washout-dish3-004,AA,0,0.859,4.36,289.7,0
S9-AA-NOC-washout-dish3-004,AA,0,0.655,4.36,254.5,0
S9-AA-NOC-washout-dish3-004,AA,0,0.512,37.06,183.2,0
S9-AA-NOC-washout-dish3-004,AA,0,0.461,13.08,270.0,1
S9-AA-NOC-washout-dish3-004,AA,0,0.182,7.63,258.5,1
S9-AA-NOC-washout-dish3-004,AA,0,0.578,4.36,260.4,0
S9-AA-NOC-washout-dish3-004,AA,0,0.547,13.08,217.7,0
S9-AA-NOC-washout-dish3-004,AA,0,0.908,5.45,434.9,0
S9-AA-NOC-washout-dish3-004,AA,0,0.615,19.62,178.2,1
S9-AA-NOC-washout-dish3-004,AA,0,0.381,4.36,343.6,0
S9-AA-NOC-washout-dish3-004,AA,0,0.793,13.08,270.3,0
S9-AA-NOC-washout-dish3-004,AA,0,0.09,6.54,350.9,0
S9-AA-NOC-washout-dish3-004,AA,0,0.459,10.9,302.4,1
S9-AA-NOC-washout-dish3-004,AA,0,0.98,4.36,228.3,0
S9-AA-NOC-washout-dish3-004,AA,0,0.735,7.63,194.9,0
S9-AA-NOC-washout-dish3-004,AA,0,0.193,9.81,238.1,0
S9-AA-NOC-washout-dish3-004,AA,0,0.828,11.99,212.1,1
S9-AA-NOC-washout-dish3-004,AA,0,0.596,23.98,234.6,0
S9-AA-NOC-washout-dish3-004,AA,0,0.831,9.81,266.1,1
S9-AA-NOC-washout-dish3-004,AA,0,0.145,9.81,251.2,0
S9-AA-NOC-washout-dish3-004,AA,0,0.806,16.35,217.7,0
S9-AA-NOC-washout-dish3-004,AA,0,0.586,8.72,342.7,1
S9-AA-NOC-washout-dish3-004,AA,0,0.792,17.44,187.3,0
S9-AA-NOC-washout-dish3-004,AA,0,0.254,14.17,250.5,1
S9-AA-NOC-washout-dish3-004,AA,0,0.435,4.36,428.6,0
S9-AA-NOC-washout-dish3-004,AA,0,0.664,15.26,221.8,0
S9-AA-NOC-washout-dish3-004,AA,0,0.15,6.54,259.3,0
S9-AA-NOC-washout-dish3-004,AA,0,0.757,37.06,153.6,0
S9-AA-NOC-washout-dish3-004,AA,0,0.349,18.53,188.8,0
S9-AA-NOC-washout-dish3-004,AA,0,0.658,13.08,283.8,1
S9-AA-NOC-washout-dish3-004,AA,0,0.529,4.36,343.3,1
S9-AA-NOC-washout-dish3-004,AA,0,0.334,39.24,175.8,0
S9-AA-NOC-washout-dish3-004,AA,0,0.881,7.63,217.5,1
S9-AA-NOC-washout-dish3-004,AA,0,0.285,4.36,187.8,1
S9-AA-NOC-washout-dish3-004,AA,0,0.731,14.17,279.0,1
S9-AA-NOC-washout-dish3-004,AA,0,0.626,7.63,358.7,1
S9-AA-NOC-washout-dish3-004,AA,0,0.63,6.54,282.6,1
S9-AA-NOC-washout-dish3-004,AA,0,0.789,6.54,379.1,0
S9-AA-NOC-washout-dish3-004,AA,0,0.373,15.26,254.0,0
S9-AA-NOC-washout-dish3-004,AA,0,0.935,11.99,266.8,1
S9-AA-NOC-washout-dish3-004,AA,0,0.374,16.35,202.1,1
S9-AA-NOC-washout-dish3-004,AA,0,0.507,17.44,270.0,0
S9-AA-NOC-washout-dish3-004,AA,0,0.699,6.54,400.3,0
S9-AA-NOC-washout-dish3-004,AA,0,0.779,4.36,366.8,1
S9-AA-NOC-washout-dish3-004,AA,0,0.623,7.63,269.4,0
S9-AA-NOC-washout-dish3-004,AA,0,0.637,13.08,227.8,0
S9-AA-NOC-washout-dish3-004,AA,0,0.738,16.35,206.2,0
S9-AA-NOC-washout-dish3-004,AA,0,0.425,4.36,266.6,0
S9-AA-NOC-washout-dish3-004,AA,0,0.869,38.15,162.9,0
S9-AA-NOC-washout-dish3-004,AA,0,0.446,7.63,219.8,1
S9-AA-NOC-washout-dish3-004,AA,0,0.021,4.36,240.0,1
S9-AA-NOC-washout-dish3-004,AA,0,0.462,57.77,204.0,1
S9-AA-NOC-washout-dish3-004,AA,0,0.836,5.45,235.0,0
S9-AA-NOC-washout-dish3-004,AA,0,0.751,6.54,230.9,0
S9-AA-NOC-washout-dish3-004,AA,0,0.115,7.63,271.8,0
S9-AA-NOC-washout-dish3-004,AA,0,0.541,33.79,188.0,0
S9-AA-NOC-washout-dish3-004,AA,0,0.105,6.54,397.6,0
S9-AA-NOC-washout-dish3-004,AA,0,0.86,8.72,239.3,1
S9-AA-NOC-washout-dish3-004,AA,0,0.916,4.36,308.5,0
S9-AA-NOC-washout-dish3-004,AA,0,0.772,18.53,263.5,1
S9-AA-NOC-washout-dish3-004,AA,0,0.499,6.54,278.0,0
S9-AA-NOC-washout-dish3-004,AA,0,0.774,6.54,305.2,0
S9-AA-NOC-washout-dish3-004,AA,0,0.321,7.63,283.7,0
S9-AA-NOC-washout-dish3-004,AA,0,0.889,4.36,273.1,1
S9-AA-NOC-washout-dish3-004,AA,0,0.969,28.34,179.7,0
S9-AA-NOC-washout-dish3-004,AA,0,0.548,17.44,137.8,0
S9-AA-NOC-washout-dish3-004,AA,0,0.39,5.45,180.5,1
S9-AA-NOC-washout-dish3-004,AA,0,0.878,6.54,262.4,0
S9-AA-NOC-washout-dish3-004,AA,0,0.864,22.89,235.1,0
S9-AA-NOC-washout-dish3-004,AA,0,0.846,15.26,283.8,1
S9-AA-NOC-washout-dish3-004,AA,0,0.516,6.54,229.9,1
S9-AA-NOC-washout-dish3-004,AA,0,0.111,16.35,282.0,1
S9-AA-NOC-washout-dish3-004,AA,0,0.245,13.08,299.3,1
S9-AA-NOC-washout-dish3-004,AA,0,0.733,25.07,206.1,0
S9-AA-NOC-washout-dish3-004,AA,0,0.745,23.98,265.9,1
S9-AA-NOC-washout-dish3-004,AA,0,0.17,41.42,133.9,0
S9-AA-NOC-washout-dish3-004,AA,0,0.49,7.63,301.7,0
S9-AA-NOC-washout-dish3-004,AA,0,0.609,16.35,258.3,0
S9-AA-NOC-washout-dish3-004,AA,0,0.381,7.63,417.4,1
S9-AA-NOC-washout-dish3-004,AA,0,0.898,57.77,151.9,1
S9-AA-NOC-washout-dish3-004,AA,0,0.847,4.36,289.2,1
S9-AA-NOC-washout-dish3-004,AA,0,0.334,4.36,204.9,0
S9-AA-NOC-washout-dish3-004,AA,0,0.759,9.81,233.7,1
S9-AA-NOC-washout-dish3-004,AA,0,0.129,21.8,232.4,1
S9-AA-NOC-washout-dish3-004,AA,0,0.668,5.45,223.3,0
S9-AA-NOC-washout-dish3-004,AA,0,0.405,17.44,97.3,0
S9-AA-NOC-washout-dish3-004,AA,0,0.454,7.63,286.4,0
S9-AA-NOC-washout-dish3-004,AA,0,0.527,20.71,231.1,0
S9-AA-NOC-washout-dish3-004,AA,0,0.418,13.08,233.4,1
S9-AA-NOC-washout-dish3-004,AA,0,0.666,15.26,211.8,1
S9-AA-NOC-washout-dish3-004,AA,0,0.839,5.45,217.9,0
S9-AA-NOC-washout-dish3-004,AA,0,0.561,5.45,378.5,1
S9-AA-NOC-washout-dish3-004,AA,0,0.942,6.54,195.6,0
S9-AA-NOC-washout-dish3-004,AA,0,0.204,10.9,352.0,1
S9-AA-NOC-washout-dish3-004,AA,0,0.515,6.54,139.6,1
S9-AA-NOC-washout-dish3-004,AA,0,0.57,10.9,307.8,0
S9-AA-NOC-washout-dish3-004,AA,0,0.512,8.72,290.1,0
S9-AA-NOC-washout-dish3-004,AA,0,0.777,14.17,223.3,0
S9-AA-NOC-washout-dish3-004,AA,0,0.888,8.72,248.7,0
S9-AA-NOC-washout-dish3-004,AA,0,0.47,13.08,285.0,0
S9-AA-NOC-washout-dish3-004,AA,0,0.17,5.45,237.3,1
S9-AA-NOC-washout-dish3-004,AA,0,0.604,5.45,232.5,1
S9-AA-NOC-washout-dish3-004,AA,0,0.444,14.17,263.9,0
S9-AA-NOC-washout-dish3-004,AA,0,0.781,13.08,176.2,0
S9-AA-NOC-washout-dish3-004,AA,0,0.557,18.53,246.8,1
S9-AA-NOC-washout-dish3-004,AA,0,0.791,18.53,240.4,1
S9-AA-NOC-washout-dish3-004,AA,0,0.559,27.25,281.5,0
S9-AA-NOC-washout-dish3-004,AA,0,0.983,8.72,210.8,0
S9-AA-NOC-washout-dish3-004,AA,0,0.962,6.54,263.7,1
S9-AA-NOC-washout-dish3-004,AA,0,0.738,4.36,168.5,1
S9-AA-NOC-washout-dish3-004,AA,0,0.741,46.87,42.6,1
S9-AA-NOC-washout-dish3-004,AA,0,0.811,7.63,168.8,0
S9-AA-NOC-washout-dish3-004,AA,0,0.563,7.63,209.4,0
S9-AA-NOC-washout-dish3-004,AA,0,0.395,23.98,227.3,0
S9-AA-NOC-washout-dish3-004,AA,0,0.255,23.98,152.1,0
S9-AA-NOC-washout-dish3-004,AA,0,0.027,11.99,180.4,0
S9-AA-NOC-washout-dish3-004,AA,0,0.094,4.36,248.8,0
S9-AA-NOC-washout-dish3-004,AA,0,0.471,4.36,268.2,0
S9-AA-NOC-washout-dish3-004,AA,0,0.369,5.45,388.7,0
S9-AA-NOC-washout-dish3-004,AA,0,0.872,34.88,153.2,0
S9-AA-NOC-washout-dish3-004,AA,0,0.258,5.45,423.0,0
S9-AA-NOC-washout-dish3-004,AA,0,0.424,4.36,250.6,1
S9-AA-NOC-washout-dish3-004,AA,0,0.791,5.45,181.8,0
S9-AA-NOC-washout-dish3-004,AA,0,0.385,8.72,177.5,0
S9-AA-NOC-washout-dish3-004,AA,0,0.222,28.34,254.3,1
S9-AA-NOC-washout-dish3-004,AA,0,0.508,11.99,147.9,1
S9-AA-NOC-washout-dish3-004,AA,0,0.669,14.17,153.2,1
S9-AA-NOC-washout-dish3-004,AA,0,0.93,11.99,228.0,1
S9-AA-NOC-washout-dish3-004,AA,0,0.596,8.72,215.4,1
S9-AA-NOC-washout-dish3-004,AA,0,0.846,31.61,142.4,1
S9-AA-NOC-washout-dish3-004,AA,0,0.977,10.9,323.1,1
S9-AA-NOC-washout-dish3-004,AA,0,0.267,4.36,191.0,1
S9-AA-NOC-washout-dish3-004,AA,0,0.898,7.63,121.7,1
S9-AA-NOC-washout-dish3-004,AA,0,0.627,37.06,124.2,0
S9-AA-NOC-washout-dish3-004,AA,0,0.264,17.44,180.3,1
S9-AA-NOC-washout-dish3-004,AA,0,0.553,19.62,208.6,0
S9-AA-NOC-washout-dish3-004,AA,0,0.375,14.17,131.7,1
S9-AA-NOC-washout-dish3-004,AA,0,0.59,32.7,205.0,0
S9-AA-NOC-washout-dish3-004,AA,0,0.163,6.54,364.1,0
S9-AA-NOC-washout-dish3-004,AA,0,0.101,13.08,176.5,0
S9-AA-NOC-washout-dish3-004,AA,0,0.857,6.54,146.3,0
S9-AA-NOC-washout-dish3-004,AA,0,0.244,5.45,304.2,1
S9-AA-NOC-washout-dish3-004,AA,0,0.819,9.81,170.1,0
S9-AA-NOC-washout-dish3-004,AA,0,0.941,17.44,153.7,0
S9-AA-NOC-washout-dish3-004,AA,0,0.339,4.36,191.1,0
S9-AA-NOC-washout-dish3-004,AA,0,0.617,7.63,301.3,1
S9-AA-NOC-washout-dish3-004,AA,0,0.571,8.72,168.7,0
S9-AA-NOC-washout-dish3-004,AA,0,0.649,7.63,233.8,0
S9-AA-NOC-washout-dish3-004,AA,0,0.654,15.26,239.4,0
S9-AA-NOC-washout-dish3-004,AA,0,0.483,7.63,149.3,1
S9-AA-NOC-washout-dish3-004,AA,0,0.954,17.44,217.7,0
S9-AA-NOC-washout-dish3-004,AA,0,0.354,4.36,355.3,0
S9-AA-NOC-washout-dish3-004,AA,0,0.769,4.36,467.8,0
S9-AA-NOC-washout-dish3-004,AA,0,0.874,6.54,352.7,0
S9-AA-NOC-washout-dish3-004,AA,0,0.957,5.45,225.7,1
S9-AA-NOC-washout-dish3-004,AA,0,0.941,9.81,245.5,0
S9-AA-NOC-washout-dish3-004,AA,0,0.907,21.8,185.5,1
S9-AA-NOC-washout-dish3-004,AA,0,0.196,4.36,223.3,0
S9-AA-NOC-washout-dish3-004,AA,0,0.371,4.36,409.3,1
S9-AA-NOC-washout-dish3-004,AA,0,0.292,4.36,307.4,0
S9-AA-NOC-washout-dish3-004,AA,0,0.948,15.26,223.1,0
S9-AA-NOC-washout-dish3-004,AA,0,0.534,6.54,242.6,1
S9-AA-NOC-washout-dish3-004,AA,0,0.986,6.54,210.1,0
S9-AA-NOC-washout-dish3-004,AA,0,0.605,18.53,202.4,0
S9-AA-NOC-washout-dish3-004,AA,0,0.871,6.54,384.1,0
S9-AA-NOC-washout-dish3-004,AA,0,0.319,4.36,222.9,0
S9-AA-NOC-washout-dish3-004,AA,0,0.611,5.45,385.3,1
S9-AA-NOC-washout-dish3-004,AA,0,0.176,6.54,224.6,1
S9-AA-NOC-washout-dish3-004,AA,0,0.915,15.26,248.8,1
S9-AA-NOC-washout-dish3-004,AA,0,0.336,5.45,370.1,1
S9-AA-NOC-washout-dish3-004,AA,0,0.32,19.62,115.9,1
S9-AA-NOC-washout-dish3-004,AA,0,0.693,6.54,185.5,0
S9-AA-NOC-washout-dish3-004,AA,0,0.926,5.45,276.5,1
S9-AA-NOC-washout-dish3-004,AA,0,0.544,6.54,256.7,0
S9-AA-NOC-washout-dish3-004,AA,0,0.793,18.53,215.9,1
S9-AA-NOC-washout-dish3-004,AA,0,0.877,5.45,348.0,0
S9-AA-NOC-washout-dish3-004,AA,0,0.677,11.99,353.0,0
S9-AA-NOC-washout-dish3-004,AA,0,0.861,4.36,252.6,0
S9-AA-NOC-washout-dish3-004,AA,0,0.251,6.54,172.2,1
S9-AA-NOC-washout-dish3-004,AA,0,0.302,18.53,229.5,0
S9-AA-NOC-washout-dish3-004,AA,0,0.337,5.45,422.6,1
S9-AA-NOC-washout-dish3-004,AA,0,0.499,6.54,331.9,0
S9-AA-NOC-washout-dish3-004,AA,0,0.663,16.35,258.6,1
S9-AA-NOC-washout-dish3-004,AA,0,0.291,6.54,375.4,0
S9-AA-NOC-washout-dish3-004,AA,0,0.48,9.81,222.7,0
S9-AA-NOC-washout-dish3-004,AA,0,0.24,20.71,178.3,0
S9-AA-NOC-washout-dish3-004,AA,0,0.705,4.36,283.6,0
S9-AA-NOC-washout-dish3-004,AA,0,0.039,8.72,188.8,0
S9-AA-NOC-washout-dish3-004,AA,0,0.509,4.36,340.5,1
S9-AA-NOC-washout-dish3-004,AA,0,0.26,4.36,293.2,1
S9-AA-NOC-washout-dish3-004,AA,0,0.89,5.45,354.7,0
S9-AA-NOC-washout-dish3-004,AA,0,0.932,4.36,412.1,0
S9-AA-NOC-washout-dish3-004,AA,0,0.486,11.99,242.4,0
S9-AA-NOC-washout-dish3-004,AA,0,0.371,8.72,277.2,0
S9-AA-NOC-washout-dish3-004,AA,0,0.691,15.26,270.6,0
S9-AA-NOC-washout-dish3-004,AA,0,0.689,9.81,192.2,0
S9-AA-NOC-washout-dish3-004,AA,0,0.435,4.36,180.1,1
S9-AA-NOC-washout-dish3-004,AA,0,0.496,7.63,371.7,1
S9-AA-NOC-washout-dish3-004,AA,0,0.503,14.17,215.2,0
S9-AA-NOC-washout-dish3-004,AA,0,0.504,6.54,216.6,0
S9-AA-NOC-washout-dish3-004,AA,0,0.364,13.08,195.8,0
S9-AA-NOC-washout-dish3-004,AA,0,0.405,10.9,285.9,0
S9-AA-NOC-washout-dish3-004,AA,0,0.839,11.99,153.1,1
S9-AA-NOC-washout-dish3-004,AA,0,0.782,11.99,196.3,1
S9-AA-NOC-washout-dish3-004,AA,0,0.212,13.08,82.0,1
S9-AA-NOC-washout-dish3-004,AA,0,0.391,10.9,246.7,1
S9-AA-NOC-washout-dish3-004,AA,0,0.144,6.54,289.1,1
S9-AA-NOC-washout-dish3-004,AA,0,0.517,9.81,349.5,1
S9-AA-NOC-washout-dish3-004,AA,0,0.221,7.63,298.6,0
S9-AA-NOC-washout-dish3-004,AA,0,0.749,7.63,113.3,0
S9-AA-NOC-washout-dish3-004,AA,0,0.918,9.81,224.2,1
S9-AA-NOC-washout-dish3-004,AA,0,0.858,8.72,218.1,0
S9-AA-NOC-washout-dish3-004,AA,0,0.792,4.36,311.0,0
S9-AA-NOC-washout-dish3-004,AA,0,0.703,9.81,162.5,0
S9-AA-NOC-washout-dish3-004,AA,0,0.518,8.72,295.8,0
S9-AA-NOC-washout-dish3-004,AA,0,0.293,6.54,215.1,0
S9-AA-NOC-washout-dish3-004,AA,0,0.391,7.63,217.2,0
S9-AA-NOC-washout-dish3-004,AA,0,0.718,7.63,148.8,1
S9-AA-NOC-washout-dish3-004,AA,0,0.471,8.72,223.8,0
S9-AA-NOC-washout-dish3-004,AA,0,0.657,6.54,203.3,0
S9-AA-NOC-washout-dish3-004,AA,0,0.483,6.54,416.1,1
S9-AA-NOC-washout-dish3-004,AA,0,0.648,4.36,287.9,0
S9-AA-NOC-washout-dish3-004,AA,0,0.878,4.36,235.0,1
S9-AA-NOC-washout-dish3-004,AA,0,0.48,5.45,280.8,1
S9-AA-NOC-washout-dish3-004,AA,0,0.517,4.36,397.6,0
S9-AA-NOC-washout-dish3-004,AA,0,0.087,4.36,177.7,1
S9-AA-NOC-washout-dish3-004,AA,0,0.267,4.36,168.1,0
S9-AA-NOC-washout-dish3-005,AA,0,0.587,7.63,184.5,0
S9-AA-NOC-washout-dish3-005,AA,0,0.865,17.44,294.2,0
S9-AA-NOC-washout-dish3-005,AA,0,0.674,8.72,221.8,1
S9-AA-NOC-washout-dish3-005,AA,0,0.87,43.6,155.0,1
S9-AA-NOC-washout-dish3-005,AA,0,0.119,9.81,293.7,0
S9-AA-NOC-washout-dish3-005,AA,0,0.074,7.63,156.9,0
S9-AA-NOC-washout-dish3-005,AA,0,0.728,35.97,198.5,0
S9-AA-NOC-washout-dish3-005,AA,0,0.432,28.34,176.5,1
S9-AA-NOC-washout-dish3-005,AA,0,0.699,34.88,200.1,1
S9-AA-NOC-washout-dish3-005,AA,0,0.247,14.17,263.3,0
S9-AA-NOC-washout-dish3-005,AA,0,0.696,8.72,269.2,1
S9-AA-NOC-washout-dish3-005,AA,0,0.258,18.53,194.7,1
S9-AA-NOC-washout-dish3-005,AA,0,0.663,20.71,195.2,0
S9-AA-NOC-washout-dish3-005,AA,0,0.816,20.71,170.7,1
S9-AA-NOC-washout-dish3-005,AA,0,0.805,10.9,253.6,0
S9-AA-NOC-washout-dish3-005,AA,0,0.722,14.17,157.9,0
S9-AA-NOC-washout-dish3-005,AA,0,0.49,6.54,287.9,1
S9-AA-NOC-washout-dish3-005,AA,0,0.907,54.5,210.4,1
S9-AA-NOC-washout-dish3-005,AA,0,0.891,33.79,193.8,1
S9-AA-NOC-washout-dish3-005,AA,0,0.342,10.9,234.2,0
S9-AA-NOC-washout-dish3-005,AA,0,0.521,40.33,162.4,1
S9-AA-NOC-washout-dish3-005,AA,0,0.883,5.45,359.6,1
S9-AA-NOC-washout-dish3-005,AA,0,0.616,11.99,197.0,0
S9-AA-NOC-washout-dish3-005,AA,0,0.933,15.26,334.7,0
S9-AA-NOC-washout-dish3-005,AA,0,0.837,77.39,175.5,0
S9-AA-NOC-washout-dish3-005,AA,0,0.763,5.45,218.7,0
S9-AA-NOC-washout-dish3-005,AA,0,0.599,20.71,228.8,1
S9-AA-NOC-washout-dish3-005,AA,0,0.259,5.45,211.7,0
S9-AA-NOC-washout-dish3-005,AA,0,0.836,5.45,349.8,1
S9-AA-NOC-washout-dish3-005,AA,0,0.203,8.72,233.4,1
S9-AA-NOC-washout-dish3-005,AA,0,0.382,4.36,315.9,0
S9-AA-NOC-washout-dish3-005,AA,0,0.294,9.81,255.5,0
S9-AA-NOC-washout-dish3-005,AA,0,0.276,4.36,254.3,1
S9-AA-NOC-washout-dish3-005,AA,0,0.469,7.63,253.3,1
S9-AA-NOC-washout-dish3-005,AA,0,0.476,34.88,318.3,1
S9-AA-NOC-washout-dish3-005,AA,0,0.716,14.17,296.6,1
S9-AA-NOC-washout-dish3-005,AA,0,0.799,11.99,375.8,0
S9-AA-NOC-washout-dish3-005,AA,0,0.39,11.99,258.8,1
S9-AA-NOC-washout-dish3-005,AA,0,0.338,4.36,436.8,0
S9-AA-NOC-washout-dish3-005,AA,0,0.338,5.45,294.7,0
S9-AA-NOC-washout-dish3-005,AA,0,0.208,21.8,173.3,0
S9-AA-NOC-washout-dish3-005,AA,0,0.971,5.45,267.8,0
S9-AA-NOC-washout-dish3-005,AA,0,0.83,4.36,188.4,0
S9-AA-NOC-washout-dish3-005,AA,0,0.62,7.63,284.7,1
S9-AA-NOC-washout-dish3-005,AA,0,0.504,4.36,179.8,0
S9-AA-NOC-washout-dish3-005,AA,0,0.31,4.36,170.5,0
S9-AA-NOC-washout-dish3-005,AA,0,0.575,4.36,236.9,0
S9-AA-NOC-washout-dish3-005,AA,0,0.336,14.17,194.6,1
S9-AA-NOC-washout-dish3-005,AA,0,0.378,15.26,306.7,0
S9-AA-NOC-washout-dish3-005,AA,0,0.724,4.36,260.0,1
S9-AA-NOC-washout-dish3-005,AA,0,0.477,7.63,182.7,0
S9-AA-NOC-washout-dish3-005,AA,0,0.444,21.8,233.3,1
S9-AA-NOC-washout-dish3-005,AA,0,0.638,10.9,169.4,0
S9-AA-NOC-washout-dish3-005,AA,0,0.929,7.63,201.3,1
S9-AA-NOC-washout-dish3-005,AA,0,0.749,4.36,296.1,0
S9-AA-NOC-washout-dish3-005,AA,0,0.173,31.61,232.0,1
S9-AA-NOC-washout-dish3-005,AA,0,0.436,4.36,275.4,0
S9-AA-NOC-washout-dish3-005,AA,0,0.316,31.61,147.6,1
S9-AA-NOC-washout-dish3-005,AA,0,0.471,7.63,289.3,0
S9-AA-NOC-washout-dish3-005,AA,0,0.598,7.63,246.5,0
S9-AA-NOC-washout-dish3-005,AA,0,0.277,4.36,180.9,0
S9-AA-NOC-washout-dish3-005,AA,0,0.658,4.36,417.9,0
S9-AA-NOC-washout-dish3-005,AA,0,0.522,21.8,249.0,0
S9-AA-NOC-washout-dish3-005,AA,0,0.322,10.9,249.2,0
S9-AA-NOC-washout-dish3-005,AA,0,0.837,23.98,231.0,0
S9-AA-NOC-washout-dish3-005,AA,0,0.769,46.87,211.4,0
S9-AA-NOC-washout-dish3-005,AA,0,0.679,4.36,302.8,1
S9-AA-NOC-washout-dish3-005,AA,0,0.765,54.5,198.9,1
S9-AA-NOC-washout-dish3-005,AA,0,0.801,13.08,226.6,0
S9-AA-NOC-washout-dish3-005,AA,0,0.953,7.63,239.7,0
S9-AA-NOC-washout-dish3-005,AA,0,0.083,7.63,305.8,1
S9-AA-NOC-washout-dish3-005,AA,0,0.533,4.36,338.9,1
S9-AA-NOC-washout-dish3-005,AA,0,0.244,4.36,336.8,1
S9-AA-NOC-washout-dish3-005,AA,0,0.244,13.08,238.3,0
S9-AA-NOC-washout-dish3-005,AA,0,0.29,47.96,164.7,0
S9-AA-NOC-washout-dish3-005,AA,0,0.372,21.8,196.5,1
S9-AA-NOC-washout-dish3-005,AA,0,0.875,30.52,225.5,0
S9-AA-NOC-washout-dish3-005,AA,0,0.577,20.71,289.7,1
S9-AA-NOC-washout-dish3-005,AA,0,0.748,44.69,264.2,1
S9-AA-NOC-washout-dish3-005,AA,0,0.676,20.71,306.5,1
S9-AA-NOC-washout-dish3-005,AA,0,0.796,5.45,322.4,0
S9-AA-NOC-washout-dish3-005,AA,0,0.363,4.36,366.6,1
S9-AA-NOC-washout-dish3-005,AA,0,0.319,9.81,377.1,1
S9-AA-NOC-washout-dish3-005,AA,0,0.647,20.71,288.2,1
S9-AA-NOC-washout-dish3-005,AA,0,0.402,29.43,171.2,0
S9-AA-NOC-washout-dish3-005,AA,0,0.599,10.9,307.6,0
S9-AA-NOC-washout-dish3-005,AA,0,0.562,25.07,250.0,0
S9-AA-NOC-washout-dish3-005,AA,0,0.876,8.72,232.6,1
S9-AA-NOC-washout-dish3-005,AA,0,0.669,5.45,189.9,1
S9-AA-NOC-washout-dish3-005,AA,0,0.745,6.54,206.2,0
S9-AA-NOC-washout-dish3-005,AA,0,0.915,18.53,233.0,1
S9-AA-NOC-washout-dish3-005,AA,0,0.577,14.17,227.2,1
S9-AA-NOC-washout-dish3-005,AA,0,0.34,7.63,215.1,1
S9-AA-NOC-washout-dish3-005,AA,0,0.684,11.99,241.9,1
S9-AA-NOC-washout-dish3-005,AA,0,0.71,17.44,193.2,1
S9-AA-NOC-washout-dish3-005,AA,0,0.228,10.9,369.8,1
S9-AA-NOC-washout-dish3-005,AA,0,0.817,9.81,301.6,1
S9-AA-NOC-washout-dish3-005,AA,0,0.38,5.45,236.2,1
S9-AA-NOC-washout-dish3-005,AA,0,0.396,15.26,263.2,0
S9-AA-NOC-washout-dish3-005,AA,0,0.771,6.54,157.6,1
S9-AA-NOC-washout-dish3-005,AA,0,0.064,59.95,172.1,1
S9-AA-NOC-washout-dish3-005,AA,0,0.305,4.36,302.3,0
S9-AA-NOC-washout-dish3-005,AA,0,0.283,11.99,211.2,0
S9-AA-NOC-washout-dish3-005,AA,0,0.102,25.07,294.5,0
S9-AA-NOC-washout-dish3-005,AA,0,0.535,7.63,278.8,0
S9-AA-NOC-washout-dish3-005,AA,0,0.741,7.63,334.0,0
S9-AA-NOC-washout-dish3-005,AA,0,0.777,15.26,285.5,1
S9-AA-NOC-washout-dish3-005,AA,0,0.137,17.44,328.3,1
S9-AA-NOC-washout-dish3-005,AA,0,0.404,21.8,265.5,0
S9-AA-NOC-washout-dish3-005,AA,0,0.478,6.54,222.0,1
S9-AA-NOC-washout-dish3-005,AA,0,0.509,7.63,207.6,1
S9-AA-NOC-washout-dish3-005,AA,0,0.362,5.45,214.2,1
S9-AA-NOC-washout-dish3-005,AA,0,0.327,6.54,400.3,1
S9-AA-NOC-washout-dish3-005,AA,0,0.126,4.36,235.4,1
S9-AA-NOC-washout-dish3-005,AA,0,0.317,11.99,316.1,0
S9-AA-NOC-washout-dish3-005,AA,0,0.121,5.45,240.9,0
S9-AA-NOC-washout-dish3-005,AA,0,0.465,15.26,267.3,0
S9-AA-NOC-washout-dish3-005,AA,0,0.234,8.72,269.9,1
S9-AA-NOC-washout-dish3-005,AA,0,0.922,22.89,203.7,0
S9-AA-NOC-washout-dish3-005,AA,0,0.566,6.54,285.3,0
S9-AA-NOC-washout-dish3-005,AA,0,0.509,6.54,327.3,1
S9-AA-NOC-washout-dish3-005,AA,0,0.539,7.63,125.3,1
S9-AA-NOC-washout-dish3-005,AA,0,0.842,5.45,321.2,1
S9-AA-NOC-washout-dish3-005,AA,0,0.756,5.45,379.5,1
S9-AA-NOC-washout-dish3-005,AA,0,0.289,11.99,181.9,0
S9-AA-NOC-washout-dish3-005,AA,0,0.54,31.61,192.0,1
S9-AA-NOC-washout-dish3-005,AA,0,0.36,6.54,415.1,1
S9-AA-NOC-washout-dish3-005,AA,0,0.43,7.63,291.0,0
S9-AA-NOC-washout-dish3-005,AA,0,0.764,13.08,252.0,0
S9-AA-NOC-washout-dish3-005,AA,0,0.403,9.81,201.0,1
S9-AA-NOC-washout-dish3-005,AA,0,0.271,5.45,232.9,0
S9-AA-NOC-washout-dish3-005,AA,0,0.51,4.36,118.4,0
S9-AA-NOC-washout-dish3-005,AA,0,0.733,53.41,189.9,1
S9-AA-NOC-washout-dish3-005,AA,0,0.42,17.44,201.1,0
S9-AA-NOC-washout-dish3-005,AA,0,0.06,7.63,162.1,0
S9-AA-NOC-washout-dish3-005,AA,0,0.045,6.54,201.2,1
S9-AA-NOC-washout-dish3-005,AA,0,0.201,10.9,306.9,0
S9-AA-NOC-washout-dish3-005,AA,0,0.103,13.08,283.1,0
S9-AA-NOC-washout-dish3-005,AA,0,0.51,8.72,371.3,0
S9-AA-NOC-washout-dish3-005,AA,0,0.626,10.9,182.6,1
S9-AA-NOC-washout-dish3-005,AA,0,0.736,14.17,276.9,1
S9-AA-NOC-washout-dish3-005,AA,0,0.335,4.36,216.0,1
S9-AA-NOC-washout-dish3-005,AA,0,0.807,45.78,226.0,0
S9-AA-NOC-washout-dish3-005,AA,0,0.489,39.24,258.1,0
S9-AA-NOC-washout-dish3-005,AA,0,0.802,39.24,110.6,0
S9-AA-NOC-washout-dish3-005,AA,0,0.623,6.54,404.9,0
S9-AA-NOC-washout-dish3-005,AA,0,0.606,4.36,274.7,0
S9-AA-NOC-washout-dish3-005,AA,0,0.363,4.36,330.7,0
S9-AA-NOC-washout-dish3-005,AA,0,0.458,15.26,268.3,0
S9-AA-NOC-washout-dish3-005,AA,0,0.868,17.44,232.6,1
S9-AA-NOC-washout-dish3-005,AA,0,0.74,25.07,221.4,1
S9-AA-NOC-washout-dish3-005,AA,0,0.047,5.45,233.2,0
S9-AA-NOC-washout-dish3-005,AA,0,0.297,8.72,179.5,1
S9-AA-NOC-washout-dish3-005,AA,0,0.39,6.54,193.7,1
S9-AA-NOC-washout-dish3-005,AA,0,0.344,5.45,305.6,0
S9-AA-NOC-washout-dish3-005,AA,0,0.931,4.36,343.7,1
S9-AA-NOC-washout-dish3-005,AA,0,0.659,7.63,261.9,0
S9-AA-NOC-washout-dish3-005,AA,0,0.907,20.71,255.1,0
S9-AA-NOC-washout-dish3-005,AA,0,0.242,8.72,162.8,0
S9-AA-NOC-washout-dish3-005,AA,0,0.666,4.36,218.1,1
S9-AA-NOC-washout-dish3-005,AA,0,0.559,11.99,194.2,1
S9-AA-NOC-washout-dish3-005,AA,0,0.692,6.54,393.6,0
S9-AA-NOC-washout-dish3-005,AA,0,0.333,7.63,209.5,1
S9-AA-NOC-washout-dish3-005,AA,0,0.637,5.45,205.5,0
S9-AA-NOC-washout-dish3-005,AA,0,0.079,4.36,354.7,1
S9-AA-NOC-washout-dish3-005,AA,0,0.906,33.79,184.6,1
S9-AA-NOC-washout-dish3-005,AA,0,0.023,4.36,282.7,1
S9-AA-NOC-washout-dish3-005,AA,0,0.217,8.72,244.4,1
S9-AA-NOC-washout-dish3-005,AA,0,0.519,5.45,225.1,1
S9-AA-NOC-washout-dish3-005,AA,0,0.169,19.62,148.0,0
S9-AA-NOC-washout-dish3-005,AA,0,0.545,15.26,247.8,0
S9-AA-NOC-washout-dish3-005,AA,0,0.306,4.36,314.1,0
S9-AA-NOC-washout-dish3-005,AA,0,0.743,10.9,275.2,0
S9-AA-NOC-washout-dish3-005,AA,0,0.548,11.99,300.6,0
S9-AA-NOC-washout-dish3-005,AA,0,0.142,9.81,334.3,1
S9-AA-NOC-washout-dish3-005,AA,0,0.479,16.35,198.9,0
S9-AA-NOC-washout-dish3-005,AA,0,0.792,5.45,287.2,1
S9-AA-NOC-washout-dish3-005,AA,0,0.501,16.35,172.0,0
S9-AA-NOC-washout-dish3-005,AA,0,0.386,4.36,415.1,0
S9-AA-NOC-washout-dish3-005,AA,0,0.583,6.54,327.6,0
S9-AA-NOC-washout-dish3-005,AA,0,0.302,6.54,226.0,1
S9-AA-NOC-washout-dish3-005,AA,0,0.391,19.62,235.9,0
S9-AA-NOC-washout-dish3-005,AA,0,0.88,41.42,262.9,0
S9-AA-NOC-washout-dish3-005,AA,0,0.59,30.52,243.5,0
S9-AA-NOC-washout-dish3-005,AA,0,0.371,29.43,256.0,0
S9-AA-NOC-washout-dish3-005,AA,0,0.159,7.63,291.6,1
S9-AA-NOC-washout-dish3-005,AA,0,0.436,16.35,226.5,1
S9-AA-NOC-washout-dish3-005,AA,0,0.472,4.36,328.4,0
S9-AA-NOC-washout-dish3-005,AA,0,0.096,14.17,284.0,0
S9-AA-NOC-washout-dish3-005,AA,0,0.718,17.44,186.3,1
S9-AA-NOC-washout-dish3-005,AA,0,0.922,22.89,228.8,0
S9-AA-NOC-washout-dish3-005,AA,0,0.605,7.63,150.7,0
S9-AA-NOC-washout-dish3-005,AA,0,0.151,4.36,328.8,1
S9-AA-NOC-washout-dish3-005,AA,0,0.581,16.35,198.5,1
S9-AA-NOC-washout-dish3-005,AA,0,0.175,43.6,120.5,0
S9-AA-NOC-washout-dish3-005,AA,0,0.354,46.87,165.9,1
S9-AA-NOC-washout-dish3-005,AA,0,0.802,40.33,251.2,1
S9-AA-NOC-washout-dish3-005,AA,0,0.723,20.71,297.9,1
S9-AA-NOC-washout-dish3-005,AA,0,0.608,5.45,165.9,1
S9-AA-NOC-washout-dish3-005,AA,0,0.215,8.72,322.3,0
S9-AA-NOC-washout-dish3-005,AA,0,0.371,4.36,332.6,0
S9-AA-NOC-washout-dish3-005,AA,0,0.861,4.36,163.1,1
S9-AA-NOC-washout-dish3-005,AA,0,0.514,43.6,211.6,1
S9-AA-NOC-washout-dish3-005,AA,0,0.231,4.36,297.4,1
S9-AA-NOC-washout-dish3-005,AA,0,0.6,15.26,221.6,0
S9-AA-NOC-washout-dish3-005,AA,0,0.316,25.07,325.7,1
S9-AA-NOC-washout-dish3-005,AA,0,0.583,5.45,171.1,1
S9-AA-NOC-washout-dish3-005,AA,0,0.595,8.72,370.2,0
S9-AA-NOC-washout-dish3-005,AA,0,0.788,32.7,162.4,0
S9-AA-NOC-washout-dish3-005,AA,0,0.108,6.54,216.1,1
S9-AA-NOC-washout-dish3-005,AA,0,0.74,21.8,261.1,0
S9-AA-NOC-washout-dish3-005,AA,0,0.052,5.45,297.7,0
S9-AA-NOC-washout-dish3-005,AA,0,0.353,7.63,196.5,0
S9-AA-NOC-washout-dish3-005,AA,0,0.809,18.53,170.8,0
S9-AA-NOC-washout-dish3-005,AA,0,0.6,13.08,243.3,1
S9-AA-NOC-washout-dish3-005,AA,0,0.57,19.62,173.6,0
S9-AA-NOC-washout-dish3-005,AA,0,0.688,32.7,170.7,1
S9-AA-NOC-washout-dish3-005,AA,0,0.588,5.45,218.5,0
S9-AA-NOC-washout-dish3-005,AA,0,0.168,21.8,273.7,1
S9-AA-NOC-washout-dish3-005,AA,0,0.644,15.26,234.5,0
S9-AA-NOC-washout-dish3-005,AA,0,0.909,8.72,287.8,0
S9-AA-NOC-washout-dish3-005,AA,0,0.746,52.32,178.0,1
S9-AA-NOC-washout-dish3-005,AA,0,0.097,5.45,243.2,1
S9-AA-NOC-washout-dish3-005,AA,0,0.739,54.5,103.2,0
S9-AA-NOC-washout-dish3-005,AA,0,0.747,16.35,240.0,1
S9-AA-NOC-washout-dish3-005,AA,0,0.142,5.45,290.2,1
S9-AA-NOC-washout-dish3-005,AA,0,0.382,6.54,340.9,0
S9-AA-NOC-washout-dish3-005,AA,0,0.584,7.63,356.2,0
S9-AA-NOC-washout-dish3-005,AA,0,0.403,37.06,174.2,0
S9-AA-NOC-washout-dish3-005,AA,0,0.692,7.63,187.9,1
S9-AA-NOC-washout-dish3-005,AA,0,0.18,8.72,255.5,0
S9-AA-NOC-washout-dish3-005,AA,0,0.293,4.36,254.1,1
S9-AA-NOC-washout-dish3-005,AA,0,0.619,5.45,304.4,0
S9-AA-NOC-washout-dish3-005,AA,0,0.311,8.72,308.9,1
S9-AA-NOC-washout-dish3-005,AA,0,0.564,13.08,312.5,0
S9-AA-NOC-washout-dish3-005,AA,0,0.942,29.43,188.6,0
S9-AA-NOC-washout-dish3-005,AA,0,0.428,6.54,272.8,0
S9-AA-NOC-washout-dish3-005,AA,0,0.166,5.45,358.5,1
S9-AA-NOC-washout-dish3-005,AA,0,0.551,9.81,243.5,1
S9-AA-NOC-washout-dish3-005,AA,0,0.118,13.08,184.4,0
S9-AA-NOC-washout-dish3-005,AA,0,0.247,5.45,251.7,0
S9-AA-NOC-washout-dish3-005,AA,0,0.338,5.45,241.4,1
S9-AA-NOC-washout-dish3-005,AA,0,0.934,19.62,115.4,0
S9-AA-NOC-washout-dish3-005,AA,0,0.441,7.63,227.5,1
S9-AA-NOC-washout-dish3-005,AA,0,0.549,11.99,257.2,0
S9-AA-NOC-washout-dish3-005,AA,0,0.205,6.54,183.6,0
S9-AA-NOC-washout-dish3-005,AA,0,0.444,9.81,261.4,0
S9-AA-NOC-washout-dish3-005,AA,0,0.613,4.36,317.5,1
S9-AA-NOC-washout-dish3-005,AA,0,0.017,16.35,197.1,0
S9-AA-NOC-washout-dish3-005,AA,0,0.105,8.72,180.7,0
S9-AA-NOC-washout-dish3-005,AA,0,0.621,32.7,229.7,0
S9-AA-NOC-washout-dish3-005,AA,0,0.363,7.63,173.2,1
S9-AA-NOC-washout-dish3-005,AA,0,0.889,37.06,216.0,0
S9-AA-NOC-washout-dish3-005,AA,0,0.532,26.16,204.3,1
S9-AA-NOC-washout-dish3-005,AA,0,0.382,28.34,314.5,1
S9-AA-NOC-washout-dish3-005,AA,0,0.592,7.63,215.7,0
S9-AA-NOC-washout-dish3-005,AA,0,0.989,9.81,243.3,1
S9-AA-NOC-washout-dish3-005,AA,0,0.639,6.54,360.1,0
S9-AA-NOC-washout-dish3-005,AA,0,0.566,8.72,277.2,0
S9-AA-NOC-washout-dish3-005,AA,0,0.559,4.36,182.3,1
S9-AA-NOC-washout-dish3-005,AA,0,0.104,15.26,282.8,0
S9-AA-NOC-washout-dish3-005,AA,0,0.68,7.63,244.6,1
S9-AA-NOC-washout-dish3-005,AA,0,0.841,10.9,193.7,0
S9-AA-NOC-washout-dish3-005,AA,0,0.024,6.54,169.3,1
S9-AA-NOC-washout-dish3-005,AA,0,0.627,10.9,272.7,1
S9-AA-NOC-washout-dish3-005,AA,0,0.361,5.45,239.7,0
S9-AA-NOC-washout-dish3-005,AA,0,0.401,4.36,214.0,0
S9-AA-NOC-washout-dish3-005,AA,0,0.709,4.36,185.1,1
S9-AA-NOC-washout-dish3-005,AA,0,0.41,15.26,175.0,0
S9-AA-NOC-washout-dish3-005,AA,0,0.744,5.45,183.6,1
S9-AA-NOC-washout-dish3-005,AA,0,0.545,4.36,494.4,0
S9-AA-NOC-washout-dish3-005,AA,0,0.752,4.36,323.6,1
S9-AA-NOC-washout-dish3-005,AA,0,0.048,29.43,219.2,1
S9-AA-NOC-washout-dish3-005,AA,0,0.348,9.81,316.5,0
S9-AA-NOC-washout-dish3-005,AA,0,0.952,6.54,340.9,1
S9-AA-NOC-washout-dish3-005,AA,0,0.954,25.07,202.9,0
S9-AA-NOC-washout-dish3-005,AA,0,0.365,8.72,320.6,1
S9-AA-NOC-washout-dish3-005,AA,0,0.481,17.44,281.7,1
S9-AA-NOC-washout-dish3-005,AA,0,0.698,5.45,324.5,0
S9-AA-NOC-washout-dish3-005,AA,0,0.966,4.36,449.1,0
S9-AA-NOC-washout-dish3-005,AA,0,0.733,6.54,302.6,0
S9-AA-NOC-washout-dish3-005,AA,0,0.528,8.72,222.7,0
S9-AA-NOC-washout-dish3-005,AA,0,0.737,11.99,315.4,1
S9-AA-NOC-washout-dish3-005,AA,0,0.817,7.63,270.3,0
S9-AA-NOC-washout-dish3-005,AA,0,0.705,5.45,363.2,0
S9-AA-NOC-washout-dish3-005,AA,0,0.579,8.72,136.6,0
S9-AA-NOC-washout-dish3-005,AA,0,0.131,16.35,253.3,1
S9-AA-NOC-washout-dish3-005,AA,0,0.256,9.81,333.7,0
S9-AA-NOC-washout-dish3-005,AA,0,0.679,22.89,220.0,1
S9-AA-NOC-washout-dish3-005,AA,0,0.31,21.8,294.3,0
S9-AA-NOC-washout-dish3-005,AA,0,0.841,13.08,170.6,1
S9-AA-NOC-washout-dish3-005,AA,0,0.647,25.07,229.8,1
S9-AA-NOC-washout-dish3-005,AA,0,0.771,11.99,269.6,0
S9-AA-NOC-washout-dish3-005,AA,0,0.334,6.54,333.6,1
S9-AA-NOC-washout-dish3-005,AA,0,0.514,5.45,244.5,1
S9-AA-NOC-washout-dish3-005,AA,0,0.876,20.71,157.0,0
S9-AA-NOC-washout-dish3-005,AA,0,0.216,7.63,266.3,0
S9-AA-NOC-washout-dish3-005,AA,0,0.468,4.36,249.6,1
S9-AA-NOC-washout-dish3-005,AA,0,0.531,19.62,201.8,1
S9-AA-NOC-washout-dish3-005,AA,0,0.933,5.45,375.2,1
S9-AA-NOC-washout-dish3-005,AA,0,0.968,17.44,184.1,0
S9-AA-NOC-washout-dish3-005,AA,0,0.935,6.54,281.8,0
S9-AA-NOC-washout-dish3-005,AA,0,0.065,8.72,208.7,0
S9-AA-NOC-washout-dish3-005,AA,0,0.323,17.44,143.8,1
S9-AA-NOC-washout-dish3-005,AA,0,0.561,5.45,463.7,1
S9-AA-NOC-washout-dish3-005,AA,0,0.528,9.81,371.4,0
S9-AA-NOC-washout-dish3-005,AA,0,0.899,4.36,137.4,1
S9-AA-NOC-washout-dish3-005,AA,0,0.157,4.36,181.9,0
S9-AA-NOC-washout-dish3-005,AA,0,0.605,11.99,262.4,0
S9-AA-NOC-washout-dish3-005,AA,0,0.102,13.08,223.9,1
S9-AA-NOC-washout-dish3-005,AA,0,0.375,8.72,297.4,1
S9-AA-NOC-washout-dish3-005,AA,0,0.451,13.08,184.0,1
S9-AA-NOC-washout-dish3-005,AA,0,0.035,13.08,244.5,0
S9-AA-NOC-washout-dish3-005,AA,0,0.687,4.36,285.1,1
S9-AA-NOC-washout-dish3-005,AA,0,0.766,9.81,272.6,0
S9-AA-NOC-washout-dish3-005,AA,0,0.875,13.08,231.5,0
S9-AA-NOC-washout-dish3-005,AA,0,0.238,9.81,156.6,0
S9-AA-NOC-washout-dish3-005,AA,0,0.296,8.72,315.2,1
S9-AA-NOC-washout-dish3-005,AA,0,0.962,9.81,231.3,0
S9-AA-NOC-washout-dish3-005,AA,0,0.8,4.36,282.0,0
S9-AA-NOC-washout-dish3-005,AA,0,0.206,4.36,251.4,0
S9-AA-NOC-washout-dish3-005,AA,0,0.134,9.81,332.8,1
S9-AA-NOC-washout-dish3-005,AA,0,0.42,6.54,294.2,0
S9-AA-NOC-washout-dish3-005,AA,0,0.159,8.72,295.7,1
S9-AA-NOC-washout-dish3-005,AA,0,0.429,4.36,370.2,1
S9-AA-NOC-washout-dish3-005,AA,0,0.78,7.63,240.4,0
S9-AA-NOC-washout-dish3-005,AA,0,0.974,7.63,178.0,1
S9-AA-NOC-washout-dish3-005,AA,0,0.539,8.72,241.8,0
S9-AA-NOC-washout-dish3-005,AA,0,0.853,5.45,223.8,1
S9-AA-NOC-washout-dish3-005,AA,0,0.666,7.63,156.6,0
S9-AA-NOC-washout-dish3-005,AA,0,0.751,6.54,263.6,0
S9-AA-NOC-washout-dish3-005,AA,0,0.755,7.63,198.7,0
S9-AA-NOC-washout-dish3-005,AA,0,0.488,5.45,191.6,0
S9-AA-NOC-washout-dish3-005,AA,0,0.792,4.36,378.1,0
S9-AA-NOC-washout-dish3-005,AA,1,0.404,13.08,172.9,0
S9-AA-NOC-washout-dish3-005,AA,1,0.499,44.69,139.1,0
S9-AA-NOC-washout-dish3-005,AA,1,0.522,15.26,287.9,0
S9-AA-NOC-washout-dish3-005,AA,1,0.359,16.35,326.0,0
S9-AA-NOC-washout-dish3-005,AA,1,0.773,19.62,179.0,0
S9-AA-NOC-washout-dish3-005,AA,1,0.427,17.44,268.5,0
S9-AA-NOC-washout-dish3-005,AA,1,0.895,15.26,116.4,1
S9-AA-NOC-washout-dish3-005,AA,1,0.546,7.63,272.1,0
S9-AA-NOC-washout-dish3-005,AA,1,0.847,25.07,209.4,1
S9-AA-NOC-washout-dish3-005,AA,1,0.835,90.47,178.2,0
S9-AA-NOC-washout-dish3-005,AA,1,0.852,20.71,326.6,1
S9-AA-NOC-washout-dish3-005,AA,1,0.295,29.43,209.3,1
S9-AA-NOC-washout-dish3-005,AA,1,0.82,5.45,208.4,0
S9-AA-NOC-washout-dish3-005,AA,1,0.453,6.54,215.0,0
S9-AA-NOC-washout-dish3-005,AA,1,0.745,15.26,366.4,0
S9-AA-NOC-washout-dish3-005,AA,1,0.697,14.17,312.3,1
S9-AA-NOC-washout-dish3-005,AA,1,0.38,4.36,228.2,0
S9-AA-NOC-washout-dish3-005,AA,1,0.744,15.26,292.0,0
S9-AA-NOC-washout-dish3-005,AA,1,0.287,4.36,301.6,1
S9-AA-NOC-washout-dish3-005,AA,1,0.266,16.35,272.1,0
S9-AA-NOC-washout-dish3-005,AA,1,0.752,4.36,281.7,1
S9-AA-NOC-washout-dish3-005,AA,1,0.834,25.07,252.8,1
S9-AA-NOC-washout-dish3-005,AA,1,0.712,13.08,265.8,0
S9-AA-NOC-washout-dish3-005,AA,1,0.96,25.07,182.0,0
S9-AA-NOC-washout-dish3-005,AA,1,0.809,25.07,210.2,1
S9-AA-NOC-washout-dish3-005,AA,1,0.55,10.9,272.3,0
S9-AA-NOC-washout-dish3-005,AA,1,0.977,26.16,169.5,1
S9-AA-NOC-washout-dish3-005,AA,1,0.87,25.07,202.2,1
S9-AA-NOC-washout-dish3-005,AA,1,0.976,18.53,289.8,0
S9-AA-NOC-washout-dish3-005,AA,1,0.328,32.7,149.7,1
S9-AA-NOC-washout-dish3-005,AA,1,0.739,5.45,268.8,1
S9-AA-NOC-washout-dish3-005,AA,1,0.392,25.07,176.9,0
S9-AA-NOC-washout-dish3-005,AA,1,0.975,6.54,230.4,0
S9-AA-NOC-washout-dish3-005,AA,1,0.862,7.63,168.3,0
S9-AA-NOC-washout-dish3-005,AA,1,0.135,5.45,213.9,0
S9-AA-NOC-washout-dish3-005,AA,1,0.496,8.72,291.7,0
S9-AA-NOC-washout-dish3-005,AA,1,0.418,10.9,256.1,0
S9-AA-NOC-washout-dish3-005,AA,1,0.399,39.24,229.9,0
S9-AA-NOC-washout-dish3-005,AA,1,0.367,9.81,337.4,1
S9-AA-NOC-washout-dish3-005,AA,1,0.132,9.81,227.5,1
S9-AA-NOC-washout-dish3-005,AA,1,0.619,9.81,289.1,0
S9-AA-NOC-washout-dish3-005,AA,1,0.623,5.45,201.2,0
S9-AA-NOC-washout-dish3-005,AA,1,0.979,94.83,133.0,1
S9-AA-NOC-washout-dish3-005,AA,1,0.753,27.25,174.0,0
S9-AA-NOC-washout-dish3-005,AA,1,0.702,13.08,282.4,0
S9-AA-NOC-washout-dish3-005,AA,1,0.291,6.54,350.8,0
S9-AA-NOC-washout-dish3-005,AA,1,0.234,4.36,276.5,0
S9-AA-NOC-washout-dish3-005,AA,1,0.046,51.23,236.6,1
S9-AA-NOC-washout-dish3-005,AA,1,0.554,6.54,269.0,0
S9-AA-NOC-washout-dish3-005,AA,1,0.23,19.62,237.6,0
S9-AA-NOC-washout-dish3-005,AA,1,0.67,16.35,324.7,1
S9-AA-NOC-washout-dish3-005,AA,1,0.333,10.9,260.9,0
S9-AA-NOC-washout-dish3-005,AA,1,0.37,7.63,216.6,0
S9-AA-NOC-washout-dish3-005,AA,1,0.081,8.72,313.5,0
S9-AA-NOC-washout-dish3-005,AA,1,0.349,4.36,312.5,1
S9-AA-NOC-washout-dish3-005,AA,1,0.305,30.52,233.1,0
S9-AA-NOC-washout-dish3-005,AA,1,0.145,19.62,164.7,1
S9-AA-NOC-washout-dish3-005,AA,1,0.248,7.63,251.4,1
S9-AA-NOC-washout-dish3-005,AA,1,0.062,10.9,136.6,0
S9-AA-NOC-washout-dish3-005,AA,1,0.256,5.45,334.6,1
S9-AA-NOC-washout-dish3-005,AA,1,0.464,5.45,250.9,0
S9-AA-NOC-washout-dish3-005,AA,1,0.298,15.26,307.8,0
S9-AA-NOC-washout-dish3-005,AA,1,0.463,5.45,251.8,0
S9-AA-NOC-washout-dish3-005,AA,1,0.921,29.43,173.5,0
S9-AA-NOC-washout-dish3-005,AA,1,0.182,4.36,234.9,0
S9-AA-NOC-washout-dish3-005,AA,1,0.216,44.69,170.9,0
S9-AA-NOC-washout-dish3-005,AA,1,0.399,9.81,196.2,0
S9-AA-NOC-washout-dish3-005,AA,1,0.918,7.63,290.7,0
S9-AA-NOC-washout-dish3-005,AA,1,0.919,47.96,113.4,0
S9-AA-NOC-washout-dish3-005,AA,1,0.666,16.35,185.8,1
S9-AA-NOC-washout-dish3-005,AA,1,0.502,6.54,358.7,0
S9-AA-NOC-washout-dish3-005,AA,1,0.631,8.72,237.8,0
S9-AA-NOC-washout-dish3-005,AA,1,0.477,4.36,333.0,0
S9-AA-NOC-washout-dish3-005,AA,1,0.477,10.9,222.6,0
S9-AA-NOC-washout-dish3-005,AA,1,0.753,7.63,217.2,1
S9-AA-NOC-washout-dish3-005,AA,1,0.086,5.45,367.4,1
S9-AA-NOC-washout-dish3-005,AA,1,0.027,14.17,309.6,1
S9-AA-NOC-washout-dish3-005,AA,1,0.446,11.99,189.1,0
S9-AA-NOC-washout-dish3-005,AA,1,0.169,11.99,182.8,1
S9-AA-NOC-washout-dish3-005,AA,1,0.707,41.42,270.0,0
S9-AA-NOC-washout-dish3-005,AA,1,0.258,6.54,246.3,0
S9-AA-NOC-washout-dish3-005,AA,1,0.305,5.45,304.2,1
S9-AA-NOC-washout-dish3-005,AA,1,0.152,4.36,299.7,0
S9-AA-NOC-washout-dish3-005,AA,1,0.541,13.08,225.8,1
S9-AA-NOC-washout-dish3-005,AA,1,0.902,7.63,219.0,0
S9-AA-NOC-washout-dish3-005,AA,1,0.974,32.7,229.2,1
S9-AA-NOC-washout-dish3-005,AA,1,0.201,5.45,420.2,0
S9-AA-NOC-washout-dish3-005,AA,1,0.665,9.81,228.8,1
S9-AA-NOC-washout-dish3-005,AA,1,0.638,14.17,293.4,0
S9-AA-NOC-washout-dish3-005,AA,1,0.756,25.07,238.0,0
S9-AA-NOC-washout-dish3-005,AA,1,0.374,28.34,266.5,1
S9-AA-NOC-washout-dish3-005,AA,1,0.518,4.36,421.5,1
S9-AA-NOC-washout-dish3-005,AA,1,0.658,7.63,329.7,1
S9-AA-NOC-washout-dish3-005,AA,1,0.341,5.45,254.5,1
S9-AA-NOC-washout-dish3-005,AA,1,0.857,8.72,253.3,0
S9-AA-NOC-washout-dish3-005,AA,1,0.566,20.71,233.5,0
S9-AA-NOC-washout-dish3-005,AA,1,0.279,5.45,288.2,0
S9-AA-NOC-washout-dish3-005,AA,1,0.015,7.63,309.0,1
S9-AA-NOC-washout-dish3-005,AA,1,0.62,29.43,253.6,0
S9-AA-NOC-washout-dish3-005,AA,1,0.692,8.72,295.7,0
S9-AA-NOC-washout-dish3-005,AA,1,0.143,6.54,208.7,0
S9-AA-NOC-washout-dish3-005,AA,1,0.536,19.62,210.3,1
S9-AA-NOC-washout-dish3-005,AA,1,0.252,22.89,329.0,1
S9-AA-NOC-washout-dish3-005,AA,1,0.217,8.72,383.1,1
S9-AA-NOC-washout-dish3-005,AA,1,0.769,15.26,184.7,1
S9-AA-NOC-washout-dish3-005,AA,1,0.79,34.88,168.5,1
S9-AA-NOC-washout-dish3-005,AA,1,0.478,16.35,213.0,0
S9-AA-NOC-washout-dish3-005,AA,1,0.209,17.44,294.0,0
S9-AA-NOC-washout-dish3-005,AA,1,0.357,4.36,337.2,1
S9-AA-NOC-washout-dish3-005,AA,1,0.197,4.36,225.8,0
S9-AA-NOC-washout-dish3-005,AA,1,0.425,13.08,215.4,1
S9-AA-NOC-washout-dish3-005,AA,1,0.427,6.54,409.6,0
S9-AA-NOC-washout-dish3-005,AA,1,0.865,14.17,240.2,0
S9-AA-NOC-washout-dish3-005,AA,1,0.809,15.26,328.4,0
S9-AA-NOC-washout-dish3-005,AA,1,0.103,5.45,289.5,0
S9-AA-NOC-washout-dish3-005,AA,1,0.521,6.54,191.3,1
S9-AA-NOC-washout-dish3-005,AA,1,0.256,13.08,216.6,1
S9-AA-NOC-washout-dish3-005,AA,1,0.463,8.72,256.1,1
S9-AA-NOC-washout-dish3-005,AA,1,0.41,5.45,311.5,0
S9-AA-NOC-washout-dish3-005,AA,1,0.469,5.45,200.4,1
S9-AA-NOC-washout-dish3-005,AA,1,0.362,10.9,245.8,0
S9-AA-NOC-washout-dish3-005,AA,1,0.614,11.99,314.2,1
S9-AA-NOC-washout-dish3-005,AA,1,0.033,5.45,278.4,0
S9-AA-NOC-washout-dish3-005,AA,1,0.248,4.36,303.8,1
S9-AA-NOC-washout-dish3-005,AA,1,0.789,5.45,347.5,1
S9-AA-NOC-washout-dish3-005,AA,1,0.482,6.54,350.2,1
S9-AA-NOC-washout-dish3-005,AA,1,0.163,10.9,272.2,0
S9-AA-NOC-washout-dish3-005,AA,1,0.649,15.26,299.0,0
S9-AA-NOC-washout-dish3-005,AA,1,0.322,4.36,298.1,0
S9-AA-NOC-washout-dish3-005,AA,1,0.494,18.53,256.4,1
S9-AA-NOC-washout-dish3-005,AA,1,0.892,39.24,214.4,0
S9-AA-NOC-washout-dish3-005,AA,1,0.568,17.44,256.4,0
S9-AA-NOC-washout-dish3-005,AA,1,0.657,18.53,173.0,1
S9-AA-NOC-washout-dish3-005,AA,1,0.599,6.54,272.4,0
S9-AA-NOC-washout-dish3-005,AA,1,0.173,6.54,212.7,1
S9-AA-NOC-washout-dish3-005,AA,1,0.586,4.36,328.9,1
S9-AA-NOC-washout-dish3-005,AA,1,0.849,4.36,223.3,0
S9-AA-NOC-washout-dish3-005,AA,1,0.295,19.62,233.2,0
S9-AA-NOC-washout-dish3-005,AA,1,0.251,45.78,280.1,1
S9-AA-NOC-washout-dish3-005,AA,1,0.186,4.36,410.3,0
S9-AA-NOC-washout-dish3-005,AA,1,0.6,7.63,345.4,1
S9-AA-NOC-washout-dish3-005,AA,1,0.932,14.17,166.5,1
S9-AA-NOC-washout-dish3-005,AA,1,0.214,18.53,304.2,0
S9-AA-NOC-washout-dish3-005,AA,1,0.647,11.99,213.7,0
S9-AA-NOC-washout-dish3-005,AA,1,0.654,16.35,163.6,0
S9-AA-NOC-washout-dish3-005,AA,1,0.31,13.08,157.0,1
S9-AA-NOC-washout-dish3-005,AA,1,0.845,22.89,202.4,0
S9-AA-NOC-washout-dish3-005,AA,1,0.649,16.35,190.2,0
S9-AA-NOC-washout-dish3-005,AA,1,0.787,6.54,204.8,1
S9-AA-NOC-washout-dish3-005,AA,1,0.995,38.15,183.4,1
S9-AA-NOC-washout-dish3-005,AA,1,0.354,33.79,243.3,0
S9-AA-NOC-washout-dish3-005,AA,1,0.208,9.81,275.8,1
S9-AA-NOC-washout-dish3-005,AA,1,0.423,6.54,235.7,0
S9-AA-NOC-washout-dish3-005,AA,1,0.241,7.63,319.2,0
S9-AA-NOC-washout-dish3-005,AA,1,0.678,39.24,256.4,0
S9-AA-NOC-washout-dish3-005,AA,1,0.511,18.53,247.4,0
S9-AA-NOC-washout-dish3-005,AA,1,0.675,6.54,288.2,0
S9-AA-NOC-washout-dish3-005,AA,1,0.742,7.63,293.8,0
S9-AA-NOC-washout-dish3-005,AA,1,0.883,18.53,214.2,1
S9-AA-NOC-washout-dish3-005,AA,1,0.472,9.81,297.3,1
S9-AA-NOC-washout-dish3-005,AA,1,0.797,16.35,169.8,0
S9-AA-NOC-washout-dish3-005,AA,1,0.29,11.99,382.9,0
S9-AA-NOC-washout-dish3-005,AA,1,0.952,10.9,191.6,1
S9-AA-NOC-washout-dish3-005,AA,1,0.674,9.81,287.2,0
S9-AA-NOC-washout-dish3-005,AA,1,0.534,9.81,320.0,0
S9-AA-NOC-washout-dish3-005,AA,1,0.864,35.97,235.3,1
S9-AA-NOC-washout-dish3-005,AA,1,0.687,32.7,187.1,1
S9-AA-NOC-washout-dish3-005,AA,1,0.398,4.36,327.1,0
S9-AA-NOC-washout-dish3-005,AA,1,0.882,11.99,297.1,0
S9-AA-NOC-washout-dish3-005,AA,1,0.501,26.16,269.4,1
S9-AA-NOC-washout-dish3-005,AA,1,0.936,6.54,225.3,1
S9-AA-NOC-washout-dish3-005,AA,1,0.068,5.45,332.8,1
S9-AA-NOC-washout-dish3-005,AA,1,0.415,6.54,374.7,1
S9-AA-NOC-washout-dish3-005,AA,1,0.495,8.72,230.4,1
S9-AA-NOC-washout-dish3-005,AA,1,0.395,5.45,302.6,0
S9-AA-NOC-washout-dish3-005,AA,1,0.824,8.72,233.0,1
S9-AA-NOC-washout-dish3-005,AA,1,0.655,7.63,196.9,0
S9-AA-NOC-washout-dish3-005,AA,1,0.155,5.45,308.5,0
S9-AA-NOC-washout-dish3-005,AA,1,0.166,5.45,270.1,0
S9-AA-NOC-washout-dish3-005,AA,1,0.696,7.63,182.9,1
S9-AA-NOC-washout-dish3-005,AA,1,0.391,6.54,412.0,1
S9-AA-NOC-washout-dish3-005,AA,1,0.639,7.63,352.2,0
S9-AA-NOC-washout-dish3-005,AA,1,0.35,9.81,270.9,0
S9-AA-NOC-washout-dish3-005,AA,1,0.315,5.45,406.5,0
S9-AA-NOC-washout-dish3-005,AA,1,0.309,6.54,259.0,0
S9-AA-NOC-washout-dish3-005,AA,1,0.038,4.36,251.5,0
S9-AA-NOC-washout-dish3-005,AA,1,0.494,18.53,275.6,1
S9-AA-NOC-washout-dish3-005,AA,1,0.502,10.9,212.3,0
S9-AA-NOC-washout-dish3-005,AA,1,0.346,5.45,364.4,0
S9-AA-NOC-washout-dish3-005,AA,1,0.712,27.25,217.7,0
S9-AA-NOC-washout-dish3-005,AA,1,0.695,13.08,260.4,1
S9-AA-NOC-washout-dish3-005,AA,1,0.773,19.62,278.1,0
S9-AA-NOC-washout-dish3-005,AA,1,0.818,5.45,166.9,0
S9-AA-NOC-washout-dish3-005,AA,1,0.862,8.72,275.6,0
S9-AA-NOC-washout-dish3-005,AA,1,0.516,15.26,287.2,1
S9-AA-NOC-washout-dish3-005,AA,1,0.498,9.81,240.3,0
S9-AA-NOC-washout-dish3-005,AA,1,0.205,4.36,288.5,0
S9-AA-NOC-washout-dish3-005,AA,1,0.913,5.45,405.4,0
S9-AA-NOC-washout-dish3-005,AA,1,0.359,19.62,320.5,0
S9-AA-NOC-washout-dish3-005,AA,1,0.542,13.08,302.0,0
S9-AA-NOC-washout-dish3-005,AA,1,0.726,9.81,287.8,1
S9-AA-NOC-washout-dish3-005,AA,1,0.608,9.81,308.8,0
S9-AA-NOC-washout-dish3-005,AA,1,0.397,9.81,315.0,1
S9-AA-NOC-washout-dish3-005,AA,1,0.362,29.43,284.6,0
S9-AA-NOC-washout-dish3-005,AA,1,0.273,6.54,266.1,0
S9-AA-NOC-washout-dish3-005,AA,1,0.659,6.54,234.8,0
S9-AA-NOC-washout-dish3-005,AA,1,0.645,4.36,202.4,1
S9-AA-NOC-washout-dish3-005,AA,1,0.753,5.45,274.6,0
S9-AA-NOC-washout-dish3-005,AA,1,0.173,8.72,339.0,1
S9-AA-NOC-washout-dish3-005,AA,1,0.011,5.45,398.2,1
S9-AA-NOC-washout-dish3-005,AA,1,0.327,15.26,364.3,0
S9-AA-NOC-washout-dish3-005,AA,1,0.263,14.17,180.5,1
S9-AA-NOC-washout-dish3-005,AA,1,0.405,18.53,212.7,0
S9-AA-NOC-washout-dish3-005,AA,1,0.285,9.81,284.7,1
S9-AA-NOC-washout-dish3-005,AA,1,0.93,19.62,225.7,1
S9-AA-NOC-washout-dish3-005,AA,1,0.547,5.45,268.2,0
S9-AA-NOC-washout-dish3-005,AA,1,0.269,9.81,289.0,1
S9-AA-NOC-washout-dish3-005,AA,1,0.509,6.54,299.4,0
S9-AA-NOC-washout-dish3-005,AA,1,0.873,16.35,343.3,0
S9-AA-NOC-washout-dish3-005,AA,1,0.775,20.71,268.2,1
S9-AA-NOC-washout-dish3-005,AA,1,0.752,5.45,219.6,0
S9-AA-NOC-washout-dish3-005,AA,1,0.637,19.62,228.9,0
S9-AA-NOC-washout-dish3-005,AA,1,0.682,19.62,271.7,0
S9-AA-NOC-washout-dish3-005,AA,1,0.215,7.63,313.9,0
S9-AA-NOC-washout-dish3-005,AA,1,0.098,7.63,285.3,0
S9-AA-NOC-washout-dish3-005,AA,1,0.409,16.35,244.8,1
S9-AA-NOC-washout-dish3-005,AA,1,0.216,8.72,289.4,1
S9-AA-NOC-washout-dish3-005,AA,1,0.115,14.17,257.8,1
S9-AA-NOC-washout-dish3-005,AA,1,0.458,30.52,238.5,1
S9-AA-NOC-washout-dish3-005,AA,1,0.111,8.72,332.2,0
S9-AA-NOC-washout-dish3-005,AA,1,0.571,16.35,193.7,0
S9-AA-NOC-washout-dish3-005,AA,1,0.638,8.72,285.9,1
S9-AA-NOC-washout-dish3-005,AA,1,0.546,6.54,302.3,1
S9-AA-NOC-washout-dish3-005,AA,1,0.456,16.35,240.3,0
S9-AA-NOC-washout-dish3-005,AA,1,0.558,15.26,232.7,1
S9-AA-NOC-washout-dish3-005,AA,1,0.166,4.36,231.9,1
S9-AA-NOC-washout-dish3-005,AA,1,0.093,11.99,395.4,1
S9-AA-NOC-washout-dish3-005,AA,1,0.532,17.44,311.6,1
S9-AA-NOC-washout-dish3-005,AA,1,0.7,16.35,341.2,1
S9-AA-NOC-washout-dish3-005,AA,1,0.351,5.45,339.1,0
S9-AA-NOC-washout-dish3-005,AA,1,0.658,23.98,290.3,0
S9-AA-NOC-washout-dish3-005,AA,1,0.574,23.98,233.7,0
S9-AA-NOC-washout-dish3-005,AA,1,0.739,40.33,172.2,0
S9-AA-NOC-washout-dish3-005,AA,1,0.485,5.45,257.5,0
S9-AA-NOC-washout-dish3-005,AA,1,0.645,9.81,284.6,0
S9-AA-NOC-washout-dish3-005,AA,1,0.739,4.36,313.7,0
S9-AA-NOC-washout-dish3-005,AA,1,0.85,46.87,170.0,1
S9-AA-NOC-washout-dish3-005,AA,1,0.286,5.45,233.8,1
S9-AA-NOC-washout-dish3-005,AA,1,0.799,29.43,228.0,0
S9-AA-NOC-washout-dish3-005,AA,1,0.735,62.13,204.0,0
S9-AA-NOC-washout-dish3-005,AA,1,0.5,35.97,271.1,1
S9-AA-NOC-washout-dish3-005,AA,1,0.743,8.72,289.1,0
S9-AA-NOC-washout-dish3-005,AA,1,0.775,20.71,217.2,1
S9-AA-NOC-washout-dish3-005,AA,1,0.305,8.72,307.2,0
S9-AA-NOC-washout-dish3-005,AA,1,0.252,5.45,325.9,0
S9-AA-NOC-washout-dish3-005,AA,1,0.299,10.9,324.9,0
S9-AA-NOC-washout-dish3-005,AA,1,0.903,7.63,227.9,1
S9-AA-NOC-washout-dish3-005,AA,1,0.574,4.36,231.4,0
S9-AA-NOC-washout-dish3-005,AA,1,0.74,7.63,276.8,0
S9-AA-NOC-washout-dish3-005,AA,1,0.25,5.45,297.9,0
S9-AA-NOC-washout-dish3-005,AA,1,0.405,8.72,264.3,1
S9-AA-NOC-washout-dish3-005,AA,1,0.225,27.25,158.3,1
S9-AA-NOC-washout-dish3-005,AA,1,0.229,13.08,251.4,1
S9-AA-NOC-washout-dish3-005,AA,1,0.303,26.16,204.3,0
S9-AA-NOC-washout-dish3-005,AA,1,0.306,8.72,306.0,1
S9-AA-NOC-washout-dish3-005,AA,1,0.805,23.98,191.9,1
S9-AA-NOC-washout-dish3-005,AA,1,0.04,7.63,361.4,1
S9-AA-NOC-washout-dish3-005,AA,1,0.332,5.45,251.8,0
S9-AA-NOC-washout-dish3-005,AA,1,0.847,4.36,345.7,1
S9-AA-NOC-washout-dish3-005,AA,1,0.181,7.63,237.6,0
S9-AA-NOC-washout-dish3-005,AA,1,0.475,14.17,257.6,0
S9-AA-NOC-washout-dish3-005,AA,1,0.615,13.08,217.0,1
S9-AA-NOC-washout-dish3-005,AA,1,0.402,21.8,272.6,0
S9-AA-NOC-washout-dish3-005,AA,1,0.56,8.72,249.4,0
S9-AA-NOC-washout-dish3-005,AA,1,0.808,7.63,178.8,1
S9-AA-NOC-washout-dish3-005,AA,1,0.441,9.81,180.9,0
S9-AA-NOC-washout-dish3-005,AA,1,0.402,8.72,319.2,1
S9-AA-NOC-washout-dish3-005,AA,1,0.169,4.36,314.4,0
S9-AA-NOC-washout-dish3-005,AA,1,0.211,19.62,317.7,0
S9-AA-NOC-washout-dish3-005,AA,1,0.134,14.17,180.5,0
S9-AA-NOC-washout-dish3-005,AA,1,0.455,7.63,285.0,1
S9-AA-NOC-washout-dish3-005,AA,1,0.136,14.17,226.5,1
S9-AA-NOC-washout-dish3-005,AA,1,0.122,4.36,344.4,0
S9-AA-NOC-washout-dish3-005,AA,1,0.265,5.45,240.6,0
S9-AA-NOC-washout-dish3-005,AA,1,0.694,31.61,142.4,0
S9-AA-NOC-washout-dish3-005,AA,1,0.485,8.72,310.5,0
S9-AA-NOC-washout-dish3-005,AA,1,0.795,5.45,242.8,0
S9-AA-NOC-washout-dish3-005,AA,1,0.732,8.72,209.5,0
S9-AA-NOC-washout-dish3-005,AA,1,0.465,26.16,200.6,0
S9-AA-NOC-washout-dish3-005,AA,1,0.332,11.99,362.8,0
S9-AA-NOC-washout-dish3-005,AA,1,0.701,4.36,474.3,0
S9-AA-NOC-washout-dish3-005,AA,1,0.497,9.81,139.7,1
S9-AA-NOC-washout-dish3-005,AA,1,0.74,7.63,249.2,0
S9-AA-NOC-washout-dish3-005,AA,1,0.106,6.54,274.5,1
S9-AA-NOC-washout-dish3-005,AA,1,0.411,5.45,455.7,0
S9-AA-NOC-washout-dish3-005,AA,1,0.31,4.36,268.7,0
S9-AA-NOC-washout-dish3-005,AA,1,0.953,33.79,254.6,0
S9-AA-NOC-washout-dish3-005,AA,1,0.267,10.9,386.3,0
S9-AA-NOC-washout-dish3-005,AA,1,0.65,18.53,205.2,0
S9-AA-NOC-washout-dish3-005,AA,1,0.923,74.12,154.4,0
S9-AA-NOC-washout-dish3-005,AA,1,0.939,23.98,172.7,1
S9-AA-NOC-washout-dish3-005,AA,1,0.727,39.24,197.7,0
S9-AA-NOC-washout-dish3-005,AA,1,0.476,5.45,357.4,0
S9-AA-NOC-washout-dish3-005,AA,1,0.777,9.81,181.1,0
S9-AA-NOC-washout-dish3-005,AA,1,0.919,4.36,335.0,0
S9-AA-NOC-washout-dish3-005,AA,1,0.573,9.81,255.8,0
S9-AA-NOC-washout-dish3-005,AA,1,0.734,8.72,213.7,0
S9-AA-NOC-washout-dish3-005,AA,1,0.468,4.36,295.1,0
S9-AA-NOC-washout-dish3-005,AA,1,0.59,15.26,162.6,0
S9-AA-NOC-washout-dish3-005,AA,1,0.797,4.36,139.4,0
S9-AA-NOC-washout-dish3-005,AA,1,0.448,21.8,306.5,0
S9-AA-NOC-washout-dish3-005,AA,1,0.966,4.36,287.5,0
S9-AA-NOC-washout-dish3-005,AA,1,0.141,5.45,238.0,0
S9-AA-NOC-washout-dish3-005,AA,1,0.059,5.45,193.5,0
S9-AA-NOC-washout-dish3-005,AA,1,0.642,8.72,226.7,1
S9-AA-NOC-washout-dish3-005,AA,1,0.961,11.99,254.7,1
S9-AA-NOC-washout-dish3-005,AA,1,0.252,4.36,486.7,1
S9-AA-NOC-washout-dish3-005,AA,1,0.395,4.36,175.9,1
S9-AA-NOC-washout-dish3-005,AA,1,0.242,23.98,304.5,0
S9-AA-NOC-washout-dish3-005,AA,1,0.141,7.63,360.9,0
S9-AA-NOC-washout-dish3-005,AA,1,0.732,19.62,229.0,1
S9-AA-NOC-washout-dish3-005,AA,1,0.381,5.45,415.3,0
S9-AA-NOC-washout-dish3-005,AA,1,0.261,11.99,255.8,1
S9-AA-NOC-washout-dish3-005,AA,1,0.097,5.45,274.8,0
S9-AA-NOC-washout-dish3-005,AA,1,0.946,21.8,313.1,1
S9-AA-NOC-washout-dish3-005,AA,1,0.446,20.71,158.0,1
S9-AA-NOC-washout-dish3-005,AA,1,0.687,5.45,241.1,1
S9-AA-NOC-washout-dish3-005,AA,1,0.452,16.35,159.7,0
S9-AA-NOC-washout-dish3-005,AA,1,0.461,14.17,266.9,0
S9-AA-NOC-washout-dish3-005,AA,1,0.324,6.54,272.7,1
S9-AA-NOC-washout-dish3-005,AA,1,0.479,5.45,273.8,0
S9-AA-NOC-washout-dish3-005,AA,1,0.04,5.45,153.8,0
S9-AA-NOC-washout-dish3-005,AA,1,0.702,16.35,293.6,1
S9-AA-NOC-washout-dish3-005,AA,1,0.607,4.36,247.4,0
S9-AA-NOC-washout-dish3-005,AA,1,0.345,9.81,313.0,1
S9-AA-NOC-washout-dish3-005,AA,1,0.887,8.72,337.5,1
S9-AA-NOC-washout-dish3-005,AA,1,0.187,4.36,214.6,1
S9-AA-NOC-washout-dish3-005,AA,1,0.315,4.36,396.0,1
S9-AA-NOC-washout-dish3-005,AA,1,0.847,10.9,165.3,0
S9-AA-NOC-washout-dish3-005,AA,1,0.629,4.36,210.4,1
S9-AA-NOC-washout-dish3-005,AA,1,0.224,5.45,354.9,0
S9-AA-NOC-washout-dish3-005,AA,1,0.588,10.9,258.0,0
S9-AA-NOC-washout-dish3-005,AA,1,0.377,16.35,261.5,0
S9-AA-NOC-washout-dish3-005,AA,1,0.877,4.36,215.8,0
S9-AA-NOC-washout-dish3-005,AA,1,0.745,6.54,246.9,0
S9-AA-NOC-washout-dish3-005,AA,1,0.928,16.35,185.4,1
S9-AA-NOC-washout-dish3-005,AA,1,0.16,5.45,282.7,1
S9-AA-NOC-washout-dish3-005,AA,1,0.332,8.72,367.7,0
S9-AA-NOC-washout-dish3-005,AA,1,0.282,10.9,270.4,0
S9-AA-NOC-washout-dish3-005,AA,1,0.272,7.63,298.3,1
S9-AA-NOC-washout-dish3-005,AA,1,0.817,9.81,236.5,1
S9-AA-NOC-washout-dish3-005,AA,1,0.696,11.99,256.3,0
S9-AA-NOC-washout-dish3-005,AA,1,0.407,5.45,296.7,0
S9-AA-NOC-washout-dish3-005,AA,1,0.942,20.71,246.4,1
S9-AA-NOC-washout-dish3-005,AA,1,0.409,5.45,232.8,0
S9-AA-NOC-washout-dish3-005,AA,1,0.142,6.54,243.3,1
S9-AA-NOC-washout-dish3-005,AA,1,0.821,17.44,260.6,0
S9-AA-NOC-washout-dish3-005,AA,1,0.496,9.81,282.8,1
S9-AA-NOC-washout-dish3-005,AA,1,0.193,6.54,258.4,0
S9-AA-NOC-washout-dish3-005,AA,1,0.761,4.36,247.1,1
S9-AA-NOC-washout-dish3-005,AA,1,0.121,6.54,247.5,0
S9-AA-NOC-washout-dish3-005,AA,1,0.325,18.53,245.9,1
S9-AA-NOC-washout-dish3-005,AA,1,0.425,10.9,192.6,1
S9-AA-NOC-washout-dish3-005,AA,1,0.888,28.34,278.6,0
S9-AA-NOC-washout-dish3-005,AA,1,0.887,15.26,119.5,1
S9-AA-NOC-washout-dish3-005,AA,1,0.588,4.36,341.5,0
S9-AA-NOC-washout-dish3-005,AA,1,0.575,16.35,282.0,1
S9-AA-NOC-washout-dish3-005,AA,1,0.215,9.81,327.5,0
S9-AA-NOC-washout-dish3-005,AA,1,0.665,6.54,309.8,0
S9-AA-NOC-washout-dish3-005,AA,1,0.502,10.9,234.0,1
S9-AA-NOC-washout-dish3-005,AA,1,0.916,52.32,307.2,0
S9-AA-NOC-washout-dish3-005,AA,1,0.442,19.62,191.8,0
S9-AA-NOC-washout-dish3-005,AA,1,0.557,25.07,224.2,1
S9-AA-NOC-washout-dish3-005,AA,1,0.641,17.44,290.4,0
S9-AA-NOC-washout-dish3-005,AA,1,0.138,5.45,315.2,1
S9-AA-NOC-washout-dish3-005,AA,1,0.059,28.34,129.9,1
S9-AA-NOC-washout-dish3-005,AA,1,0.49,11.99,235.0,1
S9-AA-NOC-washout-dish3-005,AA,1,0.176,10.9,281.2,1
S9-AA-NOC-washout-dish3-005,AA,1,0.763,6.54,359.6,1
S9-AA-NOC-washout-dish3-005,AA,1,0.502,4.36,268.5,1
S9-AA-NOC-washout-dish3-005,AA,1,0.721,22.89,223.6,0
S9-AA-NOC-washout-dish3-005,AA,1,0.107,13.08,231.7,0
S9-AA-NOC-washout-dish3-005,AA,1,0.225,5.45,260.0,1
S9-AA-NOC-washout-dish3-005,AA,1,0.105,4.36,372.8,0
S9-AA-NOC-washout-dish3-005,AA,1,0.135,8.72,247.5,0
S9-AA-NOC-washout-dish3-005,AA,1,0.415,9.81,218.4,0
S9-AA-NOC-washout-dish3-005,AA,1,0.143,5.45,288.0,0
S9-AA-NOC-washout-dish3-005,AA,1,0.516,8.72,211.5,1
S9-AA-NOC-washout-dish3-005,AA,1,0.154,8.72,176.3,0
S9-AA-NOC-washout-dish3-005,AA,1,0.988,11.99,305.5,1
S9-AA-NOC-washout-dish3-005,AA,1,0.475,7.63,277.0,0
S9-AA-NOC-washout-dish3-005,AA,1,0.377,15.26,334.6,1
S9-AA-NOC-washout-dish3-005,AA,1,0.278,4.36,281.6,0
S9-AA-NOC-washout-dish3-005,AA,1,0.424,14.17,247.6,1
S9-AA-NOC-washout-dish3-005,AA,1,0.31,5.45,285.2,0
S9-AA-NOC-washout-dish3-005,AA,1,0.075,5.45,331.9,1
S9-AA-NOC-washout-dish3-005,AA,1,0.84,11.99,288.4,0
S9-AA-NOC-washout-dish3-005,AA,1,0.252,4.36,344.6,1
S9-AA-NOC-washout-dish3-005,AA,1,0.661,26.16,207.1,1
S9-AA-NOC-washout-dish3-005,AA,1,0.582,6.54,189.7,1
S9-AA-NOC-washout-dish3-005,AA,1,0.694,5.45,275.8,0
S9-AA-NOC-washout-dish3-005,AA,1,0.244,17.44,321.5,0
S9-AA-NOC-washout-dish3-005,AA,1,0.528,13.08,373.1,0
S9-AA-NOC-washout-dish3-005,AA,1,0.219,27.25,230.6,0
S9-AA-NOC-washout-dish3-005,AA,1,0.453,23.98,290.1,1
S9-AA-NOC-washout-dish3-005,AA,1,0.692,5.45,348.9,0
S9-AA-NOC-washout-dish3-005,AA,1,0.149,7.63,359.8,1
S9-AA-NOC-washout-dish3-005,AA,1,0.765,9.81,129.4,1
S9-AA-NOC-washout-dish3-005,AA,1,0.778,5.45,301.7,0
S9-AA-NOC-washout-dish3-005,AA,1,0.092,5.45,190.2,1
S9-AA-NOC-washout-dish3-005,AA,1,0.491,13.08,304.5,0
S9-AA-NOC-washout-dish3-005,AA,1,0.187,5.45,400.8,1
S9-AA-NOC-washout-dish3-005,AA,1,0.772,10.9,196.5,0
S9-AA-NOC-washout-dish3-005,AA,1,0.042,4.36,283.6,0
S9-AA-NOC-washout-dish3-005,AA,1,0.404,10.9,197.5,1
S9-AA-NOC-washout-dish3-005,AA,1,0.45,4.36,282.6,0
S9-AA-NOC-washout-dish3-005,AA,1,0.224,4.36,270.2,1
S9-AA-NOC-washout-dish3-005,AA,1,0.857,13.08,260.9,0
S9-AA-NOC-washout-dish3-005,AA,1,0.362,4.36,366.9,0
S9-AA-NOC-washout-dish3-005,AA,1,0.161,16.35,239.9,0
S9-AA-NOC-washout-dish3-005,AA,1,0.503,22.89,277.9,0
S9-AA-NOC-washout-dish3-005,AA,1,0.937,7.63,183.0,0
S9-AA-NOC-washout-dish3-005,AA,1,0.687,16.35,253.0,0
S9-AA-NOC-washout-dish3-005,AA,1,0.347,9.81,353.8,0
S9-AA-NOC-washout-dish3-005,AA,1,0.704,7.63,295.3,0
S9-AA-NOC-washout-dish3-005,AA,1,0.508,4.36,401.2,0
S9-AA-NOC-washout-dish3-005,AA,1,0.406,28.34,260.0,1
S9-AA-NOC-washout-dish3-005,AA,1,0.027,10.9,191.2,1
S9-AA-NOC-washout-dish3-005,AA,1,0.605,7.63,363.1,0
S9-AA-NOC-washout-dish3-005,AA,1,0.509,4.36,304.0,0
S9-AA-NOC-washout-dish3-005,AA,1,0.414,19.62,236.4,0
S9-AA-NOC-washout-dish3-005,AA,1,0.843,17.44,261.6,1
S9-AA-NOC-washout-dish3-005,AA,1,0.186,11.99,314.4,1
S9-AA-NOC-washout-dish3-005,AA,1,0.414,9.81,235.5,0
S9-AA-NOC-washout-dish3-005,AA,1,0.781,7.63,176.8,0
S9-AA-NOC-washout-dish3-005,AA,1,0.649,15.26,307.2,0
S9-AA-NOC-washout-dish3-005,AA,1,0.632,7.63,198.7,0
S9-AA-NOC-washout-dish3-005,AA,1,0.167,4.36,462.3,1
S9-AA-NOC-washout-dish3-005,AA,1,0.703,18.53,258.1,1
S9-AA-NOC-washout-dish3-005,AA,1,0.07,25.07,226.8,1
S9-AA-NOC-washout-dish3-005,AA,1,0.545,27.25,212.2,0
S9-AA-NOC-washout-dish3-005,AA,1,0.987,6.54,244.4,0
S9-AA-NOC-washout-dish3-005,AA,1,0.509,7.63,288.2,0
S9-AA-NOC-washout-dish3-005,AA,1,0.458,16.35,214.1,1
S9-AA-NOC-washout-dish3-005,AA,1,0.231,6.54,368.9,0
S9-AA-NOC-washout-dish3-005,AA,1,0.627,14.17,318.8,0
S9-AA-NOC-washout-dish3-005,AA,1,0.495,9.81,316.1,1
S9-AA-NOC-washout-dish3-005,AA,1,0.709,7.63,333.1,0
S9-AA-NOC-washout-dish3-005,AA,1,0.646,5.45,336.0,0
S9-AA-NOC-washout-dish3-005,AA,1,0.858,8.72,263.7,0
S9-AA-NOC-washout-dish3-005,AA,1,0.564,6.54,226.1,0
S9-AA-NOC-washout-dish3-005,AA,1,0.415,18.53,184.3,1
S9-AA-NOC-washout-dish3-005,AA,1,0.776,18.53,289.7,0
S9-AA-NOC-washout-dish3-005,AA,1,0.681,4.36,278.2,1
S9-AA-NOC-washout-dish3-005,AA,1,0.677,38.15,213.1,0
S9-AA-NOC-washout-dish3-005,AA,1,0.782,4.36,192.4,0
S9-AA-NOC-washout-dish3-005,AA,1,0.409,4.36,256.1,1
S9-AA-NOC-washout-dish3-005,AA,1,0.05,10.9,278.1,0
S9-AA-NOC-washout-dish3-005,AA,1,0.414,14.17,283.1,0
S9-AA-NOC-washout-dish3-005,AA,1,0.38,5.45,362.5,1
S9-AA-NOC-washout-dish3-005,AA,1,0.254,9.81,187.1,1
S9-AA-NOC-washout-dish3-005,AA,1,0.987,5.45,354.1,0
S9-AA-NOC-washout-dish3-005,AA,1,0.682,13.08,286.4,1
S9-AA-NOC-washout-dish3-005,AA,1,0.598,15.26,344.7,1
S9-AA-NOC-washout-dish3-005,AA,1,0.251,11.99,279.5,0
S9-AA-NOC-washout-dish3-005,AA,1,0.706,10.9,302.9,0
S9-AA-NOC-washout-dish3-005,AA,1,0.455,26.16,292.9,1
S9-AA-NOC-washout-dish3-005,AA,1,0.187,8.72,287.7,0
S9-AA-NOC-washout-dish3-005,AA,1,0.399,10.9,142.8,1
S9-AA-NOC-washout-dish3-005,AA,1,0.986,19.62,251.0,0
S9-AA-NOC-washout-dish3-005,AA,1,0.462,11.99,191.0,0
S9-AA-NOC-washout-dish3-005,AA,1,0.475,8.72,302.6,0
S9-AA-NOC-washout-dish3-005,AA,1,0.17,8.72,296.6,1
S9-AA-NOC-washout-dish3-005,AA,1,0.911,16.35,235.0,0
S9-AA-NOC-washout-dish3-005,AA,1,0.63,15.26,262.8,1
S9-AA-NOC-washout-dish3-005,AA,1,0.527,6.54,308.8,0
S9-AA-NOC-washout-dish3-005,AA,1,0.189,30.52,256.0,0
S9-AA-NOC-washout-dish3-005,AA,1,0.735,5.45,187.2,0
S9-AA-NOC-washout-dish3-005,AA,1,0.709,38.15,110.9,0
S9-AA-NOC-washout-dish3-005,AA,1,0.736,9.81,195.0,0
S9-AA-NOC-washout-dish3-005,AA,1,0.523,7.63,197.0,0
S9-AA-NOC-washout-dish3-005,AA,1,0.789,5.45,242.2,1
S9-AA-NOC-washout-dish3-005,AA,1,0.369,25.07,250.3,1
S9-AA-NOC-washout-dish3-005,AA,1,0.888,32.7,193.6,1
S9-AA-NOC-washout-dish3-005,AA,1,0.96,8.72,333.7,1
S9-AA-NOC-washout-dish3-005,AA,1,0.602,15.26,272.8,0
S9-AA-NOC-washout-dish3-005,AA,1,0.328,4.36,504.2,1
S9-AA-NOC-washout-dish3-005,AA,1,0.468,28.34,227.0,1
S9-AA-NOC-washout-dish3-005,AA,1,0.066,23.98,297.6,0
S9-AA-NOC-washout-dish3-005,AA,1,0.657,32.7,158.9,0
S9-AA-NOC-washout-dish3-005,AA,1,0.608,4.36,145.8,0
S9-AA-NOC-washout-dish3-005,AA,1,0.802,7.63,202.0,1
S9-AA-NOC-washout-dish3-005,AA,1,0.276,6.54,157.6,0
S9-AA-NOC-washout-dish3-005,AA,1,0.005,4.36,136.4,0
S9-AA-NOC-washout-dish3-005,AA,1,0.268,7.63,113.9,1
S9-AA-NOC-washout-dish3-005,AA,1,0.718,26.16,263.1,1
S9-AA-NOC-washout-dish3-005,AA,1,0.669,7.63,357.3,0
S9-AA-NOC-washout-dish3-005,AA,1,0.37,8.72,227.8,0
S9-AA-NOC-washout-dish3-005,AA,1,0.927,34.88,121.8,0
S9-AA-NOC-washout-dish3-005,AA,1,0.42,8.72,391.3,1
S9-AA-NOC-washout-dish3-005,AA,1,0.162,6.54,246.0,1
S9-AA-NOC-washout-dish3-005,AA,1,0.541,27.25,270.2,1
S9-AA-NOC-washout-dish3-005,AA,1,0.52,28.34,237.1,0
S9-AA-NOC-washout-dish3-005,AA,1,0.364,20.71,222.4,0
S9-AA-NOC-washout-dish3-005,AA,1,0.776,31.61,193.8,0
S9-AA-NOC-washout-dish3-005,AA,1,0.671,6.54,187.1,1
S9-AA-NOC-washout-dish3-005,AA,1,0.773,4.36,249.1,1
S9-AA-NOC-washout-dish3-005,AA,1,0.921,17.44,250.5,1
S9-AA-NOC-washout-dish3-005,AA,1,0.071,19.62,277.9,0
S9-AA-NOC-washout-dish3-005,AA,1,0.486,29.43,233.6,1
S9-AA-NOC-washout-dish3-005,AA,1,0.663,15.26,248.8,0
S9-AA-NOC-washout-dish3-005,AA,1,0.699,7.63,200.9,1
S9-AA-NOC-washout-dish3-005,AA,1,0.348,5.45,257.7,0
S9-AA-NOC-washout-dish3-005,AA,1,0.252,6.54,296.6,0
S9-AA-NOC-washout-dish3-005,AA,1,0.133,10.9,248.7,0
S9-AA-NOC-washout-dish3-005,AA,1,0.667,10.9,213.9,0
S9-AA-NOC-washout-dish3-005,AA,1,0.945,5.45,309.1,0
S9-AA-NOC-washout-dish3-005,AA,1,0.167,29.43,187.8,0
S9-AA-NOC-washout-dish3-005,AA,1,0.096,5.45,329.9,0
S9-AA-NOC-washout-dish3-005,AA,1,0.778,25.07,274.2,0
S9-AA-NOC-washout-dish3-005,AA,1,0.282,23.98,275.8,0
S9-AA-NOC-washout-dish3-005,AA,1,0.753,8.72,213.0,0
S9-AA-NOC-washout-dish3-005,AA,1,0.295,11.99,343.6,0
S9-AA-NOC-washout-dish3-005,AA,1,0.36,8.72,196.7,1
S9-AA-NOC-washout-dish3-005,AA,1,0.751,26.16,205.2,0
S9-AA-NOC-washout-dish3-005,AA,1,0.127,15.26,324.3,0
S9-AA-NOC-washout-dish3-005,AA,1,0.118,5.45,325.6,0
S9-AA-NOC-washout-dish3-005,AA,1,0.514,4.36,446.1,0
S9-AA-NOC-washout-dish3-005,AA,1,0.733,21.8,259.9,1
S9-AA-NOC-washout-dish3-005,AA,1,0.541,22.89,286.2,1
S9-AA-NOC-washout-dish3-005,AA,1,0.027,4.36,270.4,0
S9-AA-NOC-washout-dish3-005,AA,1,0.972,10.9,225.6,0
S9-AA-NOC-washout-dish3-005,AA,1,0.191,6.54,213.9,1
S9-AA-NOC-washout-dish3-005,AA,1,0.597,4.36,356.3,0
S9-AA-NOC-washout-dish3-005,AA,1,0.527,19.62,310.6,0
S9-AA-NOC-washout-dish3-005,AA,1,0.427,5.45,292.6,0
S9-AA-NOC-washout-dish3-005,AA,1,0.808,21.8,309.3,0
S9-AA-NOC-washout-dish3-005,AA,1,0.037,5.45,292.1,0
S9-AA-NOC-washout-dish3-005,AA,1,0.156,10.9,269.9,0
S9-AA-NOC-washout-dish3-005,AA,1,0.521,8.72,243.8,1
S9-AA-NOC-washout-dish3-005,AA,1,0.849,23.98,126.5,0
S9-AA-NOC-washout-dish3-005,AA,1,0.174,4.36,296.9,0
S9-AA-NOC-washout-dish3-005,AA,1,0.792,10.9,255.7,1
S9-AA-NOC-washout-dish3-005,AA,1,0.617,6.54,301.0,0
S9-AA-NOC-washout-dish3-005,AA,1,0.185,6.54,320.5,1
S9-AA-NOC-washout-dish3-005,AA,1,0.683,7.63,317.5,0
S9-AA-NOC-washout-dish3-005,AA,1,0.944,13.08,237.2,0
S9-AA-NOC-washout-dish3-005,AA,1,0.416,20.71,280.0,1
S9-AA-NOC-washout-dish3-005,AA,1,0.098,4.36,143.4,0
S9-AA-NOC-washout-dish3-005,AA,1,0.682,8.72,358.0,0
S9-AA-NOC-washout-dish3-005,AA,1,0.731,15.26,287.7,0
S9-AA-NOC-washout-dish3-005,AA,1,0.473,9.81,187.7,1
S9-AA-NOC-washout-dish3-005,AA,1,0.592,10.9,228.4,0
S9-AA-NOC-washout-dish3-005,AA,1,0.166,11.99,243.8,1
S9-AA-NOC-washout-dish3-005,AA,1,0.188,19.62,184.2,0
S9-AA-NOC-washout-dish3-005,AA,1,0.182,4.36,283.0,0
S9-AA-NOC-washout-dish3-005,AA,1,0.462,6.54,285.1,0
S9-AA-NOC-washout-dish3-005,AA,1,0.123,4.36,250.9,0
S9-AA-NOC-washout-dish3-005,AA,1,0.143,4.36,250.8,0
S9-AA-NOC-washout-dish3-005,AA,1,0.96,18.53,331.8,0
S9-AA-NOC-washout-dish3-005,AA,1,0.234,8.72,348.0,0
S9-AA-NOC-washout-dish3-005,AA,1,0.532,19.62,206.4,0
S9-AA-NOC-washout-dish3-005,AA,1,0.513,8.72,235.4,1
S9-AA-NOC-washout-dish3-005,AA,1,0.576,4.36,384.3,0
S9-AA-NOC-washout-dish3-005,AA,1,0.673,8.72,251.7,0
S9-AA-NOC-washout-dish3-005,AA,1,0.658,18.53,128.5,0
S9-AA-NOC-washout-dish3-005,AA,1,0.186,15.26,234.6,0
S9-AA-NOC-washout-dish3-005,AA,1,0.397,6.54,283.6,0
S9-AA-NOC-washout-dish3-005,AA,1,0.371,17.44,241.1,0
S9-AA-NOC-washout-dish3-005,AA,1,0.088,9.81,290.9,0
S9-AA-NOC-washout-dish3-005,AA,1,0.464,15.26,252.0,0
S9-AA-NOC-washout-dish3-005,AA,1,0.571,6.54,170.5,0
S9-AA-NOC-washout-dish3-005,AA,1,0.566,4.36,436.9,1
S9-AA-NOC-washout-dish3-005,AA,1,0.275,5.45,254.5,0
S9-AA-NOC-washout-dish3-005,AA,1,0.044,9.81,324.3,0
S9-AA-NOC-washout-dish3-005,AA,1,0.163,13.08,246.3,0
S9-AA-NOC-washout-dish3-005,AA,1,0.743,8.72,262.1,1
S9-AA-NOC-washout-dish3-005,AA,1,0.742,14.17,204.8,0
S9-AA-NOC-washout-dish3-005,AA,1,0.556,15.26,179.7,0
S9-AA-NOC-washout-dish3-005,AA,1,0.698,13.08,124.2,0
S9-AA-NOC-washout-dish3-005,AA,1,0.418,8.72,270.9,0
S9-AA-NOC-washout-dish3-005,AA,1,0.76,11.99,258.7,1
S9-AA-NOC-washout-dish3-005,AA,1,0.759,8.72,254.1,0
S9-AA-NOC-washout-dish3-005,AA,1,0.697,4.36,501.1,1
S9-AA-NOC-washout-dish3-005,AA,1,0.6,13.08,120.9,1
S9-AA-NOC-washout-dish3-005,AA,1,0.911,4.36,358.7,1
S9-AA-NOC-washout-dish3-005,AA,1,0.36,13.08,244.0,0
S9-AA-NOC-washout-dish3-005,AA,1,0.449,6.54,364.7,0
S9-AA-NOC-washout-dish3-005,AA,1,0.621,13.08,163.7,1
S9-AA-NOC-washout-dish3-005,AA,1,0.946,6.54,197.2,0
S9-AA-NOC-washout-dish3-005,AA,1,0.288,10.9,227.9,0
S9-AA-NOC-washout-dish3-005,AA,1,0.713,11.99,265.6,0
S9-AA-NOC-washout-dish3-005,AA,1,0.304,10.9,236.5,0
S9-AA-NOC-washout-dish3-005,AA,1,0.601,5.45,341.8,0
S9-AA-NOC-washout-dish3-005,AA,1,0.949,10.9,242.8,1
S9-AA-NOC-washout-dish3-005,AA,1,0.253,7.63,275.9,0
S9-AA-NOC-washout-dish3-005,AA,1,0.19,4.36,313.7,0
S9-AA-NOC-washout-dish3-005,AA,1,0.059,9.81,292.2,0
S9-AA-NOC-washout-dish3-005,AA,1,0.045,11.99,357.7,0
S9-AA-NOC-washout-dish3-005,AA,1,0.519,7.63,249.0,0
S9-AA-NOC-washout-dish3-005,AA,1,0.177,4.36,366.6,0
S9-AA-NOC-washout-dish3-005,AA,1,0.621,9.81,161.2,0
S9-AA-NOC-washout-dish3-005,AA,1,0.53,8.72,263.1,1
S9-AA-NOC-washout-dish3-005,AA,1,0.397,10.9,320.2,1
S9-AA-NOC-washout-dish3-005,AA,1,0.165,9.81,331.7,0
S9-AA-NOC-washout-dish3-005,AA,1,0.661,8.72,203.7,0
S9-AA-NOC-washout-dish3-005,AA,1,0.578,9.81,191.5,1
S9-AA-NOC-washout-dish3-005,AA,1,0.143,5.45,246.2,1
S9-AA-NOC-washout-dish3-005,AA,1,0.138,8.72,323.0,0
S9-AA-NOC-washout-dish3-005,AA,1,0.216,4.36,416.1,0
S9-AA-NOC-washout-dish3-005,AA,1,0.373,7.63,325.7,0
S9-AA-NOC-washout-dish3-005,AA,1,0.527,9.81,207.5,0
S9-AA-NOC-washout-dish3-005,AA,1,0.228,7.63,218.1,0
S9-AA-NOC-washout-dish3-005,AA,1,0.571,6.54,290.3,0
S9-AA-NOC-washout-dish3-005,AA,1,0.69,6.54,109.0,0
S9-AA-NOC-washout-dish3-005,AA,1,0.665,7.63,304.9,0
S9-AA-NOC-washout-dish3-005,AA,1,0.856,5.45,347.7,0
S9-AA-NOC-washout-dish3-005,AA,1,0.171,4.36,205.5,0
S9-AA-NOC-washout-dish3-005,AA,1,0.174,5.45,216.1,0
S9-AA-NOC-washout-dish3-005,AA,1,0.277,4.36,361.6,1
S9-AA-NOC-washout-dish3-005,AA,1,0.907,5.45,238.7,1
S9-AA-NOC-washout-dish3-005,AA,1,0.817,5.45,131.7,0
S9-AA-NOC-washout-dish3-005,AA,1,0.324,4.36,210.1,0
S9-AA-NOC-washout-dish3-005,AA,1,0.959,5.45,331.8,0
S9-AA-NOC-washout-dish3-005,AA,1,0.727,4.36,201.1,1
S9-AA-NOC-washout-dish3-005,AA,1,0.002,4.36,128.9,0
S9-AA-NOC-washout-dish3-008,AA,0,0.236,69.76,189.7,0
S9-AA-NOC-washout-dish3-008,AA,0,0.437,18.53,210.5,1
S9-AA-NOC-washout-dish3-008,AA,0,0.26,23.98,223.3,1
S9-AA-NOC-washout-dish3-008,AA,0,0.639,27.25,155.0,0
S9-AA-NOC-washout-dish3-008,AA,0,0.132,34.88,213.8,0
S9-AA-NOC-washout-dish3-008,AA,0,0.166,6.54,254.6,0
S9-AA-NOC-washout-dish3-008,AA,0,0.84,6.54,269.1,0
S9-AA-NOC-washout-dish3-008,AA,0,0.067,13.08,195.8,1
S9-AA-NOC-washout-dish3-008,AA,0,0.027,7.63,224.3,1
S9-AA-NOC-washout-dish3-008,AA,0,0.795,9.81,260.1,1
S9-AA-NOC-washout-dish3-008,AA,0,0.656,4.36,221.7,0
S9-AA-NOC-washout-dish3-008,AA,0,0.821,15.26,267.2,1
S9-AA-NOC-washout-dish3-008,AA,0,0.904,5.45,421.6,0
S9-AA-NOC-washout-dish3-008,AA,0,0.631,5.45,250.7,1
S9-AA-NOC-washout-dish3-008,AA,0,0.287,32.7,253.2,0
S9-AA-NOC-washout-dish3-008,AA,0,0.475,4.36,537.8,0
S9-AA-NOC-washout-dish3-008,AA,0,0.817,70.85,163.7,0
S9-AA-NOC-washout-dish3-008,AA,0,0.501,7.63,434.7,1
S9-AA-NOC-washout-dish3-008,AA,0,0.815,13.08,328.1,0
S9-AA-NOC-washout-dish3-008,AA,0,0.284,6.54,317.3,1
S9-AA-NOC-washout-dish3-008,AA,0,0.572,5.45,241.5,0
S9-AA-NOC-washout-dish3-008,AA,0,0.353,4.36,267.6,0
S9-AA-NOC-washout-dish3-008,AA,0,0.492,10.9,292.7,1
S9-AA-NOC-washout-dish3-008,AA,0,0.441,5.45,358.2,0
S9-AA-NOC-washout-dish3-008,AA,0,0.526,8.72,297.3,1
S9-AA-NOC-washout-dish3-008,AA,0,0.649,7.63,359.1,0
S9-AA-NOC-washout-dish3-008,AA,0,0.751,59.95,141.5,1
S9-AA-NOC-washout-dish3-008,AA,0,0.596,6.54,282.3,0
S9-AA-NOC-washout-dish3-008,AA,0,0.225,8.72,319.1,0
S9-AA-NOC-washout-dish3-008,AA,0,0.344,8.72,276.9,1
S9-AA-NOC-washout-dish3-008,AA,0,0.365,11.99,353.3,0
S9-AA-NOC-washout-dish3-008,AA,0,0.247,6.54,293.7,1
S9-AA-NOC-washout-dish3-008,AA,0,0.609,6.54,376.9,0
S9-AA-NOC-washout-dish3-008,AA,0,0.945,4.36,409.0,0
S9-AA-NOC-washout-dish3-008,AA,0,0.404,13.08,338.8,1
S9-AA-NOC-washout-dish3-008,AA,0,0.673,4.36,353.1,0
S9-AA-NOC-washout-dish3-008,AA,0,0.737,4.36,324.0,0
S9-AA-NOC-washout-dish3-008,AA,0,0.385,5.45,316.0,0
S9-AA-NOC-washout-dish3-008,AA,0,0.028,18.53,230.4,0
S9-AA-NOC-washout-dish3-008,AA,0,0.464,5.45,307.3,0
S9-AA-NOC-washout-dish3-008,AA,0,0.498,5.45,371.3,0
S9-AA-NOC-washout-dish3-008,AA,0,0.141,13.08,354.0,0
S9-AA-NOC-washout-dish3-008,AA,0,0.387,4.36,287.5,0
S9-AA-NOC-washout-dish3-008,AA,0,0.179,6.54,302.5,0
S9-AA-NOC-washout-dish3-008,AA,0,0.265,6.54,357.7,0
S9-AA-NOC-washout-dish3-008,AA,0,0.463,23.98,342.8,0
S9-AA-NOC-washout-dish3-008,AA,0,0.589,7.63,378.5,0
S9-AA-NOC-washout-dish3-008,AA,0,0.774,16.35,345.5,1
S9-AA-NOC-washout-dish3-008,AA,0,0.686,5.45,402.3,0
S9-AA-NOC-washout-dish3-008,AA,0,0.382,25.07,278.4,1
S9-AA-NOC-washout-dish3-008,AA,0,0.291,5.45,255.6,0
S9-AA-NOC-washout-dish3-008,AA,0,0.79,6.54,256.2,0
S9-AA-NOC-washout-dish3-008,AA,0,0.433,8.72,359.2,1
S9-AA-NOC-washout-dish3-008,AA,0,0.06,4.36,336.6,0
S9-AA-NOC-washout-dish3-008,AA,0,0.161,4.36,183.7,1
S9-AA-NOC-washout-dish3-008,AA,0,0.629,38.15,236.0,1
S9-AA-NOC-washout-dish3-008,AA,0,0.643,4.36,441.8,0
S9-AA-NOC-washout-dish3-008,AA,0,0.734,14.17,340.2,0
S9-AA-NOC-washout-dish3-008,AA,0,0.312,10.9,270.2,1
S9-AA-NOC-washout-dish3-008,AA,0,0.694,20.71,220.9,0
S9-AA-NOC-washout-dish3-008,AA,0,0.479,5.45,340.3,1
S9-AA-NOC-washout-dish3-008,AA,0,0.374,13.08,270.2,1
S9-AA-NOC-washout-dish3-008,AA,0,0.104,9.81,245.2,1
S9-AA-NOC-washout-dish3-008,AA,0,0.903,4.36,282.1,0
S9-AA-NOC-washout-dish3-008,AA,0,0.966,8.72,370.0,0
S9-AA-NOC-washout-dish3-008,AA,0,0.633,16.35,309.4,0
S9-AA-NOC-washout-dish3-008,AA,0,0.089,5.45,257.7,0
S9-AA-NOC-washout-dish3-008,AA,0,0.143,4.36,288.0,1
S9-AA-NOC-washout-dish3-008,AA,0,0.199,18.53,299.4,0
S9-AA-NOC-washout-dish3-008,AA,0,0.784,44.69,296.7,1
S9-AA-NOC-washout-dish3-008,AA,0,0.485,5.45,429.9,0
S9-AA-NOC-washout-dish3-008,AA,0,0.665,7.63,297.0,1
S9-AA-NOC-washout-dish3-008,AA,0,0.69,7.63,315.3,0
S9-AA-NOC-washout-dish3-008,AA,0,0.861,5.45,404.5,0
S9-AA-NOC-washout-dish3-008,AA,0,0.917,7.63,308.3,1
S9-AA-NOC-washout-dish3-008,AA,0,0.596,10.9,347.7,1
S9-AA-NOC-washout-dish3-008,AA,0,0.267,6.54,326.4,1
S9-AA-NOC-washout-dish3-008,AA,0,0.469,4.36,381.3,1
S9-AA-NOC-washout-dish3-008,AA,0,0.269,25.07,279.4,1
S9-AA-NOC-washout-dish3-008,AA,0,0.737,21.8,315.0,0
S9-AA-NOC-washout-dish3-008,AA,0,0.346,7.63,381.9,1
S9-AA-NOC-washout-dish3-008,AA,0,0.323,4.36,312.8,1
S9-AA-NOC-washout-dish3-008,AA,0,0.634,16.35,373.2,0
S9-AA-NOC-washout-dish3-008,AA,0,0.312,14.17,309.7,1
S9-AA-NOC-washout-dish3-008,AA,0,0.444,8.72,288.3,0
S9-AA-NOC-washout-dish3-008,AA,0,0.705,6.54,365.6,0
S9-AA-NOC-washout-dish3-008,AA,0,0.553,7.63,383.4,0
S9-AA-NOC-washout-dish3-008,AA,0,0.415,28.34,275.5,1
S9-AA-NOC-washout-dish3-008,AA,0,0.337,16.35,320.8,1
S9-AA-NOC-washout-dish3-008,AA,0,0.112,6.54,182.3,1
S9-AA-NOC-washout-dish3-008,AA,0,0.036,9.81,283.9,0
S9-AA-NOC-washout-dish3-008,AA,0,0.283,6.54,336.7,0
S9-AA-NOC-washout-dish3-008,AA,0,0.77,4.36,301.8,0
S9-AA-NOC-washout-dish3-008,AA,0,0.484,9.81,291.3,0
S9-AA-NOC-washout-dish3-008,AA,0,0.32,9.81,331.2,0
S9-AA-NOC-washout-dish3-008,AA,0,0.323,21.8,218.9,1
S9-AA-NOC-washout-dish3-008,AA,0,0.143,5.45,277.3,1
S9-AA-NOC-washout-dish3-008,AA,0,0.547,19.62,338.1,0
S9-AA-NOC-washout-dish3-008,AA,0,0.658,4.36,470.8,0
S9-AA-NOC-washout-dish3-008,AA,0,0.139,4.36,466.6,0
S9-AA-NOC-washout-dish3-008,AA,0,0.664,14.17,272.8,0
S9-AA-NOC-washout-dish3-008,AA,0,0.292,9.81,372.5,0
S9-AA-NOC-washout-dish3-008,AA,0,0.898,7.63,291.5,0
S9-AA-NOC-washout-dish3-008,AA,0,0.18,7.63,290.1,0
S9-AA-NOC-washout-dish3-008,AA,0,0.863,8.72,276.4,0
S9-AA-NOC-washout-dish3-008,AA,0,0.805,5.45,356.9,0
S9-AA-NOC-washout-dish3-008,AA,0,0.638,10.9,235.4,0
S9-AA-NOC-washout-dish3-008,AA,0,0.927,8.72,378.9,0
S9-AA-NOC-washout-dish3-008,AA,0,0.599,11.99,263.8,1
S9-AA-NOC-washout-dish3-008,AA,0,0.305,5.45,208.7,0
S9-AA-NOC-washout-dish3-008,AA,0,0.7,4.36,312.8,0
S9-AA-NOC-washout-dish3-008,AA,0,0.7,5.45,387.0,0
S9-AA-NOC-washout-dish3-008,AA,0,0.352,6.54,350.7,0
S9-AA-NOC-washout-dish3-008,AA,0,0.429,7.63,230.0,0
S9-AA-NOC-washout-dish3-008,AA,0,0.668,15.26,366.4,0
S9-AA-NOC-washout-dish3-008,AA,0,0.089,18.53,182.8,1
S9-AA-NOC-washout-dish3-008,AA,0,0.279,4.36,243.0,0
S9-AA-NOC-washout-dish3-008,AA,0,0.262,6.54,286.1,1
S9-AA-NOC-washout-dish3-008,AA,0,0.573,17.44,138.3,1
S9-AA-NOC-washout-dish3-008,AA,0,0.057,21.8,275.9,1
S9-AA-NOC-washout-dish3-008,AA,0,0.11,5.45,331.8,0
S9-AA-NOC-washout-dish3-008,AA,0,0.152,15.26,231.0,0
S9-AA-NOC-washout-dish3-008,AA,0,0.393,8.72,175.4,1
S9-AA-NOC-washout-dish3-008,AA,0,0.493,4.36,443.3,1
S9-AA-NOC-washout-dish3-008,AA,0,0.545,5.45,464.0,0
S9-AA-NOC-washout-dish3-008,AA,0,0.512,4.36,236.3,0
S9-AA-NOC-washout-dish3-008,AA,0,0.117,8.72,276.6,1
S9-AA-NOC-washout-dish3-008,AA,0,0.903,15.26,324.0,0
S9-AA-NOC-washout-dish3-008,AA,0,0.755,18.53,351.3,1
S9-AA-NOC-washout-dish3-008,AA,0,0.499,32.7,193.5,0
S9-AA-NOC-washout-dish3-008,AA,0,0.534,4.36,447.5,0
S9-AA-NOC-washout-dish3-008,AA,0,0.695,4.36,131.6,0
S9-AA-NOC-washout-dish3-008,AA,0,0.275,8.72,365.7,0
S9-AA-NOC-washout-dish3-008,AA,0,0.664,31.61,184.6,0
S9-AA-NOC-washout-dish3-008,AA,0,0.587,8.72,222.8,0
S9-AA-NOC-washout-dish3-008,AA,0,0.627,30.52,302.8,1
S9-AA-NOC-washout-dish3-008,AA,0,0.254,4.36,308.7,0
S9-AA-NOC-washout-dish3-008,AA,0,0.584,6.54,324.6,1
S9-AA-NOC-washout-dish3-008,AA,0,0.276,5.45,445.2,0
S9-AA-NOC-washout-dish3-008,AA,0,0.579,9.81,379.0,0
S9-AA-NOC-washout-dish3-008,AA,0,0.07,4.36,431.3,0
S9-AA-NOC-washout-dish3-008,AA,0,0.273,7.63,238.3,0
S9-AA-NOC-washout-dish3-008,AA,0,0.259,14.17,198.0,0
S9-AA-NOC-washout-dish3-008,AA,0,0.715,4.36,452.7,1
S9-AA-NOC-washout-dish3-008,AA,0,0.926,5.45,315.6,0
S9-AA-NOC-washout-dish3-008,AA,0,0.711,8.72,332.3,1
S9-AA-NOC-washout-dish3-008,AA,0,0.517,19.62,351.8,1
S9-AA-NOC-washout-dish3-008,AA,0,0.497,4.36,370.6,0
S9-AA-NOC-washout-dish3-008,AA,0,0.285,8.72,252.5,0
S9-AA-NOC-washout-dish3-008,AA,0,0.6,5.45,245.3,0
S9-AA-NOC-washout-dish3-008,AA,0,0.374,8.72,339.8,1
S9-AA-NOC-washout-dish3-008,AA,0,0.355,7.63,299.7,1
S9-AA-NOC-washout-dish3-008,AA,0,0.196,23.98,178.0,1
S9-AA-NOC-washout-dish3-008,AA,0,0.864,15.26,326.4,1
S9-AA-NOC-washout-dish3-008,AA,0,0.673,4.36,240.5,0
S9-AA-NOC-washout-dish3-008,AA,0,0.49,11.99,293.8,1
S9-AA-NOC-washout-dish3-008,AA,0,0.915,52.32,171.2,0
S9-AA-NOC-washout-dish3-008,AA,0,0.711,15.26,212.7,0
S9-AA-NOC-washout-dish3-008,AA,0,0.832,16.35,303.2,1
S9-AA-NOC-washout-dish3-008,AA,0,0.727,8.72,288.6,0
S9-AA-NOC-washout-dish3-008,AA,0,0.546,11.99,363.8,1
S9-AA-NOC-washout-dish3-008,AA,0,0.108,6.54,292.9,1
S9-AA-NOC-washout-dish3-008,AA,0,0.408,21.8,304.7,0
S9-AA-NOC-washout-dish3-008,AA,0,0.693,5.45,234.9,0
S9-AA-NOC-washout-dish3-008,AA,0,0.433,7.63,289.3,1
S9-AA-NOC-washout-dish3-008,AA,0,0.844,9.81,319.9,0
S9-AA-NOC-washout-dish3-008,AA,0,0.494,8.72,391.2,1
S9-AA-NOC-washout-dish3-008,AA,0,0.182,4.36,363.6,0
S9-AA-NOC-washout-dish3-008,AA,0,0.793,10.9,286.9,1
S9-AA-NOC-washout-dish3-008,AA,0,0.839,4.36,274.4,0
S9-AA-NOC-washout-dish3-008,AA,0,0.753,8.72,327.8,0
S9-AA-NOC-washout-dish3-008,AA,0,0.911,4.36,366.2,0
S9-AA-NOC-washout-dish3-008,AA,0,0.343,4.36,168.7,0
S9-AA-NOC-washout-dish3-008,AA,0,0.749,31.61,255.6,0
S9-AA-NOC-washout-dish3-008,AA,0,0.247,13.08,279.5,1
S9-AA-NOC-washout-dish3-008,AA,0,0.329,11.99,331.8,0
S9-AA-NOC-washout-dish3-008,AA,0,0.736,16.35,308.5,0
S9-AA-NOC-washout-dish3-008,AA,0,0.389,54.5,246.8,0
S9-AA-NOC-washout-dish3-008,AA,0,0.554,7.63,407.8,0
S9-AA-NOC-washout-dish3-008,AA,0,0.178,7.63,249.4,1
S9-AA-NOC-washout-dish3-008,AA,0,0.149,16.35,302.7,0
S9-AA-NOC-washout-dish3-008,AA,0,0.329,21.8,326.3,0
S9-AA-NOC-washout-dish3-008,AA,0,0.594,5.45,387.9,1
S9-AA-NOC-washout-dish3-008,AA,0,0.362,23.98,220.8,0
S9-AA-NOC-washout-dish3-008,AA,0,0.667,32.7,223.6,1
S9-AA-NOC-washout-dish3-008,AA,0,0.785,14.17,323.5,1
S9-AA-NOC-washout-dish3-008,AA,0,0.87,10.9,246.7,0
S9-AA-NOC-washout-dish3-008,AA,0,0.772,4.36,339.9,1
S9-AA-NOC-washout-dish3-008,AA,0,0.199,5.45,291.8,0
S9-AA-NOC-washout-dish3-008,AA,0,0.922,6.54,261.9,0
S9-AA-NOC-washout-dish3-008,AA,0,0.629,4.36,378.5,0
S9-AA-NOC-washout-dish3-008,AA,0,0.391,15.26,259.3,1
S9-AA-NOC-washout-dish3-008,AA,0,0.29,5.45,347.2,0
S9-AA-NOC-washout-dish3-008,AA,0,0.674,4.36,265.3,0
S9-AA-NOC-washout-dish3-008,AA,0,0.254,7.63,358.2,0
S9-AA-NOC-washout-dish3-008,AA,0,0.502,9.81,386.5,1
S9-AA-NOC-washout-dish3-008,AA,0,0.861,4.36,419.8,1
S9-AA-NOC-washout-dish3-008,AA,0,0.821,8.72,375.0,0
S9-AA-NOC-washout-dish3-008,AA,0,0.326,7.63,419.1,0
S9-AA-NOC-washout-dish3-008,AA,0,0.538,4.36,364.9,1
S9-AA-NOC-washout-dish3-008,AA,0,0.477,4.36,275.9,0
S9-AA-NOC-washout-dish3-008,AA,0,0.113,15.26,268.3,1
S9-AA-NOC-washout-dish3-008,AA,0,0.387,4.36,331.9,0
S9-AA-NOC-washout-dish3-008,AA,0,0.886,4.36,283.6,0
S9-AA-NOC-washout-dish3-008,AA,0,0.11,5.45,214.9,1
S9-AA-NOC-washout-dish3-008,AA,0,0.751,4.36,202.9,0
S9-AA-NOC-washout-dish3-008,AA,0,0.602,66.49,242.9,1
S9-AA-NOC-washout-dish3-008,AA,0,0.745,6.54,328.4,0
S9-AA-NOC-washout-dish3-008,AA,0,0.878,5.45,351.1,0
S9-AA-NOC-washout-dish3-008,AA,0,0.719,20.71,358.6,0
S9-AA-NOC-washout-dish3-008,AA,0,0.103,4.36,195.4,1
S9-AA-NOC-washout-dish3-008,AA,0,0.54,8.72,310.7,0
S9-AA-NOC-washout-dish3-008,AA,0,0.905,4.36,305.6,1
S9-AA-NOC-washout-dish3-008,AA,0,0.461,5.45,249.9,1
S9-AA-NOC-washout-dish3-008,AA,0,0.813,19.62,318.8,0
S9-AA-NOC-washout-dish3-008,AA,0,0.612,66.49,187.2,0
S9-AA-NOC-washout-dish3-008,AA,0,0.199,28.34,228.4,1
S9-AA-NOC-washout-dish3-008,AA,0,0.386,7.63,374.7,1
S9-AA-NOC-washout-dish3-008,AA,0,0.556,5.45,306.8,0
S9-AA-NOC-washout-dish3-008,AA,0,0.221,5.45,407.1,1
S9-AA-NOC-washout-dish3-008,AA,0,0.536,8.72,384.6,1
S9-AA-NOC-washout-dish3-008,AA,0,0.324,7.63,345.3,0
S9-AA-NOC-washout-dish3-008,AA,0,0.751,6.54,301.2,1
S9-AA-NOC-washout-dish3-008,AA,0,0.327,7.63,319.7,0
S9-AA-NOC-washout-dish3-008,AA,0,0.756,4.36,430.1,1
S9-AA-NOC-washout-dish3-008,AA,0,0.268,15.26,367.6,0
S9-AA-NOC-washout-dish3-008,AA,0,0.355,17.44,367.4,0
S9-AA-NOC-washout-dish3-008,AA,0,0.482,4.36,282.6,1
S9-AA-NOC-washout-dish3-008,AA,0,0.913,17.44,326.9,1
S9-AA-NOC-washout-dish3-008,AA,0,0.176,8.72,371.3,1
S9-AA-NOC-washout-dish3-008,AA,0,0.467,5.45,365.7,0
S9-AA-NOC-washout-dish3-008,AA,0,0.587,4.36,327.5,0
S9-AA-NOC-washout-dish3-008,AA,0,0.382,8.72,370.9,1
S9-AA-NOC-washout-dish3-008,AA,0,0.995,14.17,188.4,1
S9-AA-NOC-washout-dish3-008,AA,0,0.69,6.54,349.5,1
S9-AA-NOC-washout-dish3-008,AA,0,0.158,11.99,271.8,0
S9-AA-NOC-washout-dish3-008,AA,0,0.594,5.45,436.2,1
S9-AA-NOC-washout-dish3-008,AA,0,0.809,10.9,231.4,0
S9-AA-NOC-washout-dish3-008,AA,0,0.551,17.44,365.0,1
S9-AA-NOC-washout-dish3-008,AA,0,0.586,7.63,400.5,1
S9-AA-NOC-washout-dish3-008,AA,0,0.272,14.17,251.8,0
S9-AA-NOC-washout-dish3-008,AA,0,0.893,5.45,394.4,1
S9-AA-NOC-washout-dish3-008,AA,0,0.771,10.9,429.6,1
S9-AA-NOC-washout-dish3-008,AA,0,0.802,13.08,246.6,1
S9-AA-NOC-washout-dish3-008,AA,0,0.021,17.44,319.6,0
S9-AA-NOC-washout-dish3-008,AA,0,0.905,8.72,373.7,0
S9-AA-NOC-washout-dish3-008,AA,0,0.431,6.54,290.6,1
S9-AA-NOC-washout-dish3-008,AA,0,0.366,4.36,371.1,0
S9-AA-NOC-washout-dish3-008,AA,0,0.348,4.36,202.1,1
S9-AA-NOC-washout-dish3-008,AA,0,0.826,11.99,377.0,0
S9-AA-NOC-washout-dish3-008,AA,0,0.417,5.45,264.9,0
S9-AA-NOC-washout-dish3-008,AA,0,0.8,10.9,358.4,0
S9-AA-NOC-washout-dish3-008,AA,0,0.732,6.54,378.9,0
S9-AA-NOC-washout-dish3-008,AA,0,0.119,20.71,219.2,1
S9-AA-NOC-washout-dish3-008,AA,0,0.09,18.53,277.0,1
S9-AA-NOC-washout-dish3-008,AA,0,0.417,6.54,262.2,0
S9-AA-NOC-washout-dish3-008,AA,0,0.551,14.17,308.0,0
S9-AA-NOC-washout-dish3-008,AA,0,0.941,11.99,230.1,1
S9-AA-NOC-washout-dish3-008,AA,0,0.605,15.26,336.6,0
S9-AA-NOC-washout-dish3-008,AA,0,0.367,6.54,288.5,0
S9-AA-NOC-washout-dish3-008,AA,0,0.651,15.26,370.0,0
S9-AA-NOC-washout-dish3-008,AA,0,0.752,21.8,157.0,1
S9-AA-NOC-washout-dish3-008,AA,0,0.622,6.54,333.7,0
S9-AA-NOC-washout-dish3-008,AA,0,0.316,14.17,321.9,0
S9-AA-NOC-washout-dish3-008,AA,0,0.555,10.9,377.3,1
S9-AA-NOC-washout-dish3-008,AA,0,0.553,5.45,419.4,1
S9-AA-NOC-washout-dish3-008,AA,0,0.976,56.68,181.4,0
S9-AA-NOC-washout-dish3-008,AA,0,0.539,20.71,350.1,1
S9-AA-NOC-washout-dish3-008,AA,0,0.344,6.54,385.6,1
S9-AA-NOC-washout-dish3-008,AA,0,0.704,4.36,284.2,0
S9-AA-NOC-washout-dish3-008,AA,0,0.514,5.45,259.4,0
S9-AA-NOC-washout-dish3-008,AA,0,0.332,5.45,230.6,0
S9-AA-NOC-washout-dish3-008,AA,0,0.805,21.8,390.5,1
S9-AA-NOC-washout-dish3-008,AA,0,0.345,4.36,355.7,0
S9-AA-NOC-washout-dish3-008,AA,0,0.373,13.08,344.5,0
S9-AA-NOC-washout-dish3-008,AA,0,0.761,7.63,345.4,0
S9-AA-NOC-washout-dish3-008,AA,0,0.763,10.9,307.2,0
S9-AA-NOC-washout-dish3-008,AA,0,0.447,4.36,506.2,1
S9-AA-NOC-washout-dish3-008,AA,0,0.37,10.9,331.4,1
S9-AA-NOC-washout-dish3-008,AA,0,0.181,4.36,218.2,0
S9-AA-NOC-washout-dish3-008,AA,0,0.237,7.63,396.2,0
S9-AA-NOC-washout-dish3-008,AA,0,0.409,6.54,461.8,1
S9-AA-NOC-washout-dish3-008,AA,0,0.635,37.06,208.5,0
S9-AA-NOC-washout-dish3-008,AA,0,0.351,6.54,419.0,0
S9-AA-NOC-washout-dish3-008,AA,0,0.189,8.72,263.2,0
S9-AA-NOC-washout-dish3-008,AA,0,0.238,46.87,210.7,0
S9-AA-NOC-washout-dish3-008,AA,0,0.265,5.45,339.0,1
S9-AA-NOC-washout-dish3-008,AA,0,0.477,4.36,308.3,0
S9-AA-NOC-washout-dish3-008,AA,0,0.318,11.99,330.9,1
S9-AA-NOC-washout-dish3-008,AA,0,0.839,4.36,390.0,0
S9-AA-NOC-washout-dish3-008,AA,0,0.081,4.36,204.1,0
S9-AA-NOC-washout-dish3-008,AA,0,0.433,10.9,370.9,0
S9-AA-NOC-washout-dish3-008,AA,0,0.49,7.63,357.2,1
S9-AA-NOC-washout-dish3-008,AA,0,0.157,6.54,383.3,0
S9-AA-NOC-washout-dish3-008,AA,0,0.366,4.36,358.1,0
S9-AA-NOC-washout-dish3-008,AA,0,0.28,8.72,302.3,1
S9-AA-NOC-washout-dish3-008,AA,0,0.343,8.72,370.9,0
S9-AA-NOC-washout-dish3-008,AA,0,0.931,9.81,311.1,0
S9-AA-NOC-washout-dish3-008,AA,0,0.985,5.45,400.2,0
S9-AA-NOC-washout-dish3-008,AA,0,0.292,7.63,316.6,0
S9-AA-NOC-washout-dish3-008,AA,0,0.374,23.98,362.8,1
S9-AA-NOC-washout-dish3-008,AA,0,0.293,8.72,230.1,0
S9-AA-NOC-washout-dish3-008,AA,0,0.304,11.99,387.5,1
S9-AA-NOC-washout-dish3-008,AA,0,0.621,4.36,304.3,0
S9-AA-NOC-washout-dish3-008,AA,0,0.167,4.36,352.1,0
S9-AA-NOC-washout-dish3-008,AA,0,0.548,9.81,226.5,0
S9-AA-NOC-washout-dish3-008,AA,0,0.285,7.63,248.0,1
S9-AA-NOC-washout-dish3-008,AA,0,0.429,5.45,389.2,0
S9-AA-NOC-washout-dish3-008,AA,0,0.276,7.63,427.8,0
S9-AA-NOC-washout-dish3-008,AA,0,0.576,6.54,383.1,1
S9-AA-NOC-washout-dish3-008,AA,0,0.19,18.53,187.8,1
S9-AA-NOC-washout-dish3-008,AA,0,0.491,7.63,313.0,0
S9-AA-NOC-washout-dish3-008,AA,0,0.342,7.63,311.5,1
S9-AA-NOC-washout-dish3-008,AA,0,0.458,5.45,334.9,0
S9-AA-NOC-washout-dish3-008,AA,0,0.789,6.54,331.3,0
S9-AA-NOC-washout-dish3-008,AA,0,0.356,5.45,311.7,0
S9-AA-NOC-washout-dish3-008,AA,0,0.077,8.72,377.4,0
S9-AA-NOC-washout-dish3-008,AA,0,0.422,4.36,290.4,0
S9-AA-NOC-washout-dish3-008,AA,0,0.915,9.81,274.4,1
S9-AA-NOC-washout-dish3-008,AA,0,0.384,5.45,322.8,0
S9-AA-NOC-washout-dish3-008,AA,0,0.439,11.99,334.7,0
S9-AA-NOC-washout-dish3-008,AA,0,0.41,6.54,231.2,0
S9-AA-NOC-washout-dish3-008,AA,0,0.299,4.36,388.4,0
S9-AA-NOC-washout-dish3-008,AA,0,0.728,10.9,351.5,1
S9-AA-NOC-washout-dish3-008,AA,0,0.924,4.36,210.5,1
S9-AA-NOC-washout-dish3-008,AA,0,0.244,16.35,278.5,0
S9-AA-NOC-washout-dish3-008,AA,0,0.345,8.72,334.9,1
S9-AA-NOC-washout-dish3-008,AA,0,0.79,6.54,302.4,1
S9-AA-NOC-washout-dish3-008,AA,0,0.463,5.45,410.7,1
S9-AA-NOC-washout-dish3-008,AA,0,0.791,8.72,433.5,1
S9-AA-NOC-washout-dish3-008,AA,0,0.466,19.62,263.3,1
S9-AA-NOC-washout-dish3-008,AA,0,0.981,43.6,147.7,0
S9-AA-NOC-washout-dish3-008,AA,0,0.367,22.89,282.9,1
S9-AA-NOC-washout-dish3-008,AA,0,0.625,5.45,401.1,1
S9-AA-NOC-washout-dish3-008,AA,0,0.426,7.63,459.8,0
S9-AA-NOC-washout-dish3-008,AA,0,0.356,22.89,226.4,0
S9-AA-NOC-washout-dish3-008,AA,0,0.236,7.63,273.6,0
S9-AA-NOC-washout-dish3-008,AA,0,0.792,22.89,192.6,1
S9-AA-NOC-washout-dish3-008,AA,0,0.776,9.81,368.0,1
S9-AA-NOC-washout-dish3-008,AA,0,0.221,6.54,278.7,0
S9-AA-NOC-washout-dish3-008,AA,0,0.808,26.16,303.9,0
S9-AA-NOC-washout-dish3-008,AA,0,0.186,5.45,417.8,0
S9-AA-NOC-washout-dish3-008,AA,0,0.558,7.63,252.1,0
S9-AA-NOC-washout-dish3-008,AA,0,0.608,20.71,245.6,0
S9-AA-NOC-washout-dish3-008,AA,0,0.498,4.36,251.9,1
S9-AA-NOC-washout-dish3-008,AA,0,0.172,6.54,215.1,1
S9-AA-NOC-washout-dish3-008,AA,0,0.767,7.63,299.0,0
S9-AA-NOC-washout-dish3-008,AA,0,0.518,5.45,470.6,0
S9-AA-NOC-washout-dish3-008,AA,0,0.123,5.45,207.2,1
S9-AA-NOC-washout-dish3-008,AA,0,0.529,4.36,440.9,1
S9-AA-NOC-washout-dish3-008,AA,0,0.529,18.53,297.5,0
S9-AA-NOC-washout-dish3-008,AA,0,0.199,4.36,322.5,1
S9-AA-NOC-washout-dish3-008,AA,0,0.494,8.72,320.9,0
S9-AA-NOC-washout-dish3-008,AA,0,0.518,17.44,307.1,1
S9-AA-NOC-washout-dish3-008,AA,0,0.338,5.45,368.0,0
S9-AA-NOC-washout-dish3-008,AA,0,0.072,41.42,152.1,0
S9-AA-NOC-washout-dish3-008,AA,0,0.56,4.36,361.3,0
S9-AA-NOC-washout-dish3-008,AA,0,0.352,8.72,264.5,0
S9-AA-NOC-washout-dish3-008,AA,0,0.268,5.45,424.7,1
S9-AA-NOC-washout-dish3-008,AA,0,0.72,6.54,421.2,1
S9-AA-NOC-washout-dish3-008,AA,0,0.297,13.08,350.3,0
S9-AA-NOC-washout-dish3-008,AA,0,0.544,5.45,295.3,0
S9-AA-NOC-washout-dish3-008,AA,0,0.784,10.9,314.9,0
S9-AA-NOC-washout-dish3-008,AA,0,0.245,5.45,484.5,1
S9-AA-NOC-washout-dish3-008,AA,0,0.928,25.07,162.3,1
S9-AA-NOC-washout-dish3-008,AA,0,0.822,15.26,284.9,1
S9-AA-NOC-washout-dish3-008,AA,0,0.088,4.36,318.2,0
S9-AA-NOC-washout-dish3-008,AA,0,0.335,10.9,410.7,1
S9-AA-NOC-washout-dish3-008,AA,0,0.909,4.36,394.4,0
S9-AA-NOC-washout-dish3-008,AA,0,0.501,7.63,423.1,0
S9-AA-NOC-washout-dish3-008,AA,0,0.106,4.36,283.5,0
S9-AA-NOC-washout-dish3-008,AA,0,0.395,8.72,348.6,0
S9-AA-NOC-washout-dish3-008,AA,0,0.442,11.99,265.9,0
S9-AA-NOC-washout-dish3-008,AA,0,0.68,5.45,473.9,1
S9-AA-NOC-washout-dish3-008,AA,0,0.415,7.63,374.2,0
S9-AA-NOC-washout-dish3-008,AA,0,0.593,8.72,365.5,0
S9-AA-NOC-washout-dish3-008,AA,0,0.955,5.45,278.4,1
S9-AA-NOC-washout-dish3-008,AA,0,0.252,18.53,267.5,1
S9-AA-NOC-washout-dish3-008,AA,0,0.447,10.9,163.0,0
S9-AA-NOC-washout-dish3-008,AA,0,0.211,5.45,260.8,0
S9-AA-NOC-washout-dish3-008,AA,0,0.522,9.81,350.4,0
S9-AA-NOC-washout-dish3-008,AA,0,0.695,4.36,416.0,0
S9-AA-NOC-washout-dish3-008,AA,0,0.205,7.63,292.0,0
S9-AA-NOC-washout-dish3-008,AA,0,0.292,4.36,216.0,1
S9-AA-NOC-washout-dish3-008,AA,0,0.058,5.45,231.6,0
S9-AA-NOC-washout-dish3-008,AA,0,0.522,11.99,309.6,0
S9-AA-NOC-washout-dish3-008,AA,0,0.865,16.35,296.7,1
S9-AA-NOC-washout-dish3-008,AA,0,0.62,9.81,334.4,1
S9-AA-NOC-washout-dish3-008,AA,0,0.813,10.9,290.1,1
S9-AA-NOC-washout-dish3-008,AA,0,0.262,4.36,398.1,0
S9-AA-NOC-washout-dish3-008,AA,0,0.07,4.36,292.0,0
S9-AA-NOC-washout-dish3-008,AA,0,0.615,8.72,371.7,1
S9-AA-NOC-washout-dish3-008,AA,0,0.943,4.36,315.5,0
S9-AA-NOC-washout-dish3-008,AA,0,0.894,5.45,300.4,1
S9-AA-NOC-washout-dish3-008,AA,0,0.678,7.63,336.0,1
S9-AA-NOC-washout-dish3-008,AA,0,0.732,7.63,376.8,0
S9-AA-NOC-washout-dish3-008,AA,0,0.55,5.45,289.8,0
S9-AA-NOC-washout-dish3-008,AA,0,0.306,6.54,307.4,0
S9-AA-NOC-washout-dish3-008,AA,0,0.439,5.45,240.2,0
S9-AA-NOC-washout-dish3-008,AA,0,0.302,4.36,416.3,1
S9-AA-NOC-washout-dish3-008,AA,0,0.322,9.81,291.3,0
S9-AA-NOC-washout-dish3-008,AA,0,0.503,11.99,354.3,1
S9-AA-NOC-washout-dish3-008,AA,0,0.268,10.9,290.3,1
S9-AA-NOC-washout-dish3-008,AA,0,0.041,4.36,397.3,0
S9-AA-NOC-washout-dish3-008,AA,0,0.492,9.81,301.0,0
S9-AA-NOC-washout-dish3-008,AA,0,0.433,9.81,286.3,0
S9-AA-NOC-washout-dish3-008,AA,0,0.221,9.81,264.3,1
S9-AA-NOC-washout-dish3-008,AA,0,0.168,7.63,257.9,1
S9-AA-NOC-washout-dish3-008,AA,0,0.792,7.63,241.7,0
S9-AA-NOC-washout-dish3-008,AA,0,0.351,14.17,237.3,0
S9-AA-NOC-washout-dish3-008,AA,0,0.155,6.54,307.0,0
S9-AA-NOC-washout-dish3-008,AA,0,0.188,7.63,427.0,1
S9-AA-NOC-washout-dish3-008,AA,0,0.354,5.45,365.5,0
S9-AA-NOC-washout-dish3-008,AA,0,0.821,10.9,185.6,1
S9-AA-NOC-washout-dish3-008,AA,0,0.654,19.62,348.0,1
S9-AA-NOC-washout-dish3-008,AA,0,0.562,5.45,286.9,0
S9-AA-NOC-washout-dish3-008,AA,0,0.661,4.36,248.6,0
S9-AA-NOC-washout-dish3-008,AA,0,0.12,13.08,188.5,1
S9-AA-NOC-washout-dish3-008,AA,0,0.702,13.08,125.0,1
S9-AA-NOC-washout-dish3-008,AA,0,0.145,6.54,350.1,1
S9-AA-NOC-washout-dish3-008,AA,0,0.703,18.53,357.7,1
S9-AA-NOC-washout-dish3-008,AA,0,0.601,8.72,349.6,1
S9-AA-NOC-washout-dish3-008,AA,0,0.476,16.35,326.1,0
S9-AA-NOC-washout-dish3-008,AA,0,0.626,6.54,306.0,0
S9-AA-NOC-washout-dish3-008,AA,0,0.546,7.63,302.9,1
S9-AA-NOC-washout-dish3-008,AA,0,0.332,5.45,416.0,0
S9-AA-NOC-washout-dish3-008,AA,0,0.81,25.07,209.5,0
S9-AA-NOC-washout-dish3-008,AA,0,0.938,6.54,199.2,0
S9-AA-NOC-washout-dish3-008,AA,0,0.661,4.36,428.0,0
S9-AA-NOC-washout-dish3-008,AA,0,0.801,8.72,369.7,0
S9-AA-NOC-washout-dish3-008,AA,0,0.824,4.36,397.9,0
S9-AA-NOC-washout-dish3-008,AA,0,0.465,20.71,357.6,1
S9-AA-NOC-washout-dish3-008,AA,0,0.575,7.63,271.3,1
S9-AA-NOC-washout-dish3-008,AA,0,0.898,17.44,250.0,1
S9-AA-NOC-washout-dish3-008,AA,0,0.039,6.54,422.7,0
S9-AA-NOC-washout-dish3-008,AA,0,0.2,18.53,340.7,0
S9-AA-NOC-washout-dish3-008,AA,0,0.766,4.36,207.4,1
S9-AA-NOC-washout-dish3-008,AA,0,0.221,5.45,234.8,1
S9-AA-NOC-washout-dish3-008,AA,0,0.453,4.36,341.3,0
S9-AA-NOC-washout-dish3-008,AA,0,0.777,9.81,333.4,0
S9-AA-NOC-washout-dish3-008,AA,0,0.783,4.36,238.6,0
S9-AA-NOC-washout-dish3-008,AA,0,0.29,6.54,274.8,0
S9-AA-NOC-washout-dish3-008,AA,0,0.507,5.45,276.5,0
S9-AA-NOC-washout-dish3-008,AA,0,0.645,13.08,349.6,0
S9-AA-NOC-washout-dish3-008,AA,0,0.24,13.08,258.2,1
S9-AA-NOC-washout-dish3-008,AA,0,0.58,8.72,380.2,0
S9-AA-NOC-washout-dish3-008,AA,0,0.839,10.9,310.8,0
S9-AA-NOC-washout-dish3-008,AA,0,0.416,7.63,362.6,1
S9-AA-NOC-washout-dish3-008,AA,0,0.252,5.45,399.4,0
S9-AA-NOC-washout-dish3-008,AA,0,0.528,5.45,460.1,1
S9-AA-NOC-washout-dish3-008,AA,0,0.136,6.54,276.9,0
S9-AA-NOC-washout-dish3-008,AA,0,0.62,7.63,389.3,0
S9-AA-NOC-washout-dish3-008,AA,0,0.756,19.62,149.1,1
S9-AA-NOC-washout-dish3-008,AA,0,0.3,6.54,190.1,0
S9-AA-NOC-washout-dish3-008,AA,0,0.494,6.54,178.9,0
S9-AA-NOC-washout-dish3-008,AA,0,0.214,11.99,326.7,0
S9-AA-NOC-washout-dish3-008,AA,0,0.757,11.99,297.4,0
S9-AA-NOC-washout-dish3-008,AA,0,0.933,6.54,156.1,0
S9-AA-NOC-washout-dish3-008,AA,0,0.612,11.99,289.1,0
S9-AA-NOC-washout-dish3-008,AA,0,0.642,5.45,423.2,0
S9-AA-NOC-washout-dish3-008,AA,0,0.127,7.63,278.1,1
S9-AA-NOC-washout-dish3-008,AA,0,0.284,14.17,248.4,0
S9-AA-NOC-washout-dish3-008,AA,0,0.677,6.54,332.0,1
S9-AA-NOC-washout-dish3-008,AA,0,0.333,7.63,307.7,0
S9-AA-NOC-washout-dish3-008,AA,0,0.926,4.36,249.6,0
S9-AA-NOC-washout-dish3-008,AA,0,0.771,14.17,255.2,0
S9-AA-NOC-washout-dish3-008,AA,0,0.916,5.45,262.3,0
S9-AA-NOC-washout-dish3-008,AA,0,0.309,7.63,311.3,0
S9-AA-NOC-washout-dish3-008,AA,0,0.655,15.26,349.8,1
S9-AA-NOC-washout-dish3-008,AA,0,0.529,13.08,258.1,0
S9-AA-NOC-washout-dish3-008,AA,0,0.084,11.99,277.8,0
S9-AA-NOC-washout-dish3-008,AA,0,0.768,5.45,437.9,0
S9-AA-NOC-washout-dish3-008,AA,0,0.375,4.36,318.3,1
S9-AA-NOC-washout-dish3-008,AA,0,0.13,15.26,203.4,1
S9-AA-NOC-washout-dish3-008,AA,0,0.244,5.45,318.7,1
S9-AA-NOC-washout-dish3-008,AA,0,0.155,4.36,374.3,0
S9-AA-NOC-washout-dish3-008,AA,0,0.39,11.99,349.8,1
S9-AA-NOC-washout-dish3-008,AA,0,0.65,4.36,372.9,1
S9-AA-NOC-washout-dish3-008,AA,0,0.277,9.81,162.9,1
S9-AA-NOC-washout-dish3-008,AA,0,0.55,10.9,314.0,0
S9-AA-NOC-washout-dish3-008,AA,0,0.787,5.45,350.7,0
S9-AA-NOC-washout-dish3-008,AA,0,0.78,10.9,441.2,1
S9-AA-NOC-washout-dish3-008,AA,0,0.603,6.54,251.0,0
S9-AA-NOC-washout-dish3-008,AA,0,0.39,4.36,463.0,1
S9-AA-NOC-washout-dish3-008,AA,0,0.277,4.36,317.3,1
S9-AA-NOC-washout-dish3-008,AA,0,0.451,8.72,375.3,1
S9-AA-NOC-washout-dish3-008,AA,0,0.216,6.54,337.6,0
S9-AA-NOC-washout-dish3-008,AA,0,0.116,8.72,402.7,0
S9-AA-NOC-washout-dish3-008,AA,0,0.225,4.36,226.1,1
S9-AA-NOC-washout-dish3-008,AA,0,0.87,8.72,287.3,0
S9-AA-NOC-washout-dish3-008,AA,0,0.687,4.36,377.3,1
S9-AA-NOC-washout-dish3-008,AA,0,0.027,5.45,257.3,0
S9-AA-NOC-washout-dish3-008,AA,0,0.782,4.36,240.2,1
S9-AA-NOC-washout-dish3-008,AA,0,0.304,10.9,194.0,1
S9-AA-NOC-washout-dish3-008,AA,0,0.32,8.72,263.3,1
S9-AA-NOC-washout-dish3-008,AA,0,0.246,4.36,277.1,1
S9-AA-NOC-washout-dish3-008,AA,0,0.764,8.72,315.4,1
S9-AA-NOC-washout-dish3-008,AA,0,0.796,8.72,324.4,0
S9-AA-NOC-washout-dish3-008,AA,0,0.475,5.45,390.5,0
S9-AA-NOC-washout-dish3-008,AA,0,0.338,7.63,210.8,1
S9-AA-NOC-washout-dish3-008,AA,0,0.526,5.45,225.4,1
S9-AA-NOC-washout-dish3-008,AA,0,0.728,9.81,331.2,1
S9-AA-NOC-washout-dish3-008,AA,0,0.387,6.54,357.4,0
S9-AA-NOC-washout-dish3-008,AA,0,0.148,6.54,289.2,0
S9-AA-NOC-washout-dish3-008,AA,0,0.801,6.54,359.1,1
S9-AA-NOC-washout-dish3-008,AA,0,0.48,8.72,377.4,0
S9-AA-NOC-washout-dish3-008,AA,0,0.31,6.54,414.8,1
S9-AA-NOC-washout-dish3-008,AA,0,0.69,7.63,248.4,0
S9-AA-NOC-washout-dish3-008,AA,0,0.365,4.36,315.0,1
S9-AA-NOC-washout-dish3-008,AA,0,0.584,5.45,377.0,0
S9-AA-NOC-washout-dish3-008,AA,0,0.696,5.45,429.5,1
S9-AA-NOC-washout-dish3-008,AA,0,0.499,7.63,337.7,0
S9-AA-NOC-washout-dish3-008,AA,0,0.304,4.36,378.3,0
S9-AA-NOC-washout-dish3-008,AA,0,0.355,5.45,233.6,0
S9-AA-NOC-washout-dish3-008,AA,0,0.711,6.54,356.6,1
S9-AA-NOC-washout-dish3-008,AA,0,0.474,4.36,511.3,1
S9-AA-NOC-washout-dish3-008,AA,0,0.504,6.54,225.4,1
S9-AA-NOC-washout-dish3-008,AA,0,0.533,5.45,320.4,0
S9-AA-NOC-washout-dish3-008,AA,0,0.672,6.54,329.2,1
S9-AA-NOC-washout-dish3-008,AA,0,0.394,4.36,266.0,1
S9-AA-NOC-washout-dish3-008,AA,0,0.65,5.45,242.6,0
S9-AA-NOC-washout-dish3-008,AA,0,0.248,4.36,371.8,1
S9-AA-NOC-washout-dish3-008,AA,0,0.104,4.36,366.1,0
S9-WT-NOC-washout-dish1002,WT,0,0.811,4.36,163.9,1
S9-WT-NOC-washout-dish1002,WT,0,0.606,15.26,120.1,1
S9-WT-NOC-washout-dish1002,WT,0,0.884,31.61,160.7,0
S9-WT-NOC-washout-dish1002,WT,0,0.229,10.9,235.4,1
S9-WT-NOC-washout-dish1002,WT,0,0.508,20.71,176.3,0
S9-WT-NOC-washout-dish1002,WT,0,0.286,5.45,303.1,1
S9-WT-NOC-washout-dish1002,WT,0,0.636,5.45,347.6,0
S9-WT-NOC-washout-dish1002,WT,0,0.978,54.5,205.9,1
S9-WT-NOC-washout-dish1002,WT,0,0.542,4.36,294.0,0
S9-WT-NOC-washout-dish1002,WT,0,0.467,8.72,169.1,1
S9-WT-NOC-washout-dish1002,WT,0,0.667,26.16,170.0,0
S9-WT-NOC-washout-dish1002,WT,0,0.846,11.99,219.0,0
S9-WT-NOC-washout-dish1002,WT,0,0.663,6.54,278.8,1
S9-WT-NOC-washout-dish1002,WT,0,0.622,35.97,153.7,0
S9-WT-NOC-washout-dish1002,WT,0,0.725,58.86,143.2,0
S9-WT-NOC-washout-dish1002,WT,0,0.644,8.72,199.7,1
S9-WT-NOC-washout-dish1002,WT,0,0.778,28.34,190.9,0
S9-WT-NOC-washout-dish1002,WT,0,0.318,46.87,102.9,1
S9-WT-NOC-washout-dish1002,WT,0,0.73,5.45,196.9,0
S9-WT-NOC-washout-dish1002,WT,0,0.7,27.25,153.4,0
S9-WT-NOC-washout-dish1002,WT,0,0.835,40.33,177.9,0
S9-WT-NOC-washout-dish1002,WT,0,0.756,6.54,215.7,0
S9-WT-NOC-washout-dish1002,WT,0,0.734,15.26,170.0,0
S9-WT-NOC-washout-dish1002,WT,0,0.694,16.35,129.6,1
S9-WT-NOC-washout-dish1002,WT,0,0.921,14.17,143.4,0
S9-WT-NOC-washout-dish1002,WT,0,0.667,11.99,255.4,0
S9-WT-NOC-washout-dish1003,WT,0,0.152,9.81,250.5,0
S9-WT-NOC-washout-dish1003,WT,0,0.603,44.69,95.7,1
S9-WT-NOC-washout-dish1003,WT,0,0.606,25.07,161.3,0
S9-WT-NOC-washout-dish1003,WT,0,0.112,4.36,388.1,1
S9-WT-NOC-washout-dish1003,WT,0,0.386,69.76,108.3,1
S9-WT-NOC-washout-dish1003,WT,0,0.808,29.43,178.1,1
S9-WT-NOC-washout-dish1003,WT,0,0.801,49.05,166.4,0
S9-WT-NOC-washout-dish1003,WT,0,0.656,13.08,199.8,0
S9-WT-NOC-washout-dish1003,WT,0,0.507,7.63,176.5,1
S9-WT-NOC-washout-dish1003,WT,0,0.31,89.38,143.2,0
S9-WT-NOC-washout-dish1003,WT,0,0.502,25.07,225.1,0
S9-WT-NOC-washout-dish1003,WT,0,0.263,26.16,142.5,0
S9-WT-NOC-washout-dish1003,WT,0,0.554,4.36,231.7,0
S9-WT-NOC-washout-dish1003,WT,0,0.478,7.63,176.3,0
S9-WT-NOC-washout-dish1003,WT,0,0.316,8.72,129.0,0
S9-WT-NOC-washout-dish1003,WT,0,0.741,21.8,213.9,1
S9-WT-NOC-washout-dish1003,WT,0,0.513,7.63,311.3,1
S9-WT-NOC-washout-dish1003,WT,0,0.586,11.99,196.4,0
S9-WT-NOC-washout-dish1003,WT,0,0.332,4.36,232.1,0
S9-WT-NOC-washout-dish1003,WT,0,0.976,6.54,181.9,1
S9-WT-NOC-washout-dish1003,WT,0,0.238,14.17,172.6,0
S9-WT-NOC-washout-dish1003,WT,0,0.516,19.62,222.3,0
S9-WT-NOC-washout-dish1003,WT,0,0.818,40.33,153.6,1
S9-WT-NOC-washout-dish1003,WT,0,0.765,82.84,136.3,1
S9-WT-NOC-washout-dish1003,WT,0,0.345,17.44,189.3,0
S9-WT-NOC-washout-dish1003,WT,0,0.656,8.72,183.8,0
S9-WT-NOC-washout-dish1003,WT,0,0.528,9.81,263.6,1
S9-WT-NOC-washout-dish1003,WT,0,0.802,18.53,151.8,1
S9-WT-NOC-washout-dish1003,WT,0,0.322,6.54,228.9,0
S9-WT-NOC-washout-dish1003,WT,0,0.726,8.72,229.7,0
S9-WT-NOC-washout-dish1003,WT,0,0.472,7.63,276.9,0
S9-WT-NOC-washout-dish1003,WT,0,0.068,6.54,163.3,1
S9-WT-NOC-washout-dish1003,WT,0,0.724,18.53,203.9,0
S9-WT-NOC-washout-dish1003,WT,0,0.876,11.99,156.2,0
S9-WT-NOC-washout-dish1003,WT,0,0.375,8.72,310.7,1
S9-WT-NOC-washout-dish1003,WT,0,0.755,21.8,163.0,0
S9-WT-NOC-washout-dish1003,WT,0,0.401,13.08,217.8,0
S9-WT-NOC-washout-dish1003,WT,0,0.56,23.98,151.2,0
S9-WT-NOC-washout-dish1003,WT,0,0.099,4.36,261.7,0
S9-WT-NOC-washout-dish1003,WT,0,0.848,11.99,171.0,0
S9-WT-NOC-washout-dish1003,WT,0,0.655,54.5,128.3,1
S9-WT-NOC-washout-dish1003,WT,0,0.263,7.63,294.0,0
S9-WT-NOC-washout-dish1003,WT,0,0.942,11.99,164.6,1
S9-WT-NOC-washout-dish1003,WT,0,0.191,5.45,207.3,0
S9-WT-NOC-washout-dish1003,WT,0,0.885,11.99,124.3,1
S9-WT-NOC-washout-dish1003,WT,0,0.529,10.9,197.0,1
S9-WT-NOC-washout-dish1003,WT,0,0.641,6.54,208.8,1
S9-WT-NOC-washout-dish1003,WT,0,0.835,5.45,148.7,1
S9-WT-NOC-washout-dish1003,WT,0,0.721,18.53,142.0,0
S9-WT-NOC-washout-dish1003,WT,0,0.258,17.44,199.8,0
S9-WT-NOC-washout-dish1003,WT,0,0.525,7.63,188.3,0
S9-WT-NOC-washout-dish1003,WT,0,0.286,9.81,126.7,1
S9-WT-NOC-washout-dish1003,WT,0,0.625,17.44,111.9,0
S9-WT-NOC-washout-dish1003,WT,0,0.743,5.45,252.2,0
S9-WT-NOC-washout-dish1003,WT,0,0.8,8.72,166.8,0
S9-WT-NOC-washout-dish1003,WT,0,0.765,14.17,253.6,1
S9-WT-NOC-washout-dish1003,WT,0,0.574,16.35,202.5,0
S9-WT-NOC-washout-dish1003,WT,0,0.543,6.54,334.7,0
S9-WT-NOC-washout-dish1003,WT,0,0.884,7.63,261.1,1
S9-WT-NOC-washout-dish1003,WT,0,0.399,10.9,227.6,0
S9-WT-NOC-washout-dish1003,WT,0,0.988,7.63,129.3,0
S9-WT-NOC-washout-dish1004,WT,0,0.104,45.78,78.3,0
S9-WT-NOC-washout-dish1004,WT,0,0.594,39.24,170.0,1
S9-WT-NOC-washout-dish1004,WT,0,0.145,5.45,128.7,0
S9-WT-NOC-washout-dish1004,WT,0,0.729,29.43,214.2,1
S9-WT-NOC-washout-dish1004,WT,0,0.858,14.17,132.7,0
S9-WT-NOC-washout-dish1004,WT,0,0.774,11.99,297.2,0
S9-WT-NOC-washout-dish1004,WT,0,0.82,66.49,107.4,1
S9-WT-NOC-washout-dish1004,WT,0,0.134,15.26,152.5,1
S9-WT-NOC-washout-dish1004,WT,0,0.699,49.05,99.2,0
S9-WT-NOC-washout-dish1004,WT,0,0.917,11.99,164.2,1
S9-WT-NOC-washout-dish1004,WT,0,0.954,34.88,120.2,0
S9-WT-NOC-washout-dish1004,WT,0,0.947,46.87,134.3,0
S9-WT-NOC-washout-dish1004,WT,0,0.94,31.61,152.2,0
S9-WT-NOC-washout-dish1004,WT,0,0.239,20.71,101.3,1
S9-WT-NOC-washout-dish1004,WT,0,0.133,37.06,250.0,0
S9-WT-NOC-washout-dish1004,WT,0,0.932,22.89,231.0,1
S9-WT-NOC-washout-dish1004,WT,0,0.862,19.62,134.0,1
S9-WT-NOC-washout-dish1004,WT,0,0.546,4.36,156.8,1
S9-WT-NOC-washout-dish1004,WT,0,0.916,44.69,98.1,0
S9-WT-NOC-washout-dish1004,WT,0,0.44,52.32,129.3,0
S9-WT-NOC-washout-dish1004,WT,0,0.425,6.54,187.3,1
S9-WT-NOC-washout-dish1004,WT,0,0.275,13.08,155.9,1
S9-WT-NOC-washout-dish1004,WT,0,0.673,32.7,162.3,0
S9-WT-NOC-washout-dish1004,WT,0,0.763,38.15,193.0,0
S9-WT-NOC-washout-dish1004,WT,0,0.777,26.16,104.0,0
S9-WT-NOC-washout-dish1004,WT,0,0.482,32.7,90.1,1
S9-WT-NOC-washout-dish1004,WT,0,0.275,18.53,154.0,0
S9-WT-NOC-washout-dish1004,WT,0,0.409,40.33,73.2,0
S9-WT-NOC-washout-dish1004,WT,0,0.653,11.99,220.2,0
S9-WT-NOC-washout-dish1004,WT,0,0.176,5.45,209.1,1
S9-WT-NOC-washout-dish1004,WT,0,0.273,5.45,273.7,0
S9-WT-NOC-washout-dish1004,WT,0,0.396,8.72,253.5,1
S9-WT-NOC-washout-dish1004,WT,0,0.514,59.95,145.0,1
S9-WT-NOC-washout-dish1004,WT,0,0.171,4.36,298.5,1
S9-WT-NOC-washout-dish1004,WT,0,0.779,40.33,235.8,1
S9-WT-NOC-washout-dish1004,WT,0,0.11,4.36,231.4,0
S9-WT-NOC-washout-dish1004,WT,0,0.92,14.17,187.5,0
S9-WT-NOC-washout-dish1004,WT,0,0.587,55.59,121.0,1
S9-WT-NOC-washout-dish1004,WT,0,0.482,14.17,148.3,0
S9-WT-NOC-washout-dish1004,WT,0,0.592,13.08,206.8,1
S9-WT-NOC-washout-dish1004,WT,0,0.607,13.08,258.7,0
S9-WT-NOC-washout-dish1004,WT,0,0.785,46.87,145.9,1
S9-WT-NOC-washout-dish1004,WT,0,0.183,27.25,127.1,1
S9-WT-NOC-washout-dish1004,WT,0,0.783,22.89,179.3,1
S9-WT-NOC-washout-dish1004,WT,0,0.484,100.28,92.8,1
S9-WT-NOC-washout-dish1004,WT,0,0.923,9.81,146.4,0
S9-WT-NOC-washout-dish1004,WT,0,0.189,23.98,204.6,0
S9-WT-NOC-washout-dish1004,WT,0,0.518,10.9,148.5,1
S9-WT-NOC-washout-dish1004,WT,0,0.508,26.16,154.7,1
S9-WT-NOC-washout-dish1004,WT,0,0.642,75.21,165.5,0
S9-WT-NOC-washout-dish1004,WT,0,0.768,19.62,181.7,1
S9-WT-NOC-washout-dish1004,WT,0,0.365,4.36,217.6,1
S9-WT-NOC-washout-dish1004,WT,0,0.963,7.63,273.7,1
S9-WT-NOC-washout-dish1004,WT,0,0.114,4.36,254.3,1
S9-WT-NOC-washout-dish1004,WT,0,0.463,26.16,219.3,0
S9-WT-NOC-washout-dish1004,WT,0,0.942,14.17,206.7,0
S9-WT-NOC-washout-dish1004,WT,0,0.322,7.63,304.4,1
S9-WT-NOC-washout-dish1004,WT,0,0.253,5.45,353.3,0
S9-WT-NOC-washout-dish1004,WT,0,0.836,38.15,211.4,0
S9-WT-NOC-washout-dish1004,WT,0,0.919,43.6,214.0,1
S9-WT-NOC-washout-dish1004,WT,0,0.631,6.54,154.3,0
S9-WT-NOC-washout-dish1004,WT,0,0.416,20.71,192.0,0
S9-WT-NOC-washout-dish1004,WT,0,0.87,9.81,195.0,1
S9-WT-NOC-washout-dish1004,WT,0,0.245,6.54,218.9,0
S9-WT-NOC-washout-dish1004,WT,0,0.189,5.45,347.4,1
S9-WT-NOC-washout-dish1004,WT,0,0.41,4.36,244.1,0
S9-WT-NOC-washout-dish1004,WT,0,0.268,6.54,108.9,1
S9-WT-NOC-washout-dish1004,WT,0,0.933,43.6,150.8,1
S9-WT-NOC-washout-dish1004,WT,0,0.316,5.45,274.5,0
S9-WT-NOC-washout-dish1004,WT,0,0.8,6.54,206.9,0
S9-WT-NOC-washout-dish1004,WT,0,0.57,4.36,355.5,1
S9-WT-NOC-washout-dish1004,WT,0,0.174,7.63,444.6,0
S9-WT-NOC-washout-dish1004,WT,0,0.968,71.94,114.4,1
S9-WT-NOC-washout-dish1004,WT,0,0.294,21.8,133.6,0
S9-WT-NOC-washout-dish1004,WT,0,0.525,6.54,142.4,0
S9-WT-NOC-washout-dish1004,WT,0,0.726,6.54,128.2,0
S9-WT-NOC-washout-dish1004,WT,0,0.655,30.52,180.5,1
S9-WT-NOC-washout-dish1004,WT,0,0.131,29.43,177.1,0
S9-WT-NOC-washout-dish1004,WT,0,0.346,15.26,175.9,0
S9-WT-NOC-washout-dish1004,WT,0,0.096,4.36,149.6,0
S9-WT-NOC-washout-dish1004,WT,0,0.694,6.54,367.6,0
S9-WT-NOC-washout-dish1004,WT,0,0.33,63.22,127.0,0
S9-WT-NOC-washout-dish1004,WT,0,0.559,8.72,251.9,1
S9-WT-NOC-washout-dish1004,WT,0,0.184,10.9,257.2,1
S9-WT-NOC-washout-dish1004,WT,0,0.807,62.13,85.8,0
S9-WT-NOC-washout-dish1004,WT,0,0.587,4.36,199.2,0
S9-WT-NOC-washout-dish1004,WT,0,0.924,6.54,148.6,1
S9-WT-NOC-washout-dish1004,WT,0,0.825,8.72,233.1,1
S9-WT-NOC-washout-dish1004,WT,0,0.444,26.16,208.0,0
S9-WT-NOC-washout-dish1004,WT,0,0.615,7.63,200.4,1
S9-WT-NOC-washout-dish1004,WT,0,0.601,4.36,206.6,0
S9-WT-NOC-washout-dish1004,WT,0,0.716,29.43,203.1,0
S9-WT-NOC-washout-dish1004,WT,0,0.524,10.9,228.8,0
S9-WT-NOC-washout-dish1004,WT,0,0.356,13.08,202.4,0
S9-WT-NOC-washout-dish1004,WT,0,0.733,4.36,182.3,1
S9-WT-NOC-washout-dish1004,WT,0,0.592,6.54,194.0,0
S9-WT-NOC-washout-dish1004,WT,0,0.663,6.54,200.9,1
S9-WT-NOC-washout-dish1004,WT,0,0.276,5.45,381.6,0
S9-WT-NOC-washout-dish1004,WT,0,0.237,50.14,127.6,0
S9-WT-NOC-washout-dish1004,WT,0,0.573,9.81,135.8,0
S9-WT-NOC-washout-dish1004,WT,0,0.373,7.63,263.3,0
S9-WT-NOC-washout-dish1004,WT,0,0.813,5.45,170.0,0
S9-WT-NOC-washout-dish1004,WT,0,0.271,7.63,202.3,0
S9-WT-NOC-washout-dish1004,WT,0,0.853,15.26,164.3,1
S9-WT-NOC-washout-dish1004,WT,0,0.568,7.63,293.8,0
S9-WT-NOC-washout-dish1004,WT,0,0.33,7.63,281.6,0
S9-WT-NOC-washout-dish1004,WT,0,0.199,20.71,92.6,1
S9-WT-NOC-washout-dish1004,WT,0,0.828,6.54,322.5,0
S9-WT-NOC-washout-dish1004,WT,0,0.68,10.9,191.4,0
S9-WT-NOC-washout-dish1004,WT,0,0.622,43.6,66.1,1
S9-WT-NOC-washout-dish1004,WT,0,0.63,5.45,155.1,1
S9-WT-NOC-washout-dish1004,WT,0,0.745,11.99,189.6,1
S9-WT-NOC-washout-dish1004,WT,0,0.669,8.72,172.2,0
S9-WT-NOC-washout-dish1004,WT,0,0.822,9.81,181.3,0
S9-WT-NOC-washout-dish1004,WT,0,0.105,14.17,187.0,1
S9-WT-NOC-washout-dish1004,WT,0,0.679,15.26,168.9,0
S9-WT-NOC-washout-dish1004,WT,0,0.703,6.54,184.4,0
S9-WT-NOC-washout-dish1004,WT,0,0.928,32.7,164.7,1
S9-WT-NOC-washout-dish1004,WT,0,0.308,32.7,170.1,1
S9-WT-NOC-washout-dish1004,WT,0,0.915,19.62,155.8,1
S9-WT-NOC-washout-dish1004,WT,0,0.076,4.36,290.7,0
S9-WT-NOC-washout-dish1004,WT,0,0.702,29.43,152.5,0
S9-WT-NOC-washout-dish1004,WT,0,0.909,11.99,157.9,0
S9-WT-NOC-washout-dish1004,WT,0,0.504,10.9,244.7,0
S9-WT-NOC-washout-dish1004,WT,0,0.576,9.81,203.3,0
S9-WT-NOC-washout-dish1004,WT,0,0.658,30.52,194.7,1
S9-WT-NOC-washout-dish1004,WT,0,0.094,9.81,97.9,0
S9-WT-NOC-washout-dish1004,WT,0,0.241,13.08,188.9,0
S9-WT-NOC-washout-dish1004,WT,0,0.459,4.36,364.4,0
S9-WT-NOC-washout-dish1004,WT,0,0.248,10.9,245.5,0
S9-WT-NOC-washout-dish1004,WT,0,0.438,11.99,230.7,0
S9-WT-NOC-washout-dish1004,WT,0,0.028,20.71,148.0,0
S9-WT-NOC-washout-dish1004,WT,0,0.674,18.53,165.4,0
S9-WT-NOC-washout-dish1004,WT,0,0.641,16.35,327.7,1
S9-WT-NOC-washout-dish1004,WT,0,0.941,17.44,114.4,0
S9-WT-NOC-washout-dish1004,WT,0,0.804,14.17,190.2,0
S9-WT-NOC-washout-dish1004,WT,0,0.229,11.99,185.7,1
S9-WT-NOC-washout-dish1004,WT,0,0.781,10.9,248.4,0
S9-WT-NOC-washout-dish1004,WT,0,0.919,11.99,132.5,1
S9-WT-NOC-washout-dish1004,WT,0,0.865,8.72,243.8,1
S9-WT-NOC-washout-dish1004,WT,0,0.375,6.54,241.9,0
S9-WT-NOC-washout-dish1004,WT,0,0.25,11.99,335.0,1
S9-WT-NOC-washout-dish1004,WT,0,0.182,4.36,265.5,0
S9-WT-NOC-washout-dish1004,WT,0,0.742,4.36,434.2,1
S9-WT-NOC-washout-dish1004,WT,0,0.705,7.63,150.2,1
S9-WT-NOC-washout-dish1004,WT,0,0.518,8.72,164.7,0
S9-WT-NOC-washout-dish1007,WT,0,0.959,41.42,129.4,1
S9-WT-NOC-washout-dish1007,WT,0,0.263,17.44,76.7,0
S9-WT-NOC-washout-dish1007,WT,0,0.373,5.45,272.2,1
S9-WT-NOC-washout-dish1007,WT,0,0.578,16.35,225.8,1
S9-WT-NOC-washout-dish1007,WT,0,0.538,5.45,310.7,0
S9-WT-NOC-washout-dish1007,WT,0,0.656,21.8,220.7,1
S9-WT-NOC-washout-dish1007,WT,0,0.491,23.98,206.2,0
S9-WT-NOC-washout-dish1007,WT,0,0.935,65.4,113.1,1
S9-WT-NOC-washout-dish1007,WT,0,0.911,80.66,141.6,1
S9-WT-NOC-washout-dish1007,WT,0,0.247,115.54,100.9,1
S9-WT-NOC-washout-dish1007,WT,0,0.718,19.62,66.8,0
S9-WT-NOC-washout-dish1007,WT,0,0.317,8.72,140.0,0
S9-WT-NOC-washout-dish1007,WT,0,0.08,15.26,268.0,0
S9-WT-NOC-washout-dish1007,WT,0,0.292,11.99,164.9,1
S9-WT-NOC-washout-dish1007,WT,0,0.181,10.9,175.2,0
S9-WT-NOC-washout-dish1007,WT,0,0.188,4.36,254.2,1
S9-WT-NOC-washout-dish1007,WT,0,0.188,10.9,165.4,0
S9-WT-NOC-washout-dish1007,WT,0,0.557,8.72,137.1,0
S9-WT-NOC-washout-dish1007,WT,0,0.298,57.77,183.2,0
S9-WT-NOC-washout-dish1007,WT,0,0.054,6.54,138.7,0
S9-WT-NOC-washout-dish1007,WT,0,0.828,4.36,124.1,0
S9-WT-NOC-washout-dish1007,WT,0,0.509,10.9,315.9,0
S9-WT-NOC-washout-dish1007,WT,0,0.695,14.17,225.0,0
S9-WT-NOC-washout-dish1007,WT,0,0.655,31.61,175.5,1
S9-WT-NOC-washout-dish1007,WT,0,0.416,5.45,474.5,0
S9-WT-NOC-washout-dish1007,WT,0,0.468,9.81,322.2,1
S9-WT-NOC-washout-dish1007,WT,0,0.507,13.08,202.8,0
S9-WT-NOC-washout-dish1007,WT,0,0.159,15.26,107.8,1
S9-WT-NOC-washout-dish1007,WT,0,0.242,6.54,267.8,0
S9-WT-NOC-washout-dish1007,WT,0,0.543,15.26,257.8,0
S9-WT-NOC-washout-dish1007,WT,0,0.706,6.54,190.8,0
S9-WT-NOC-washout-dish1007,WT,0,0.041,6.54,170.3,0
S9-WT-NOC-washout-dish1007,WT,0,0.805,6.54,267.0,0
S9-WT-NOC-washout-dish1007,WT,0,0.594,15.26,248.5,0
S9-WT-NOC-washout-dish1007,WT,0,0.309,17.44,205.0,1
S9-WT-NOC-washout-dish1007,WT,0,0.258,20.71,140.6,0
S9-WT-NOC-washout-dish1007,WT,0,0.344,9.81,247.9,0
S9-WT-NOC-washout-dish1007,WT,0,0.542,23.98,172.8,0
S9-WT-NOC-washout-dish1007,WT,0,0.481,8.72,193.1,1
S9-WT-NOC-washout-dish1007,WT,0,0.414,6.54,215.3,1
S9-WT-NOC-washout-dish1007,WT,0,0.895,105.73,135.9,1
S9-WT-NOC-washout-dish1007,WT,0,0.677,76.3,148.5,0
S9-WT-NOC-washout-dish1007,WT,0,0.408,13.08,197.5,0
S9-WT-NOC-washout-dish1007,WT,0,0.139,38.15,187.0,0
S9-WT-NOC-washout-dish1007,WT,0,0.251,7.63,234.2,1
S9-WT-NOC-washout-dish1007,WT,0,0.411,11.99,262.5,1
S9-WT-NOC-washout-dish1007,WT,0,0.393,23.98,179.2,0
S9-WT-NOC-washout-dish1007,WT,0,0.342,8.72,189.7,1
S9-WT-NOC-washout-dish1007,WT,0,0.603,13.08,217.2,0
S9-WT-NOC-washout-dish1007,WT,0,0.499,8.72,174.0,1
S9-WT-NOC-washout-dish1007,WT,0,0.688,4.36,232.7,0
S9-WT-NOC-washout-dish1007,WT,0,0.228,4.36,161.1,0
S9-WT-NOC-washout-dish1007,WT,0,0.772,5.45,250.3,1
S9-WT-NOC-washout-dish1007,WT,0,0.108,4.36,258.9,1
S9-WT-NOC-washout-dish1007,WT,0,0.392,14.17,229.0,0
S9-WT-NOC-washout-dish1007,WT,0,0.535,4.36,308.4,0
S9-WT-NOC-washout-dish1007,WT,0,0.681,14.17,181.5,1
S9-WT-NOC-washout-dish1007,WT,0,0.22,9.81,134.2,1
S9-WT-NOC-washout-dish1007,WT,0,0.336,32.7,163.2,1
S9-WT-NOC-washout-dish1007,WT,0,0.843,13.08,262.8,0
S9-WT-NOC-washout-dish1007,WT,0,0.349,13.08,243.3,1
S9-WT-NOC-washout-dish1007,WT,0,0.852,7.63,188.0,1
S9-WT-NOC-washout-dish1007,WT,0,0.351,4.36,259.8,1
S9-WT-NOC-washout-dish1007,WT,0,0.116,10.9,211.5,1
S9-WT-NOC-washout-dish1007,WT,0,0.708,9.81,230.6,1
S9-WT-NOC-washout-dish1007,WT,0,0.606,17.44,218.4,1
S9-WT-NOC-washout-dish1007,WT,0,0.963,13.08,156.1,0
S9-WT-NOC-washout-dish1007,WT,0,0.479,17.44,197.6,0
S9-WT-NOC-washout-dish1007,WT,0,0.893,22.89,163.8,1
S9-WT-NOC-washout-dish1007,WT,0,0.768,4.36,384.8,0
S9-WT-NOC-washout-dish1007,WT,0,0.063,5.45,304.1,0
S9-WT-NOC-washout-dish1007,WT,0,0.266,39.24,139.2,1
S9-WT-NOC-washout-dish1007,WT,0,0.496,34.88,149.5,0
S9-WT-NOC-washout-dish1007,WT,0,0.507,4.36,343.2,1
S9-WT-NOC-washout-dish1007,WT,0,0.915,15.26,224.1,1
S9-WT-NOC-washout-dish1007,WT,0,0.471,5.45,387.7,0
S9-WT-NOC-washout-dish1007,WT,0,0.223,11.99,194.6,1
S9-WT-NOC-washout-dish1007,WT,0,0.015,4.36,273.2,0
S9-WT-NOC-washout-dish1007,WT,0,0.548,7.63,267.2,0
S9-WT-NOC-washout-dish1007,WT,0,0.561,22.89,238.4,1
S9-WT-NOC-washout-dish1007,WT,0,0.426,25.07,161.2,1
S9-WT-NOC-washout-dish1007,WT,0,0.031,10.9,214.6,1
S9-WT-NOC-washout-dish1007,WT,0,0.576,13.08,149.4,0
S9-WT-NOC-washout-dish1007,WT,0,0.255,5.45,220.3,0
S9-WT-NOC-washout-dish1007,WT,0,0.812,4.36,102.6,0
S9-WT-NOC-washout-dish1007,WT,0,0.496,32.7,202.6,0
S9-WT-NOC-washout-dish1007,WT,0,0.763,7.63,290.9,1
S9-WT-NOC-washout-dish1007,WT,0,0.475,7.63,261.8,0
S9-WT-NOC-washout-dish1007,WT,0,0.81,22.89,219.9,0
S9-WT-NOC-washout-dish1007,WT,0,0.989,13.08,194.5,0
S9-WT-NOC-washout-dish1007,WT,0,0.253,4.36,172.0,1
S9-WT-NOC-washout-dish1007,WT,0,0.759,20.71,125.6,1
S9-WT-NOC-washout-dish1007,WT,0,0.316,9.81,348.0,1
S9-WT-NOC-washout-dish1007,WT,0,0.706,5.45,290.7,0
S9-WT-NOC-washout-dish1007,WT,0,0.184,7.63,235.5,0
S9-WT-NOC-washout-dish1007,WT,0,0.528,4.36,270.1,0
S9-WT-NOC-washout-dish1007,WT,0,0.265,10.9,192.5,1
S9-WT-NOC-washout-dish1007,WT,0,0.317,17.44,224.7,0
S9-WT-NOC-washout-dish1007,WT,0,0.327,4.36,393.0,1
S9-WT-NOC-washout-dish1007,WT,0,0.598,50.14,156.8,1
S9-WT-NOC-washout-dish1007,WT,0,0.11,4.36,282.6,0
S9-WT-NOC-washout-dish1007,WT,0,0.639,9.81,172.2,0
S9-WT-NOC-washout-dish1007,WT,0,0.081,5.45,254.2,0
S9-WT-NOC-washout-dish1007,WT,0,0.49,39.24,177.8,0
S9-WT-NOC-washout-dish1007,WT,0,0.562,15.26,192.9,0
S9-WT-NOC-washout-dish1007,WT,0,0.895,8.72,220.5,1
S9-WT-NOC-washout-dish1007,WT,0,0.694,7.63,186.6,1
S9-WT-NOC-washout-dish1007,WT,0,0.036,37.06,149.9,0
S9-WT-NOC-washout-dish1007,WT,0,0.572,6.54,367.6,0
S9-WT-NOC-washout-dish1007,WT,0,0.051,23.98,225.0,1
S9-WT-NOC-washout-dish1007,WT,0,0.471,6.54,383.4,0
S9-WT-NOC-washout-dish1007,WT,0,0.904,65.4,181.8,1
S9-WT-NOC-washout-dish1007,WT,0,0.505,15.26,287.6,1
S9-WT-NOC-washout-dish1007,WT,0,0.14,6.54,242.7,1
S9-WT-NOC-washout-dish1007,WT,0,0.444,5.45,213.6,0
S9-WT-NOC-washout-dish1007,WT,0,0.241,6.54,189.0,1
S9-WT-NOC-washout-dish1007,WT,0,0.78,13.08,197.0,1
S9-WT-NOC-washout-dish1007,WT,0,0.69,17.44,148.9,0
S9-WT-NOC-washout-dish1007,WT,0,0.624,8.72,168.6,0
S9-WT-NOC-washout-dish1007,WT,0,0.928,5.45,245.1,0
S9-WT-NOC-washout-dish1007,WT,0,0.81,61.04,111.4,1
S9-WT-NOC-washout-dish1007,WT,0,0.722,5.45,289.5,1
S9-WT-NOC-washout-dish1007,WT,0,0.171,6.54,261.4,1
S9-WT-NOC-washout-dish1007,WT,0,0.724,9.81,88.1,0
S9-WT-NOC-washout-dish1007,WT,0,0.469,47.96,205.5,1
S9-WT-NOC-washout-dish1007,WT,0,0.385,25.07,202.9,0
S9-WT-NOC-washout-dish1007,WT,0,0.544,9.81,134.5,1
S9-WT-NOC-washout-dish1007,WT,0,0.358,41.42,210.6,0
S9-WT-NOC-washout-dish1007,WT,0,0.595,9.81,278.4,1
S9-WT-NOC-washout-dish1007,WT,0,0.349,5.45,265.3,0
S9-WT-NOC-washout-dish1007,WT,0,0.502,18.53,192.2,0
S9-WT-NOC-washout-dish1007,WT,0,0.617,20.71,256.8,1
S9-WT-NOC-washout-dish1007,WT,0,0.634,39.24,134.9,0
S9-WT-NOC-washout-dish1007,WT,0,0.331,33.79,114.6,0
S9-WT-NOC-washout-dish1007,WT,0,0.184,9.81,356.3,1
S9-WT-NOC-washout-dish1007,WT,0,0.623,21.8,173.5,0
S9-WT-NOC-washout-dish1007,WT,0,0.419,7.63,192.4,0
S9-WT-NOC-washout-dish1007,WT,0,0.844,7.63,214.4,0
S9-WT-NOC-washout-dish1007,WT,0,0.743,7.63,246.9,1
S9-WT-NOC-washout-dish1007,WT,0,0.603,16.35,197.8,0
S9-WT-NOC-washout-dish1007,WT,0,0.81,19.62,149.6,1
S9-WT-NOC-washout-dish1007,WT,0,0.514,4.36,149.1,1
S9-WT-NOC-washout-dish1007,WT,0,0.606,5.45,152.2,1
S9-WT-NOC-washout-dish1007,WT,0,0.338,7.63,163.4,0
S9-WT-NOC-washout-dish1007,WT,0,0.471,21.8,260.9,1
S9-WT-NOC-washout-dish1007,WT,0,0.376,46.87,86.7,0
S9-WT-NOC-washout-dish1007,WT,0,0.718,7.63,157.3,1
S9-WT-NOC-washout-dish1007,WT,0,0.928,5.45,216.2,0
S9-WT-NOC-washout-dish1007,WT,0,0.255,31.61,235.1,1
S9-WT-NOC-washout-dish1007,WT,0,0.352,8.72,176.7,1
S9-WT-NOC-washout-dish1007,WT,0,0.117,4.36,185.2,0
S9-WT-NOC-washout-dish1007,WT,0,0.762,16.35,169.7,1
S9-WT-NOC-washout-dish1007,WT,0,0.705,6.54,291.3,1
S9-WT-NOC-washout-dish1007,WT,0,0.38,7.63,254.8,1
S9-WT-NOC-washout-dish1007,WT,0,0.624,4.36,332.2,1
S9-WT-NOC-washout-dish1007,WT,0,0.178,5.45,203.3,1
S9-WT-NOC-washout-dish1007,WT,0,0.914,26.16,118.2,0
S9-WT-NOC-washout-dish1007,WT,0,0.422,13.08,204.3,1
S9-WT-NOC-washout-dish1007,WT,0,0.936,5.45,357.7,1
S9-WT-NOC-washout-dish1007,WT,0,0.922,20.71,189.7,0
S9-WT-NOC-washout-dish1007,WT,0,0.729,16.35,152.9,0
S9-WT-NOC-washout-dish1007,WT,0,0.748,18.53,215.5,1
S9-WT-NOC-washout-dish1007,WT,0,0.462,15.26,229.4,1
S9-WT-NOC-washout-dish1007,WT,0,0.282,30.52,222.4,0
S9-WT-NOC-washout-dish1007,WT,0,0.786,14.17,160.4,0
S9-WT-NOC-washout-dish1007,WT,0,0.235,30.52,147.6,1
S9-WT-NOC-washout-dish1007,WT,0,0.197,15.26,213.4,0
S9-WT-NOC-washout-dish1007,WT,0,0.304,26.16,135.7,0
S9-WT-NOC-washout-dish1007,WT,0,0.191,11.99,294.4,0
S9-WT-NOC-washout-dish1007,WT,0,0.608,29.43,137.5,0
S9-WT-NOC-washout-dish1007,WT,0,0.95,7.63,240.3,0
S9-WT-NOC-washout-dish1007,WT,0,0.516,4.36,521.7,0
S9-WT-NOC-washout-dish1007,WT,0,0.738,22.89,215.6,1
S9-WT-NOC-washout-dish1007,WT,0,0.701,6.54,204.1,0
S9-WT-NOC-washout-dish1007,WT,0,0.8,21.8,109.2,0
S9-WT-NOC-washout-dish1007,WT,0,0.159,7.63,235.4,1
S9-WT-NOC-washout-dish1007,WT,0,0.953,6.54,184.0,0
S9-WT-NOC-washout-dish1007,WT,0,0.434,15.26,176.8,0
S9-WT-NOC-washout-dish1007,WT,0,0.289,18.53,260.4,0
S9-WT-NOC-washout-dish1007,WT,0,0.674,5.45,233.9,1
S9-WT-NOC-washout-dish1007,WT,0,0.527,18.53,222.0,1
S9-WT-NOC-washout-dish1007,WT,0,0.611,7.63,223.7,1
S9-WT-NOC-washout-dish1007,WT,0,0.428,6.54,295.0,0
S9-WT-NOC-washout-dish1007,WT,0,0.833,6.54,199.2,0
S9-WT-NOC-washout-dish1007,WT,0,0.923,15.26,218.2,0
S9-WT-NOC-washout-dish1007,WT,0,0.336,7.63,307.5,1
S9-WT-NOC-washout-dish1007,WT,0,0.923,15.26,194.4,0
S9-WT-NOC-washout-dish1007,WT,0,0.362,5.45,261.7,0
S9-WT-NOC-washout-dish1007,WT,0,0.985,4.36,241.1,0
S9-WT-NOC-washout-dish1007,WT,0,0.51,6.54,121.3,1
S9-WT-NOC-washout-dish1007,WT,0,0.705,4.36,492.4,0
S9-WT-NOC-washout-dish1007,WT,0,0.985,8.72,124.1,0
S9-WT-NOC-washout-dish1007,WT,0,0.364,7.63,210.2,1
S9-WT-NOC-washout-dish1007,WT,0,0.242,7.63,308.7,1
S9-WT-NOC-washout-dish1007,WT,0,0.963,7.63,216.4,0
S9-WT-NOC-washout-dish1007,WT,0,0.538,7.63,156.0,0
S9-WT-NOC-washout-dish1007,WT,0,0.124,7.63,240.2,0
S9-WT-NOC-washout-dish1007,WT,0,0.408,6.54,126.8,0
S9-WT-NOC-washout-dish1007,WT,0,0.295,6.54,209.0,1
S9-WT-NOC-washout-dish1007,WT,0,0.222,6.54,288.0,0
S9-WT-NOC-washout-dish1007,WT,0,0.889,5.45,211.4,0
S9-WT-NOC-washout-dish1007,WT,0,0.957,5.45,152.1,0
S9-WT-NOC-washout-dish1007,WT,0,0.2,6.54,160.4,1
S9-WT-NOC-washout-dish1007,WT,0,0.828,4.36,385.4,1
S9-WT-NOC-washout-dish1008,WT,0,0.818,87.2,166.7,1
S9-WT-NOC-washout-dish1008,WT,0,0.873,20.71,133.4,1
S9-WT-NOC-washout-dish1008,WT,0,0.042,11.99,248.4,1
S9-WT-NOC-washout-dish1008,WT,0,0.595,29.43,112.0,0
S9-WT-NOC-washout-dish1008,WT,0,0.47,56.68,141.8,0
S9-WT-NOC-washout-dish1008,WT,0,0.787,19.62,249.4,1
S9-WT-NOC-washout-dish1008,WT,0,0.184,8.72,167.0,0
S9-WT-NOC-washout-dish1008,WT,0,0.834,6.54,175.6,0
S9-WT-NOC-washout-dish1008,WT,0,0.607,21.8,299.6,1
S9-WT-NOC-washout-dish1008,WT,0,0.908,21.8,166.9,1
S9-WT-NOC-washout-dish1008,WT,0,0.542,7.63,219.0,1
S9-WT-NOC-washout-dish1008,WT,0,0.861,17.44,209.9,0
S9-WT-NOC-washout-dish1008,WT,0,0.885,13.08,225.9,0
S9-WT-NOC-washout-dish1008,WT,0,0.272,5.45,282.6,0
S9-WT-NOC-washout-dish1008,WT,0,0.537,5.45,377.2,1
S9-WT-NOC-washout-dish1008,WT,0,0.404,28.34,241.2,0
S9-WT-NOC-washout-dish1008,WT,0,0.759,6.54,228.3,0
S9-WT-NOC-washout-dish1008,WT,0,0.494,4.36,273.6,0
S9-WT-NOC-washout-dish1008,WT,0,0.459,11.99,162.5,0
S9-WT-NOC-washout-dish1008,WT,0,0.741,9.81,261.9,0
S9-WT-NOC-washout-dish1008,WT,0,0.766,53.41,187.9,1
S9-WT-NOC-washout-dish1008,WT,0,0.526,6.54,333.9,0
S9-WT-NOC-washout-dish1008,WT,0,0.78,15.26,136.0,0
S9-WT-NOC-washout-dish1008,WT,0,0.844,8.72,281.1,1
S9-WT-NOC-washout-dish1008,WT,0,0.698,5.45,200.7,0
S9-WT-NOC-washout-dish1008,WT,0,0.514,25.07,181.0,0
S9-WT-NOC-washout-dish1008,WT,0,0.611,13.08,199.6,1
S9-WT-NOC-washout-dish1008,WT,0,0.719,37.06,171.0,1
S9-WT-NOC-washout-dish1008,WT,0,0.168,5.45,268.4,0
S9-WT-NOC-washout-dish1008,WT,0,0.811,57.77,141.9,0
S9-WT-NOC-washout-dish1008,WT,0,0.715,9.81,174.2,1
S9-WT-NOC-washout-dish1008,WT,0,0.384,5.45,338.1,1
S9-WT-NOC-washout-dish1008,WT,0,0.892,10.9,293.5,1
S9-WT-NOC-washout-dish1008,WT,0,0.564,6.54,113.3,0
S9-WT-NOC-washout-dish1008,WT,0,0.39,5.45,203.0,1
S9-WT-NOC-washout-dish1008,WT,0,0.632,21.8,157.2,0
S9-WT-NOC-washout-dish1008,WT,0,0.635,9.81,197.4,0
S9-WT-NOC-washout-dish1008,WT,0,0.946,27.25,263.3,1
S9-WT-NOC-washout-dish1008,WT,0,0.921,35.97,142.9,0
S9-WT-NOC-washout-dish1008,WT,0,0.945,28.34,180.8,1
S9-WT-NOC-washout-dish1008,WT,0,0.863,13.08,170.3,0
S9-WT-NOC-washout-dish1008,WT,0,0.516,21.8,169.6,1
S9-WT-NOC-washout-dish1008,WT,0,0.57,10.9,132.0,1
S9-WT-NOC-washout-dish1008,WT,0,0.481,8.72,183.2,0
S9-WT-NOC-washout-dish1008,WT,0,0.805,19.62,197.6,1
S9-WT-NOC-washout-dish1008,WT,0,0.802,11.99,312.9,1
S9-WT-NOC-washout-dish1008,WT,0,0.414,8.72,175.3,0
S9-WT-NOC-washout-dish1008,WT,0,0.603,13.08,126.0,0
S9-WT-NOC-washout-dish1008,WT,0,0.731,7.63,166.5,0
S9-WT-NOC-washout-dish1009,WT,0,0.21,4.36,327.9,1
S9-WT-NOC-washout-dish1009,WT,0,0.976,13.08,218.5,0
S9-WT-NOC-washout-dish1009,WT,0,0.539,41.42,143.5,1
S9-WT-NOC-washout-dish1009,WT,0,0.334,14.17,244.7,0
S9-WT-NOC-washout-dish1009,WT,0,0.445,74.12,88.3,0
S9-WT-NOC-washout-dish1009,WT,0,0.489,10.9,232.8,1
S9-WT-NOC-washout-dish1009,WT,0,0.626,20.71,153.5,0
S9-WT-NOC-washout-dish1009,WT,0,0.652,14.17,202.8,0
S9-WT-NOC-washout-dish1009,WT,0,0.589,4.36,216.1,1
S9-WT-NOC-washout-dish1009,WT,0,0.143,7.63,260.6,0
S9-WT-NOC-washout-dish1009,WT,0,0.971,4.36,192.3,1
S9-WT-NOC-washout-dish1009,WT,0,0.619,4.36,227.3,1
S9-WT-NOC-washout-dish1009,WT,0,0.864,6.54,271.3,0
S9-WT-NOC-washout-dish1009,WT,0,0.694,16.35,152.7,1
S9-WT-NOC-washout-dish1009,WT,0,0.099,10.9,230.4,0
S9-WT-NOC-washout-dish1009,WT,0,0.813,28.34,230.8,0
S9-WT-NOC-washout-dish1009,WT,0,0.132,8.72,212.1,1
S9-WT-NOC-washout-dish1009,WT,0,0.85,17.44,252.0,1
S9-WT-NOC-washout-dish1009,WT,0,0.707,11.99,295.2,0
S9-WT-NOC-washout-dish1009,WT,0,0.51,4.36,182.9,1
S9-WT-NOC-washout-dish1009,WT,0,0.413,8.72,243.6,1
S9-WT-NOC-washout-dish1009,WT,0,0.514,46.87,118.8,1
S9-WT-NOC-washout-dish1009,WT,0,0.051,4.36,336.1,0
S9-WT-NOC-washout-dish1009,WT,0,0.554,23.98,243.8,1
S9-WT-NOC-washout-dish1009,WT,0,0.987,14.17,274.2,0
S9-WT-NOC-washout-dish1009,WT,0,0.315,6.54,95.5,0
S9-WT-NOC-washout-dish1009,WT,0,0.958,8.72,170.9,1
S9-WT-NOC-washout-dish1009,WT,0,0.26,5.45,308.1,0
S9-WT-NOC-washout-dish1009,WT,0,0.861,31.61,240.7,0
S9-WT-NOC-washout-dish1009,WT,0,0.258,13.08,233.4,0
S9-WT-NOC-washout-dish1009,WT,0,0.354,5.45,271.4,0
S9-WT-NOC-washout-dish1009,WT,0,0.049,4.36,145.8,0
S9-WT-NOC-washout-dish1009,WT,0,0.647,13.08,154.4,1
S9-WT-NOC-washout-dish1009,WT,0,0.287,9.81,200.9,0
S9-WT-NOC-washout-dish1009,WT,0,0.495,46.87,212.9,1
S9-WT-NOC-washout-dish1009,WT,0,0.04,5.45,211.0,1
S9-WT-NOC-washout-dish1009,WT,0,0.073,13.08,135.6,0
S9-WT-NOC-washout-dish1009,WT,0,0.654,10.9,207.3,1
S9-WT-NOC-washout-dish1009,WT,0,0.257,6.54,212.6,0
S9-WT-NOC-washout-dish1009,WT,0,0.96,8.72,213.7,0
S9-WT-NOC-washout-dish1009,WT,0,0.537,26.16,136.1,1
S9-WT-NOC-washout-dish1009,WT,0,0.968,14.17,199.7,0
S9-WT-NOC-washout-dish1009,WT,0,0.457,8.72,274.9,0
S9-WT-NOC-washout-dish1009,WT,0,0.837,13.08,226.3,0
S9-WT-NOC-washout-dish1009,WT,0,0.71,30.52,203.6,0
S9-WT-NOC-washout-dish1009,WT,0,0.385,5.45,231.6,0
S9-WT-NOC-washout-dish1009,WT,0,0.276,7.63,234.6,1
S9-WT-NOC-washout-dish1009,WT,0,0.874,22.89,152.7,0
S9-WT-NOC-washout-dish1009,WT,0,0.711,7.63,315.2,0
S9-WT-NOC-washout-dish1009,WT,0,0.872,8.72,162.6,0
S9-WT-NOC-washout-dish1009,WT,0,0.34,5.45,220.5,0
S9-WT-NOC-washout-dish1009,WT,0,0.499,8.72,398.4,0
S9-WT-NOC-washout-dish1009,WT,0,0.147,8.72,261.5,0
S9-WT-NOC-washout-dish1009,WT,0,0.469,14.17,150.6,1
S9-WT-NOC-washout-dish1009,WT,0,0.864,43.6,149.3,0
S9-WT-NOC-washout-dish1009,WT,0,0.829,19.62,149.1,0
S9-WT-NOC-washout-dish1009,WT,0,0.607,5.45,314.6,1
S9-WT-NOC-washout-dish1009,WT,0,0.587,4.36,317.9,1
S9-WT-NOC-washout-dish1009,WT,0,0.777,7.63,170.1,1
S9-WT-NOC-washout-dish1009,WT,0,0.942,4.36,211.0,0
S9-WT-NOC-washout-dish1009,WT,0,0.152,5.45,213.7,0
S9-WT-NOC-washout-dish1009,WT,0,0.94,6.54,168.9,1
S9-WT-NOC-washout-dish1009,WT,0,0.275,10.9,204.3,0
S9-WT-NOC-washout-dish1009,WT,0,0.711,5.45,172.3,0
S9-WT-NOC-washout-dish1009,WT,0,0.217,7.63,300.3,0
S9-WT-NOC-washout-dish1009,WT,0,0.558,25.07,174.5,1
S9-WT-NOC-washout-dish1009,WT,0,0.241,6.54,158.1,0
S9-WT-NOC-washout-dish1009,WT,0,0.382,13.08,219.1,0
S9-WT-NOC-washout-dish1009,WT,0,0.885,10.9,170.2,0
S9-WT-NOC-washout-dish1009,WT,0,0.629,6.54,318.5,1
S9-WT-NOC-washout-dish1009,WT,0,0.602,11.99,193.3,0
S9-WT-NOC-washout-dish1009,WT,0,0.737,6.54,181.5,0
S9-WT-NOC-washout-dish1009,WT,0,0.413,10.9,286.3,0
S9-WT-NOC-washout-dish2-001,WT,0,0.475,34.88,145.5,0
S9-WT-NOC-washout-dish2-001,WT,0,0.834,35.97,126.8,0
S9-WT-NOC-washout-dish2-001,WT,0,0.843,53.41,177.2,1
S9-WT-NOC-washout-dish2-001,WT,0,0.263,8.72,154.1,0
S9-WT-NOC-washout-dish2-001,WT,0,0.937,40.33,62.4,0
S9-WT-NOC-washout-dish2-001,WT,0,0.473,29.43,143.8,1
S9-WT-NOC-washout-dish2-001,WT,0,0.716,27.25,170.6,0
S9-WT-NOC-washout-dish2-001,WT,0,0.4,5.45,106.6,0
S9-WT-NOC-washout-dish2-001,WT,0,0.889,6.54,165.6,0
S9-WT-NOC-washout-dish2-001,WT,0,0.486,7.63,249.5,0
S9-WT-NOC-washout-dish2-001,WT,0,0.132,4.36,238.1,0
S9-WT-NOC-washout-dish2-001,WT,0,0.389,47.96,179.3,1
S9-WT-NOC-washout-dish2-001,WT,0,0.85,9.81,175.2,1
S9-WT-NOC-washout-dish2-001,WT,0,0.772,42.51,119.8,0
S9-WT-NOC-washout-dish2-001,WT,0,0.63,17.44,218.1,0
S9-WT-NOC-washout-dish2-001,WT,0,0.934,9.81,201.5,1
S9-WT-NOC-washout-dish2-001,WT,0,0.261,21.8,242.8,0
S9-WT-NOC-washout-dish2-001,WT,0,0.233,8.72,156.2,0
S9-WT-NOC-washout-dish2-001,WT,0,0.883,7.63,213.4,0
S9-WT-NOC-washout-dish2-001,WT,0,0.335,11.99,275.2,0
S9-WT-NOC-washout-dish2-001,WT,0,0.812,31.61,257.8,0
S9-WT-NOC-washout-dish2-001,WT,0,0.944,14.17,185.4,0
S9-WT-NOC-washout-dish2-001,WT,0,0.665,7.63,137.2,1
S9-WT-NOC-washout-dish2-001,WT,0,0.819,35.97,176.9,0
S9-WT-NOC-washout-dish2-001,WT,0,0.726,4.36,293.7,0
S9-WT-NOC-washout-dish2-001,WT,0,0.651,18.53,269.2,1
S9-WT-NOC-washout-dish2-001,WT,0,0.23,10.9,199.9,0
S9-WT-NOC-washout-dish2-001,WT,0,0.748,20.71,239.6,0
S9-WT-NOC-washout-dish2-001,WT,0,0.862,19.62,205.3,1
S9-WT-NOC-washout-dish2-001,WT,0,0.841,6.54,153.3,1
S9-WT-NOC-washout-dish2-001,WT,0,0.694,11.99,161.6,1
S9-WT-NOC-washout-dish2-001,WT,0,0.932,14.17,209.3,0
S9-WT-NOC-washout-dish2-001,WT,0,0.279,4.36,234.3,0
S9-WT-NOC-washout-dish2-001,WT,0,0.324,6.54,322.5,0
S9-WT-NOC-washout-dish2-001,WT,0,0.672,4.36,197.6,0
S9-WT-NOC-washout-dish2-001,WT,0,0.939,8.72,190.1,1
S9-WT-NOC-washout-dish2-001,WT,0,0.259,4.36,395.2,0
S9-WT-NOC-washout-dish2-001,WT,0,0.162,5.45,255.7,1
S9-WT-NOC-washout-dish2-001,WT,0,0.459,38.15,184.0,0
S9-WT-NOC-washout-dish2-001,WT,0,0.635,28.34,172.4,0
S9-WT-NOC-washout-dish2-001,WT,0,0.493,13.08,185.8,0
S9-WT-NOC-washout-dish2-001,WT,0,0.519,18.53,179.4,1
S9-WT-NOC-washout-dish2-001,WT,0,0.797,57.77,177.4,0
S9-WT-NOC-washout-dish2-001,WT,0,0.673,11.99,193.3,0
S9-WT-NOC-washout-dish2-001,WT,0,0.636,9.81,209.4,1
S9-WT-NOC-washout-dish2-001,WT,0,0.82,4.36,267.1,0
S9-WT-NOC-washout-dish2-001,WT,0,0.986,32.7,157.9,1
S9-WT-NOC-washout-dish2-001,WT,0,0.025,5.45,210.8,0
S9-WT-NOC-washout-dish2-001,WT,0,0.845,17.44,174.7,0
S9-WT-NOC-washout-dish2-001,WT,0,0.289,5.45,289.3,1
S9-WT-NOC-washout-dish2-001,WT,0,0.257,5.45,184.4,0
S9-WT-NOC-washout-dish2-001,WT,0,0.635,18.53,189.6,1
S9-WT-NOC-washout-dish2-001,WT,0,0.353,42.51,121.7,1
S9-WT-NOC-washout-dish2-001,WT,0,0.805,29.43,119.9,0
S9-WT-NOC-washout-dish2-001,WT,0,0.317,9.81,209.6,1
S9-WT-NOC-washout-dish2-001,WT,0,0.516,10.9,172.8,0
S9-WT-NOC-washout-dish2-001,WT,0,0.704,7.63,301.2,1
S9-WT-NOC-washout-dish2-001,WT,0,0.854,28.34,139.2,1
S9-WT-NOC-washout-dish2-001,WT,0,0.302,8.72,166.7,1
S9-WT-NOC-washout-dish2-001,WT,0,0.474,9.81,235.2,1
S9-WT-NOC-washout-dish2-001,WT,0,0.913,4.36,324.9,0
S9-WT-NOC-washout-dish2-001,WT,0,0.567,13.08,129.4,0
S9-WT-NOC-washout-dish2-001,WT,0,0.47,6.54,350.5,1
S9-WT-NOC-washout-dish2-001,WT,0,0.714,11.99,206.3,0
S9-WT-NOC-washout-dish2-001,WT,0,0.269,5.45,272.4,0
S9-WT-NOC-washout-dish2-001,WT,0,0.332,14.17,182.2,1
S9-WT-NOC-washout-dish2-001,WT,0,0.503,17.44,157.2,0
S9-WT-NOC-washout-dish2-001,WT,0,0.302,7.63,182.5,1
S9-WT-NOC-washout-dish2-001,WT,0,0.969,13.08,116.8,0
S9-WT-NOC-washout-dish2-001,WT,0,0.552,8.72,243.8,0
S9-WT-NOC-washout-dish2-001,WT,0,0.715,28.34,186.6,0
S9-WT-NOC-washout-dish2-001,WT,0,0.802,37.06,92.5,0
S9-WT-NOC-washout-dish2-001,WT,0,0.864,4.36,231.1,1
S9-WT-NOC-washout-dish2-001,WT,0,0.419,11.99,215.9,0
S9-WT-NOC-washout-dish2-001,WT,0,0.924,10.9,125.7,1
S9-WT-NOC-washout-dish2-001,WT,0,0.477,13.08,266.9,1
S9-WT-NOC-washout-dish2-001,WT,0,0.406,25.07,206.1,0
S9-WT-NOC-washout-dish2-001,WT,0,0.759,14.17,147.0,0
S9-WT-NOC-washout-dish2-001,WT,0,0.234,4.36,332.6,1
S9-WT-NOC-washout-dish2-001,WT,0,0.507,4.36,219.7,0
S9-WT-NOC-washout-dish2-001,WT,0,0.571,13.08,200.9,1
S9-WT-NOC-washout-dish2-001,WT,0,0.43,6.54,240.0,0
S9-WT-NOC-washout-dish2-001,WT,0,0.927,4.36,269.6,0
S9-WT-NOC-washout-dish2-001,WT,0,0.793,4.36,215.1,1
S9-WT-NOC-washout-dish2-001,WT,0,0.3,10.9,169.3,0
S9-WT-NOC-washout-dish2-001,WT,0,0.929,13.08,121.7,1
S9-WT-NOC-washout-dish2-001,WT,0,0.417,10.9,174.0,0
S9-WT-NOC-washout-dish2-001,WT,0,0.251,20.71,242.8,0
S9-WT-NOC-washout-dish2-001,WT,0,0.871,22.89,122.7,0
S9-WT-NOC-washout-dish2-001,WT,0,0.907,11.99,161.2,1
S9-WT-NOC-washout-dish2-001,WT,0,0.194,5.45,214.4,0
S9-WT-NOC-washout-dish2-001,WT,0,0.643,15.26,171.2,1
S9-WT-NOC-washout-dish2-001,WT,0,0.44,10.9,162.6,0
S9-WT-NOC-washout-dish2-001,WT,0,0.893,10.9,190.9,1
S9-WT-NOC-washout-dish2-001,WT,0,0.707,4.36,197.3,1
S9-WT-NOC-washout-dish2-001,WT,0,0.794,9.81,195.4,0
S9-WT-NOC-washout-dish2-001,WT,0,0.751,10.9,238.4,1
S9-WT-NOC-washout-dish2-001,WT,0,0.501,7.63,155.1,1
S9-WT-NOC-washout-dish2-001,WT,0,0.806,5.45,262.6,1
S9-WT-NOC-washout-dish2-001,WT,0,0.872,7.63,100.6,0
S9-WT-NOC-washout-dish2-001,WT,0,0.83,5.45,184.9,1
S9-WT-NOC-washout-dish2-001,WT,0,0.518,5.45,143.6,0
S9-WT-NOC-washout-dish2-002,WT,0,0.058,11.99,298.3,0
S9-WT-NOC-washout-dish2-002,WT,0,0.264,15.26,198.8,0
S9-WT-NOC-washout-dish2-002,WT,0,0.419,67.58,192.6,1
S9-WT-NOC-washout-dish2-002,WT,0,0.35,6.54,242.0,0
S9-WT-NOC-washout-dish2-002,WT,0,0.765,59.95,77.5,0
S9-WT-NOC-washout-dish2-002,WT,0,0.66,26.16,317.8,0
S9-WT-NOC-washout-dish2-002,WT,0,0.901,25.07,127.9,0
S9-WT-NOC-washout-dish2-002,WT,0,0.211,7.63,103.4,0
S9-WT-NOC-washout-dish2-002,WT,0,0.513,25.07,243.2,0
S9-WT-NOC-washout-dish2-002,WT,0,0.97,37.06,117.1,1
S9-WT-NOC-washout-dish2-002,WT,0,0.762,8.72,260.5,0
S9-WT-NOC-washout-dish2-002,WT,0,0.574,4.36,142.6,0
S9-WT-NOC-washout-dish2-002,WT,0,0.18,4.36,201.2,0
S9-WT-NOC-washout-dish2-002,WT,0,0.268,9.81,264.4,0
S9-WT-NOC-washout-dish2-002,WT,0,0.737,7.63,252.1,1
S9-WT-NOC-washout-dish2-002,WT,0,0.289,15.26,196.0,0
S9-WT-NOC-washout-dish2-002,WT,0,0.721,5.45,198.7,0
S9-WT-NOC-washout-dish2-002,WT,0,0.409,5.45,271.5,1
S9-WT-NOC-washout-dish2-002,WT,0,0.36,7.63,177.7,0
S9-WT-NOC-washout-dish2-002,WT,0,0.228,9.81,292.3,0
S9-WT-NOC-washout-dish2-002,WT,0,0.64,7.63,267.5,1
S9-WT-NOC-washout-dish2-002,WT,0,0.39,4.36,223.6,0
S9-WT-NOC-washout-dish2-002,WT,0,0.189,34.88,248.7,1
S9-WT-NOC-washout-dish2-002,WT,0,0.713,7.63,199.6,0
S9-WT-NOC-washout-dish2-002,WT,0,0.5,4.36,146.3,0
S9-WT-NOC-washout-dish2-002,WT,0,0.648,14.17,292.0,0
S9-WT-NOC-washout-dish2-002,WT,0,0.586,35.97,152.5,1
S9-WT-NOC-washout-dish2-002,WT,0,0.882,9.81,184.0,1
S9-WT-NOC-washout-dish2-002,WT,0,0.96,23.98,189.1,0
S9-WT-NOC-washout-dish2-002,WT,0,0.203,11.99,274.6,1
S9-WT-NOC-washout-dish2-002,WT,0,0.292,5.45,316.8,0
S9-WT-NOC-washout-dish2-002,WT,0,0.976,4.36,240.4,0
S9-WT-NOC-washout-dish2-002,WT,0,0.599,8.72,149.6,0
S9-WT-NOC-washout-dish2-002,WT,0,0.724,28.34,221.1,1
S9-WT-NOC-washout-dish2-002,WT,0,0.28,4.36,163.7,0
S9-WT-NOC-washout-dish2-002,WT,0,0.033,8.72,288.3,1
S9-WT-NOC-washout-dish2-002,WT,0,0.378,17.44,167.4,1
S9-WT-NOC-washout-dish2-002,WT,0,0.794,25.07,205.2,1
S9-WT-NOC-washout-dish2-002,WT,0,0.199,14.17,146.3,1
S9-WT-NOC-washout-dish2-002,WT,0,0.274,6.54,273.3,1
S9-WT-NOC-washout-dish2-002,WT,0,0.228,4.36,223.0,0
S9-WT-NOC-washout-dish2-002,WT,0,0.836,30.52,205.1,0
S9-WT-NOC-washout-dish2-002,WT,0,0.047,4.36,133.2,0
S9-WT-NOC-washout-dish2-002,WT,0,0.619,4.36,230.8,0
S9-WT-NOC-washout-dish2-002,WT,0,0.214,11.99,155.6,0
S9-WT-NOC-washout-dish2-002,WT,0,0.802,19.62,203.5,0
S9-WT-NOC-washout-dish2-002,WT,0,0.584,10.9,192.4,1
S9-WT-NOC-washout-dish2-002,WT,0,0.548,11.99,237.7,0
S9-WT-NOC-washout-dish2-002,WT,0,0.178,19.62,203.0,0
S9-WT-NOC-washout-dish2-002,WT,0,0.297,8.72,119.7,0
S9-WT-NOC-washout-dish2-002,WT,0,0.54,21.8,117.1,1
S9-WT-NOC-washout-dish2-002,WT,0,0.485,21.8,208.3,1
S9-WT-NOC-washout-dish2-002,WT,0,0.545,7.63,208.9,1
S9-WT-NOC-washout-dish2-002,WT,0,0.641,15.26,222.8,0
S9-WT-NOC-washout-dish2-002,WT,0,0.487,13.08,198.5,0
S9-WT-NOC-washout-dish2-002,WT,0,0.057,4.36,324.3,1
S9-WT-NOC-washout-dish2-003,WT,0,0.409,11.99,265.0,1
S9-WT-NOC-washout-dish2-003,WT,0,0.697,14.17,155.9,0
S9-WT-NOC-washout-dish2-003,WT,0,0.594,119.9,109.0,0
S9-WT-NOC-washout-dish2-003,WT,0,0.231,4.36,356.0,1
S9-WT-NOC-washout-dish2-003,WT,0,0.179,7.63,123.4,0
S9-WT-NOC-washout-dish2-003,WT,0,0.818,8.72,139.7,0
S9-WT-NOC-washout-dish2-003,WT,0,0.913,10.9,176.7,0
S9-WT-NOC-washout-dish2-003,WT,0,0.961,6.54,181.9,0
S9-WT-NOC-washout-dish2-003,WT,0,0.895,13.08,217.8,1
S9-WT-NOC-washout-dish2-003,WT,0,0.976,6.54,259.4,0
S9-WT-NOC-washout-dish2-003,WT,0,0.773,4.36,233.7,0
S9-WT-NOC-washout-dish2-003,WT,0,0.162,9.81,206.5,0
S9-WT-NOC-washout-dish2-003,WT,0,0.919,13.08,298.6,1
S9-WT-NOC-washout-dish2-003,WT,0,0.074,7.63,153.8,0
S9-WT-NOC-washout-dish2-003,WT,0,0.176,11.99,163.1,0
S9-WT-NOC-washout-dish2-003,WT,0,0.278,5.45,173.8,0
S9-WT-NOC-washout-dish2-003,WT,0,0.87,7.63,147.4,0
S9-WT-NOC-washout-dish2-003,WT,0,0.237,4.36,365.5,1
S9-WT-NOC-washout-dish2-003,WT,0,0.856,30.52,145.1,0
S9-WT-NOC-washout-dish2-003,WT,0,0.286,5.45,240.6,1
S9-WT-NOC-washout-dish2-004,WT,0,0.482,7.63,255.2,0
S9-WT-NOC-washout-dish2-004,WT,0,0.544,8.72,212.0,1
S9-WT-NOC-washout-dish2-004,WT,0,0.896,28.34,184.6,1
S9-WT-NOC-washout-dish2-004,WT,0,0.964,5.45,172.2,0
S9-WT-NOC-washout-dish2-004,WT,0,0.971,19.62,250.4,0
S9-WT-NOC-washout-dish2-004,WT,0,0.819,17.44,136.8,0
S9-WT-NOC-washout-dish2-004,WT,0,0.728,42.51,158.2,0
S9-WT-NOC-washout-dish2-004,WT,0,0.767,14.17,186.3,0
S9-WT-NOC-washout-dish2-004,WT,0,0.485,21.8,253.0,1
S9-WT-NOC-washout-dish2-004,WT,0,0.859,27.25,193.3,0
S9-WT-NOC-washout-dish2-004,WT,0,0.614,14.17,186.9,1
S9-WT-NOC-washout-dish2-004,WT,0,0.197,15.26,257.8,1
S9-WT-NOC-washout-dish2-004,WT,0,0.904,49.05,141.5,0
S9-WT-NOC-washout-dish2-004,WT,0,0.23,4.36,172.5,0
S9-WT-NOC-washout-dish2-004,WT,0,0.662,4.36,237.9,1
S9-WT-NOC-washout-dish2-004,WT,0,0.196,7.63,201.5,0
S9-WT-NOC-washout-dish2-004,WT,0,0.366,7.63,280.2,0
S9-WT-NOC-washout-dish2-004,WT,0,0.291,6.54,221.3,0
S9-WT-NOC-washout-dish2-004,WT,0,0.695,29.43,191.9,1
S9-WT-NOC-washout-dish2-004,WT,0,0.189,6.54,323.0,1
S9-WT-NOC-washout-dish2-004,WT,0,0.662,13.08,263.0,0
S9-WT-NOC-washout-dish2-004,WT,0,0.584,5.45,212.4,0
S9-WT-NOC-washout-dish2-004,WT,0,0.447,16.35,278.3,0
S9-WT-NOC-washout-dish2-004,WT,0,0.781,15.26,213.5,1
S9-WT-NOC-washout-dish2-004,WT,0,0.623,42.51,145.6,0
S9-WT-NOC-washout-dish2-004,WT,0,0.521,9.81,305.7,0
S9-WT-NOC-washout-dish2-004,WT,0,0.466,29.43,196.5,0
S9-WT-NOC-washout-dish2-004,WT,0,0.922,11.99,195.9,1
S9-WT-NOC-washout-dish2-004,WT,0,0.425,9.81,258.2,0
S9-WT-NOC-washout-dish2-004,WT,0,0.63,6.54,297.2,1
S9-WT-NOC-washout-dish2-004,WT,0,0.264,4.36,298.1,1
S9-WT-NOC-washout-dish2-004,WT,0,0.503,9.81,355.1,0
S9-WT-NOC-washout-dish2-004,WT,0,0.357,4.36,150.5,0
S9-WT-NOC-washout-dish2-004,WT,0,0.678,5.45,356.1,0
S9-WT-NOC-washout-dish2-004,WT,0,0.312,11.99,266.1,1
S9-WT-NOC-washout-dish2-004,WT,0,0.309,19.62,236.3,1
S9-WT-NOC-washout-dish2-004,WT,0,0.562,4.36,357.4,0
S9-WT-NOC-washout-dish2-004,WT,0,0.039,4.36,192.0,0
S9-WT-NOC-washout-dish2-004,WT,0,0.823,61.04,157.7,0
S9-WT-NOC-washout-dish2-004,WT,0,0.687,11.99,192.9,1
S9-WT-NOC-washout-dish2-004,WT,0,0.152,6.54,336.7,0
S9-WT-NOC-washout-dish2-004,WT,0,0.519,5.45,419.3,0
S9-WT-NOC-washout-dish2-004,WT,0,0.674,20.71,182.7,1
S9-WT-NOC-washout-dish2-004,WT,0,0.479,7.63,275.1,0
S9-WT-NOC-washout-dish2-004,WT,0,0.969,11.99,285.4,0
S9-WT-NOC-washout-dish2-004,WT,0,0.268,4.36,268.9,0
S9-WT-NOC-washout-dish2-004,WT,0,0.094,9.81,199.5,1
S9-WT-NOC-washout-dish2-004,WT,0,0.512,26.16,218.9,1
S9-WT-NOC-washout-dish2-004,WT,0,0.858,15.26,243.7,0
S9-WT-NOC-washout-dish2-004,WT,0,0.525,21.8,187.4,1
S9-WT-NOC-washout-dish2-004,WT,0,0.397,7.63,298.3,0
S9-WT-NOC-washout-dish2-004,WT,0,0.443,4.36,239.0,1
S9-WT-NOC-washout-dish2-004,WT,0,0.743,4.36,232.8,1
S9-WT-NOC-washout-dish2-004,WT,0,0.299,21.8,245.5,0
S9-WT-NOC-washout-dish2-004,WT,0,0.562,30.52,280.8,1
S9-WT-NOC-washout-dish2-004,WT,0,0.811,28.34,251.3,0
S9-WT-NOC-washout-dish2-004,WT,0,0.142,6.54,186.8,0
S9-WT-NOC-washout-dish2-004,WT,0,0.87,7.63,324.0,1
S9-WT-NOC-washout-dish2-004,WT,0,0.751,5.45,192.6,0
S9-WT-NOC-washout-dish2-004,WT,0,0.924,9.81,178.5,0
S9-WT-NOC-washout-dish2-004,WT,0,0.356,4.36,311.3,0
S9-WT-NOC-washout-dish2-004,WT,0,0.225,25.07,219.5,0
S9-WT-NOC-washout-dish2-004,WT,0,0.919,35.97,89.2,1
S9-WT-NOC-washout-dish2-004,WT,0,0.346,20.71,255.1,0
S9-WT-NOC-washout-dish2-004,WT,0,0.243,6.54,165.7,0
S9-WT-NOC-washout-dish2-004,WT,0,0.166,9.81,227.7,0
S9-WT-NOC-washout-dish2-004,WT,0,0.451,27.25,312.7,1
S9-WT-NOC-washout-dish2-004,WT,0,0.535,6.54,186.3,0
S9-WT-NOC-washout-dish2-004,WT,0,0.797,13.08,203.8,0
S9-WT-NOC-washout-dish2-004,WT,0,0.52,23.98,197.9,0
S9-WT-NOC-washout-dish2-004,WT,0,0.487,10.9,271.2,0
S9-WT-NOC-washout-dish2-004,WT,0,0.889,19.62,184.5,1
S9-WT-NOC-washout-dish2-004,WT,0,0.325,6.54,249.1,0
S9-WT-NOC-washout-dish2-004,WT,0,0.903,5.45,328.1,1
S9-WT-NOC-washout-dish2-004,WT,0,0.397,4.36,313.5,0
S9-WT-NOC-washout-dish2-004,WT,0,0.511,13.08,243.6,0
S9-WT-NOC-washout-dish2-004,WT,0,0.865,16.35,195.7,1
S9-WT-NOC-washout-dish2-004,WT,0,0.494,5.45,295.9,0
S9-WT-NOC-washout-dish2-004,WT,0,0.764,14.17,189.0,0
S9-WT-NOC-washout-dish2-004,WT,0,0.327,4.36,138.8,0
S9-WT-NOC-washout-dish2-004,WT,0,0.581,8.72,190.6,1
S9-WT-NOC-washout-dish2-004,WT,0,0.327,9.81,173.1,1
S9-WT-NOC-washout-dish2-004,WT,0,0.689,6.54,280.5,0
S9-WT-NOC-washout-dish2-004,WT,0,0.576,6.54,124.6,1
S9-WT-NOC-washout-dish2-004,WT,0,0.9,4.36,269.4,1
S9-WT-NOC-washout-dish2-004,WT,1,0.334,6.54,115.4,1
S9-WT-NOC-washout-dish2-004,WT,1,0.753,4.36,303.5,0
S9-WT-NOC-washout-dish2-004,WT,1,0.969,9.81,220.5,0
S9-WT-NOC-washout-dish2-004,WT,1,0.926,8.72,226.5,0
S9-WT-NOC-washout-dish2-004,WT,1,0.407,6.54,286.3,1
S9-WT-NOC-washout-dish2-004,WT,1,0.694,44.69,199.2,1
S9-WT-NOC-washout-dish2-004,WT,1,0.313,17.44,278.7,0
S9-WT-NOC-washout-dish2-004,WT,1,0.326,9.81,282.7,0
S9-WT-NOC-washout-dish2-004,WT,1,0.845,37.06,179.5,0
S9-WT-NOC-washout-dish2-004,WT,1,0.31,7.63,302.3,0
S9-WT-NOC-washout-dish2-004,WT,1,0.07,5.45,360.7,0
S9-WT-NOC-washout-dish2-004,WT,1,0.176,11.99,220.4,0
S9-WT-NOC-washout-dish2-004,WT,1,0.511,27.25,184.1,0
S9-WT-NOC-washout-dish2-004,WT,1,0.756,13.08,282.5,1
S9-WT-NOC-washout-dish2-004,WT,1,0.539,7.63,299.2,0
S9-WT-NOC-washout-dish2-004,WT,1,0.327,4.36,242.3,0
S9-WT-NOC-washout-dish2-004,WT,1,0.576,5.45,409.0,0
S9-WT-NOC-washout-dish2-004,WT,1,0.003,5.45,172.5,0
S9-WT-NOC-washout-dish2-004,WT,1,0.186,5.45,276.6,1
S9-WT-NOC-washout-dish2-004,WT,1,0.157,18.53,181.7,0
S9-WT-NOC-washout-dish2-004,WT,1,0.272,8.72,180.4,0
S9-WT-NOC-washout-dish2-004,WT,1,0.862,10.9,284.9,1
S9-WT-NOC-washout-dish2-004,WT,1,0.514,4.36,300.1,1
S9-WT-NOC-washout-dish2-004,WT,1,0.593,7.63,283.3,0
S9-WT-NOC-washout-dish2-004,WT,1,0.848,7.63,261.2,0
S9-WT-NOC-washout-dish2-004,WT,1,0.385,8.72,225.2,0
S9-WT-NOC-washout-dish2-004,WT,1,0.673,79.57,181.1,1
S9-WT-NOC-washout-dish2-004,WT,1,0.403,20.71,215.9,0
S9-WT-NOC-washout-dish2-004,WT,1,0.459,34.88,143.6,0
S9-WT-NOC-washout-dish2-004,WT,1,0.743,16.35,161.6,0
S9-WT-NOC-washout-dish2-004,WT,1,0.154,13.08,186.2,0
S9-WT-NOC-washout-dish2-004,WT,1,0.364,8.72,237.1,0
S9-WT-NOC-washout-dish2-004,WT,1,0.362,7.63,210.4,0
S9-WT-NOC-washout-dish2-004,WT,1,0.868,9.81,343.3,1
S9-WT-NOC-washout-dish2-004,WT,1,0.705,40.33,207.3,0
S9-WT-NOC-washout-dish2-004,WT,1,0.245,5.45,226.2,1
S9-WT-NOC-washout-dish2-004,WT,1,0.854,6.54,248.6,0
S9-WT-NOC-washout-dish2-004,WT,1,0.143,21.8,164.5,0
S9-WT-NOC-washout-dish2-004,WT,1,0.519,34.88,228.0,0
S9-WT-NOC-washout-dish2-004,WT,1,0.638,6.54,309.4,0
S9-WT-NOC-washout-dish2-004,WT,1,0.783,10.9,225.5,0
S9-WT-NOC-washout-dish2-004,WT,1,0.031,4.36,259.0,0
S9-WT-NOC-washout-dish2-004,WT,1,0.836,6.54,166.0,0
S9-WT-NOC-washout-dish2-004,WT,1,0.909,13.08,183.8,0
S9-WT-NOC-washout-dish2-004,WT,1,0.344,27.25,242.1,1
S9-WT-NOC-washout-dish2-004,WT,1,0.669,10.9,145.4,1
S9-WT-NOC-washout-dish2-004,WT,1,0.504,17.44,259.0,0
S9-WT-NOC-washout-dish2-004,WT,1,0.719,15.26,212.9,0
S9-WT-NOC-washout-dish2-004,WT,1,0.761,15.26,180.0,0
S9-WT-NOC-washout-dish2-004,WT,1,0.616,26.16,242.8,1
S9-WT-NOC-washout-dish2-004,WT,1,0.144,15.26,148.8,0
S9-WT-NOC-washout-dish2-004,WT,1,0.17,6.54,213.9,1
S9-WT-NOC-washout-dish2-004,WT,1,0.817,28.34,133.9,0
S9-WT-NOC-washout-dish2-004,WT,1,0.511,7.63,232.2,1
S9-WT-NOC-washout-dish2-004,WT,1,0.478,8.72,149.2,0
S9-WT-NOC-washout-dish2-004,WT,1,0.23,5.45,173.6,1
S9-WT-NOC-washout-dish2-004,WT,1,0.802,13.08,264.8,0
S9-WT-NOC-washout-dish2-004,WT,1,0.73,22.89,228.0,0
S9-WT-NOC-washout-dish2-004,WT,1,0.398,9.81,331.5,0
S9-WT-NOC-washout-dish2-004,WT,1,0.922,5.45,284.3,1
S9-WT-NOC-washout-dish2-004,WT,1,0.579,22.89,163.3,0
S9-WT-NOC-washout-dish2-004,WT,1,0.476,4.36,334.7,1
S9-WT-NOC-washout-dish2-004,WT,1,0.757,7.63,176.3,1
S9-WT-NOC-washout-dish2-004,WT,1,0.327,7.63,248.4,1
S9-WT-NOC-washout-dish2-004,WT,1,0.295,17.44,118.6,0
S9-WT-NOC-washout-dish2-004,WT,1,0.359,6.54,126.3,1
S9-WT-NOC-washout-dish2-004,WT,1,0.572,13.08,131.5,1
S9-WT-NOC-washout-dish2-004,WT,1,0.339,20.71,178.5,0
S9-WT-NOC-washout-dish2-004,WT,1,0.357,26.16,157.8,1
S9-WT-NOC-washout-dish2-004,WT,1,0.879,19.62,198.7,0
S9-WT-NOC-washout-dish2-004,WT,1,0.141,29.43,165.2,1
S9-WT-NOC-washout-dish2-004,WT,1,0.696,38.15,233.3,0
S9-WT-NOC-washout-dish2-004,WT,1,0.313,35.97,134.5,0
S9-WT-NOC-washout-dish2-004,WT,1,0.936,15.26,204.0,0
S9-WT-NOC-washout-dish2-004,WT,1,0.45,37.06,177.2,1
S9-WT-NOC-washout-dish2-004,WT,1,0.94,18.53,205.2,0
S9-WT-NOC-washout-dish2-004,WT,1,0.625,16.35,202.6,0
S9-WT-NOC-washout-dish2-004,WT,1,0.343,17.44,287.0,0
S9-WT-NOC-washout-dish2-004,WT,1,0.252,15.26,186.6,0
S9-WT-NOC-washout-dish2-004,WT,1,0.146,25.07,121.7,0
S9-WT-NOC-washout-dish2-004,WT,1,0.654,6.54,136.1,0
S9-WT-NOC-washout-dish2-004,WT,1,0.779,13.08,233.4,0
S9-WT-NOC-washout-dish2-004,WT,1,0.56,18.53,114.9,0
S9-WT-NOC-washout-dish2-004,WT,1,0.539,22.89,196.6,0
S9-WT-NOC-washout-dish2-004,WT,1,0.139,22.89,142.5,1
S9-WT-NOC-washout-dish2-004,WT,1,0.555,6.54,251.0,0
S9-WT-NOC-washout-dish2-004,WT,1,0.403,11.99,217.2,1
S9-WT-NOC-washout-dish2-004,WT,1,0.223,8.72,196.7,0
S9-WT-NOC-washout-dish2-004,WT,1,0.707,10.9,182.7,0
S9-WT-NOC-washout-dish2-004,WT,1,0.578,15.26,275.8,0
S9-WT-NOC-washout-dish2-004,WT,1,0.204,14.17,145.5,0
S9-WT-NOC-washout-dish2-004,WT,1,0.731,5.45,244.6,1
S9-WT-NOC-washout-dish2-004,WT,1,0.502,4.36,281.2,0
S9-WT-NOC-washout-dish2-004,WT,1,0.578,7.63,288.4,0
S9-WT-NOC-washout-dish2-004,WT,1,0.713,7.63,244.8,0
S9-WT-NOC-washout-dish2-004,WT,1,0.286,6.54,228.8,0
S9-WT-NOC-washout-dish2-004,WT,1,0.56,5.45,189.7,1
S9-WT-NOC-washout-dish2-004,WT,1,0.676,6.54,131.5,0
S9-WT-NOC-washout-dish2-005,WT,0,0.38,5.45,245.7,0
S9-WT-NOC-washout-dish2-005,WT,0,0.553,17.44,179.4,1
S9-WT-NOC-washout-dish2-005,WT,0,0.894,14.17,191.2,0
S9-WT-NOC-washout-dish2-005,WT,0,0.926,45.78,121.6,0
S9-WT-NOC-washout-dish2-005,WT,0,0.213,6.54,146.4,1
S9-WT-NOC-washout-dish2-005,WT,0,0.478,38.15,193.2,1
S9-WT-NOC-washout-dish2-005,WT,0,0.333,16.35,213.6,1
S9-WT-NOC-washout-dish2-005,WT,0,0.329,8.72,123.6,1
S9-WT-NOC-washout-dish2-005,WT,0,0.535,6.54,250.6,0
S9-WT-NOC-washout-dish2-005,WT,0,0.934,32.7,100.9,1
S9-WT-NOC-washout-dish2-005,WT,0,0.603,35.97,125.8,0
S9-WT-NOC-washout-dish2-005,WT,0,0.401,19.62,170.6,0
S9-WT-NOC-washout-dish2-005,WT,0,0.426,4.36,427.0,0
S9-WT-NOC-washout-dish2-005,WT,0,0.561,4.36,225.6,0
S9-WT-NOC-washout-dish2-005,WT,0,0.367,9.81,202.5,1
S9-WT-NOC-washout-dish2-005,WT,0,0.129,8.72,152.9,1
S9-WT-NOC-washout-dish2-005,WT,0,0.896,8.72,129.3,1
S9-WT-NOC-washout-dish2-005,WT,0,0.297,6.54,154.0,1
S9-WT-NOC-washout-dish2-005,WT,0,0.271,13.08,147.0,1
S9-WT-NOC-washout-dish2-005,WT,0,0.491,7.63,242.5,0
S9-WT-NOC-washout-dish2-005,WT,0,0.751,68.67,135.4,1
S9-WT-NOC-washout-dish2-005,WT,0,0.505,10.9,323.3,0
S9-WT-NOC-washout-dish2-005,WT,0,0.376,5.45,142.0,0
S9-WT-NOC-washout-dish2-005,WT,0,0.235,6.54,325.8,1
S9-WT-NOC-washout-dish2-005,WT,0,0.163,8.72,137.6,1
S9-WT-NOC-washout-dish2-005,WT,0,0.053,5.45,361.4,0
S9-WT-NOC-washout-dish2-005,WT,0,0.936,10.9,226.6,0
S9-WT-NOC-washout-dish2-005,WT,0,0.538,5.45,190.4,0
S9-WT-NOC-washout-dish2-005,WT,0,0.55,13.08,181.6,1
S9-WT-NOC-washout-dish2-005,WT,0,0.518,19.62,130.5,0
S9-WT-NOC-washout-dish2-005,WT,0,0.193,4.36,168.9,0
S9-WT-NOC-washout-dish2-005,WT,0,0.519,22.89,174.6,1
S9-WT-NOC-washout-dish2-005,WT,0,0.873,15.26,213.2,0
S9-WT-NOC-washout-dish2-005,WT,0,0.354,17.44,198.1,1
S9-WT-NOC-washout-dish2-005,WT,0,0.95,22.89,202.7,0
S9-WT-NOC-washout-dish2-005,WT,0,0.681,7.63,82.5,0
S9-WT-NOC-washout-dish2-005,WT,0,0.903,22.89,152.8,0
S9-WT-NOC-washout-dish2-005,WT,0,0.237,8.72,173.7,0
S9-WT-NOC-washout-dish2-005,WT,0,0.836,5.45,212.6,0
S9-WT-NOC-washout-dish2-005,WT,0,0.048,4.36,173.5,1
S9-WT-NOC-washout-dish2-008,WT,0,0.508,4.36,189.1,1
S9-WT-NOC-washout-dish2-008,WT,0,0.389,19.62,94.4,0
S9-WT-NOC-washout-dish2-008,WT,0,0.532,6.54,262.8,0
S9-WT-NOC-washout-dish2-008,WT,0,0.619,38.15,178.9,1
S9-WT-NOC-washout-dish2-008,WT,0,0.303,4.36,401.0,1
S9-WT-NOC-washout-dish2-008,WT,0,0.934,10.9,129.2,0
S9-WT-NOC-washout-dish2-008,WT,0,0.596,17.44,177.6,1
S9-WT-NOC-washout-dish2-008,WT,0,0.357,7.63,175.4,0
S9-WT-NOC-washout-dish2-008,WT,0,0.428,18.53,132.7,0
S9-WT-NOC-washout-dish2-008,WT,0,0.713,101.37,113.1,0
S9-WT-NOC-washout-dish2-008,WT,0,0.359,13.08,211.0,1
S9-WT-NOC-washout-dish2-008,WT,0,0.191,6.54,133.0,1
S9-WT-NOC-washout-dish2-008,WT,0,0.154,23.98,132.9,0
S9-WT-NOC-washout-dish2-008,WT,0,0.899,4.36,265.9,1
S9-WT-NOC-washout-dish2-008,WT,0,0.202,15.26,150.6,0
S9-WT-NOC-washout-dish2-008,WT,0,0.945,7.63,281.6,1
S9-WT-NOC-washout-dish2-008,WT,0,0.812,4.36,267.3,1
S9-WT-NOC-washout-dish2-008,WT,0,0.508,6.54,232.5,1
S9-WT-NOC-washout-dish2-008,WT,0,0.843,11.99,113.5,0
S9-WT-NOC-washout-dish2-008,WT,0,0.826,8.72,237.7,1
S9-WT-NOC-washout-dish2-008,WT,0,0.855,17.44,119.9,0
S9-WT-NOC-washout-dish2-008,WT,0,0.791,62.13,137.9,1
S9-WT-NOC-washout-dish2-008,WT,0,0.713,15.26,260.8,0
S9-WT-NOC-washout-dish2-008,WT,0,0.716,10.9,177.4,1
S9-WT-NOC-washout-dish2-008,WT,0,0.604,4.36,366.2,0
S9-WT-NOC-washout-dish2-008,WT,0,0.503,28.34,153.0,0
S9-WT-NOC-washout-dish2-008,WT,0,0.796,5.45,394.3,0
S9-WT-NOC-washout-dish2-008,WT,0,0.546,7.63,248.9,0
S9-WT-NOC-washout-dish2-008,WT,0,0.375,46.87,154.5,0
S9-WT-NOC-washout-dish2-008,WT,0,0.767,11.99,148.5,1
S9-WT-NOC-washout-dish2-008,WT,0,0.544,26.16,147.1,0
S9-WT-NOC-washout-dish2-008,WT,0,0.515,6.54,302.4,1
S9-WT-NOC-washout-dish2-008,WT,1,0.574,8.72,166.0,1
S9-WT-NOC-washout-dish2-008,WT,1,0.752,10.9,170.0,0
S9-WT-NOC-washout-dish2-008,WT,1,0.877,11.99,178.0,0
S9-WT-NOC-washout-dish2-008,WT,1,0.773,25.07,244.9,0
S9-WT-NOC-washout-dish2-008,WT,1,0.176,16.35,228.6,1
S9-WT-NOC-washout-dish2-008,WT,1,0.453,6.54,201.9,0
S9-WT-NOC-washout-dish2-008,WT,1,0.43,11.99,161.2,1
S9-WT-NOC-washout-dish2-008,WT,1,0.396,10.9,181.2,0
S9-WT-NOC-washout-dish2-008,WT,1,0.906,32.7,184.6,1
S9-WT-NOC-washout-dish2-008,WT,1,0.496,19.62,128.6,0
S9-WT-NOC-washout-dish2-008,WT,1,0.976,5.45,223.1,0
S9-WT-NOC-washout-dish2-008,WT,1,0.361,4.36,243.6,0
S9-WT-NOC-washout-dish2-008,WT,1,0.42,19.62,154.0,1
S9-WT-NOC-washout-dish2-008,WT,1,0.524,7.63,196.4,0
S9-WT-NOC-washout-dish2-008,WT,1,0.878,5.45,255.8,0
S9-WT-NOC-washout-dish2-008,WT,1,0.284,4.36,188.3,1
S9-WT-NOC-washout-dish2-008,WT,1,0.368,15.26,212.0,0
S9-WT-NOC-washout-dish2-008,WT,1,0.898,5.45,196.8,1
S9-WT-NOC-washout-dish2-008,WT,1,0.943,19.62,158.7,0
S9-WT-NOC-washout-dish2-008,WT,1,0.784,13.08,182.9,0
S9-WT-NOC-washout-dish2-008,WT,1,0.614,29.43,153.1,1
S9-WT-NOC-washout-dish2-008,WT,1,0.415,6.54,322.0,1
S9-WT-NOC-washout-dish2-008,WT,1,0.301,4.36,479.9,1
S9-WT-NOC-washout-dish2-008,WT,1,0.791,20.71,128.8,1
S9-WT-NOC-washout-dish2-008,WT,1,0.064,6.54,238.9,1
S9-WT-NOC-washout-dish2-008,WT,1,0.402,13.08,158.8,0
S9-WT-NOC-washout-dish2-008,WT,1,0.863,9.81,289.3,1
S9-WT-NOC-washout-dish2-008,WT,1,0.156,10.9,188.2,0
S9-WT-NOC-washout-dish2-008,WT,1,0.155,11.99,142.4,0
S9-WT-NOC-washout-dish2-008,WT,1,0.807,13.08,127.9,0
S9-WT-NOC-washout-dish2-008,WT,1,0.82,17.44,227.1,0
S9-WT-NOC-washout-dish2-008,WT,1,0.799,7.63,205.5,1
S9-WT-NOC-washout-dish2-008,WT,1,0.338,26.16,219.8,1
S9-WT-NOC-washout-dish2-008,WT,1,0.431,19.62,152.2,1
S9-WT-NOC-washout-dish2-008,WT,1,0.176,20.71,160.8,0
S9-WT-NOC-washout-dish2-008,WT,1,0.87,5.45,188.0,1
S9-WT-NOC-washout-dish2-008,WT,1,0.711,9.81,139.7,0
S9-WT-NOC-washout-dish2-008,WT,1,0.406,15.26,190.8,1
S9-WT-NOC-washout-dish2-008,WT,1,0.763,28.34,163.1,0
S9-WT-NOC-washout-dish2-008,WT,1,0.431,7.63,225.6,0
S9-WT-NOC-washout-dish2-008,WT,1,0.564,13.08,322.9,0
S9-WT-NOC-washout-dish2-008,WT,1,0.903,9.81,169.7,1
S9-WT-NOC-washout-dish2-008,WT,1,0.38,10.9,149.5,0
S9-WT-NOC-washout-dish2-008,WT,1,0.222,8.72,153.0,1
S9-WT-NOC-washout-dish2-008,WT,1,0.484,6.54,196.5,1
S9-WT-NOC-washout-dish2-008,WT,1,0.394,5.45,207.5,1
S9-WT-NOC-washout-dish2-009,WT,0,0.545,10.9,231.7,1
S9-WT-NOC-washout-dish2-009,WT,0,0.513,20.71,134.5,0
S9-WT-NOC-washout-dish2-009,WT,0,0.425,55.59,160.3,1
S9-WT-NOC-washout-dish2-009,WT,0,0.687,10.9,180.0,0
S9-WT-NOC-washout-dish2-009,WT,0,0.247,8.72,348.4,0
S9-WT-NOC-washout-dish2-009,WT,0,0.795,18.53,175.2,0
S9-WT-NOC-washout-dish2-009,WT,0,0.782,119.9,100.8,1
S9-WT-NOC-washout-dish2-009,WT,0,0.56,61.04,170.9,1
S9-WT-NOC-washout-dish2-009,WT,0,0.994,31.61,88.2,0
S9-WT-NOC-washout-dish2-009,WT,0,0.826,4.36,227.6,0
S9-WT-NOC-washout-dish2-009,WT,0,0.878,52.32,139.3,1
S9-WT-NOC-washout-dish2-009,WT,0,0.726,19.62,173.9,1
S9-WT-NOC-washout-dish2-009,WT,0,0.738,7.63,373.1,0
S9-WT-NOC-washout-dish2-009,WT,0,0.813,23.98,252.2,0
S9-WT-NOC-washout-dish2-009,WT,0,0.523,26.16,170.7,1
S9-WT-NOC-washout-dish2-009,WT,0,0.782,29.43,124.2,1
S9-WT-NOC-washout-dish2-009,WT,0,0.494,119.9,81.2,0
S9-WT-NOC-washout-dish2-009,WT,0,0.192,7.63,291.1,0
S9-WT-NOC-washout-dish2-009,WT,0,0.62,62.13,122.2,1
S9-WT-NOC-washout-dish2-009,WT,0,0.767,5.45,121.0,0
S9-WT-NOC-washout-dish2-009,WT,0,0.486,76.3,160.2,0
S9-WT-NOC-washout-dish2-009,WT,0,0.912,21.8,200.8,0
S9-WT-NOC-washout-dish2-009,WT,0,0.453,15.26,176.4,0
S9-WT-NOC-washout-dish2-009,WT,0,0.06,9.81,186.5,0
S9-WT-NOC-washout-dish2-009,WT,0,0.176,21.8,204.9,1
S9-WT-NOC-washout-dish2-009,WT,0,0.567,64.31,137.0,1
S9-WT-NOC-washout-dish2-009,WT,0,0.251,57.77,136.8,1
S9-WT-NOC-washout-dish2-009,WT,0,0.281,15.26,178.2,0
S9-WT-NOC-washout-dish2-009,WT,0,0.72,34.88,184.4,1
S9-WT-NOC-washout-dish2-009,WT,0,0.186,13.08,185.1,0
S9-WT-NOC-washout-dish2-009,WT,0,0.251,15.26,210.3,0
S9-WT-NOC-washout-dish2-009,WT,0,0.355,21.8,195.4,1
S9-WT-NOC-washout-dish2-009,WT,0,0.912,21.8,184.9,1
S9-WT-NOC-washout-dish2-009,WT,0,0.778,26.16,146.8,0
S9-WT-NOC-washout-dish2-009,WT,0,0.278,19.62,137.6,0
S9-WT-NOC-washout-dish2-009,WT,0,0.373,8.72,205.7,1
S9-WT-NOC-washout-dish2-009,WT,0,0.733,9.81,266.7,0
S9-WT-NOC-washout-dish2-009,WT,0,0.783,23.98,163.0,0
S9-WT-NOC-washout-dish2-009,WT,0,0.755,14.17,223.2,1
S9-WT-NOC-washout-dish2-009,WT,0,0.903,10.9,179.7,0
S9-WT-NOC-washout-dish2-009,WT,0,0.883,22.89,163.1,1
S9-WT-NOC-washout-dish2-009,WT,0,0.149,19.62,187.7,0
S9-WT-NOC-washout-dish2-009,WT,0,0.981,17.44,246.6,0
S9-WT-NOC-washout-dish2-009,WT,0,0.364,20.71,194.5,0
S9-WT-NOC-washout-dish2-009,WT,0,0.381,6.54,328.8,0
S9-WT-NOC-washout-dish2-009,WT,0,0.214,8.72,249.6,0
S9-WT-NOC-washout-dish2-009,WT,0,0.913,15.26,177.7,1
S9-WT-NOC-washout-dish2-009,WT,0,0.53,5.45,279.4,0
S9-WT-NOC-washout-dish2-009,WT,0,0.308,15.26,173.9,0
S9-WT-NOC-washout-dish2-009,WT,0,0.614,23.98,155.5,0
S9-WT-NOC-washout-dish2-009,WT,0,0.721,8.72,148.2,1
S9-WT-NOC-washout-dish2-009,WT,0,0.478,29.43,135.5,0
S9-WT-NOC-washout-dish2-009,WT,0,0.826,20.71,141.6,1
S9-WT-NOC-washout-dish2-009,WT,0,0.089,16.35,162.2,1
S9-WT-NOC-washout-dish2-009,WT,0,0.307,77.39,120.1,0
S9-WT-NOC-washout-dish2-009,WT,0,0.817,4.36,240.1,1
S9-WT-NOC-washout-dish2-009,WT,0,0.69,8.72,271.0,0
S9-WT-NOC-washout-dish2-009,WT,0,0.976,74.12,163.1,0
S9-WT-NOC-washout-dish2-009,WT,0,0.825,27.25,211.2,1
S9-WT-NOC-washout-dish2-009,WT,0,0.983,14.17,172.7,0
S9-WT-NOC-washout-dish2-009,WT,0,0.657,6.54,316.5,0
S9-WT-NOC-washout-dish2-009,WT,0,0.432,6.54,286.4,1
S9-WT-NOC-washout-dish2-009,WT,0,0.871,42.51,166.1,0
S9-WT-NOC-washout-dish2-009,WT,0,0.228,42.51,176.1,1
S9-WT-NOC-washout-dish2-009,WT,0,0.593,11.99,263.6,1
S9-WT-NOC-washout-dish2-009,WT,0,0.102,15.26,154.0,0
S9-WT-NOC-washout-dish2-009,WT,0,0.825,4.36,229.6,0
S9-WT-NOC-washout-dish2-009,WT,0,0.15,9.81,198.3,0
S9-WT-NOC-washout-dish2-009,WT,0,0.665,8.72,236.7,0
S9-WT-NOC-washout-dish2-009,WT,0,0.532,7.63,121.8,1
S9-WT-NOC-washout-dish2-009,WT,0,0.803,33.79,148.7,0
S9-WT-NOC-washout-dish2-009,WT,0,0.067,5.45,373.3,0
S9-WT-NOC-washout-dish2-009,WT,0,0.484,14.17,229.6,0
S9-WT-NOC-washout-dish2-009,WT,0,0.73,14.17,202.0,1
S9-WT-NOC-washout-dish2-009,WT,0,0.768,10.9,217.5,1
S9-WT-NOC-washout-dish2-009,WT,0,0.904,11.99,259.3,0
S9-WT-NOC-washout-dish2-009,WT,0,0.193,6.54,185.3,0
S9-WT-NOC-washout-dish2-009,WT,0,0.295,17.44,217.9,0
S9-WT-NOC-washout-dish2-009,WT,0,0.941,10.9,234.4,0
S9-WT-NOC-washout-dish2-009,WT,0,0.405,20.71,125.9,1
S9-WT-NOC-washout-dish2-009,WT,0,0.708,14.17,161.3,0
S9-WT-NOC-washout-dish2-009,WT,0,0.761,6.54,286.3,0
S9-WT-NOC-washout-dish2-009,WT,0,0.421,7.63,218.7,0
S9-WT-NOC-washout-dish2-009,WT,0,0.812,9.81,187.5,1
S9-WT-NOC-washout-dish2-009,WT,0,0.11,13.08,85.4,0
S9-WT-NOC-washout-dish2-009,WT,0,0.323,25.07,186.1,1
S9-WT-NOC-washout-dish2-009,WT,0,0.612,18.53,127.9,1
S9-WT-NOC-washout-dish2-009,WT,0,0.579,45.78,175.7,0
S9-WT-NOC-washout-dish2-009,WT,0,0.223,47.96,149.9,0
S9-WT-NOC-washout-dish2-009,WT,0,0.285,47.96,161.3,1
S9-WT-NOC-washout-dish2-009,WT,0,0.232,5.45,302.0,1
S9-WT-NOC-washout-dish2-009,WT,0,0.127,14.17,234.9,1
S9-WT-NOC-washout-dish2-009,WT,0,0.514,23.98,160.9,0
S9-WT-NOC-washout-dish2-009,WT,0,0.602,4.36,155.7,0
S9-WT-NOC-washout-dish2-009,WT,0,0.717,40.33,140.9,0
S9-WT-NOC-washout-dish2-009,WT,0,0.429,42.51,156.2,1
S9-WT-NOC-washout-dish2-009,WT,0,0.967,17.44,302.2,0
S9-WT-NOC-washout-dish2-009,WT,0,0.853,40.33,169.6,1
S9-WT-NOC-washout-dish2-009,WT,0,0.499,4.36,227.6,0
S9-WT-NOC-washout-dish2-009,WT,0,0.857,5.45,191.8,0
S9-WT-NOC-washout-dish2-009,WT,0,0.087,18.53,158.2,0
S9-WT-NOC-washout-dish2-009,WT,0,0.122,27.25,210.6,1
S9-WT-NOC-washout-dish2-009,WT,0,0.908,14.17,225.0,0
S9-WT-NOC-washout-dish2-009,WT,0,0.257,5.45,222.6,0
S9-WT-NOC-washout-dish2-009,WT,0,0.549,7.63,162.1,0
S9-WT-NOC-washout-dish2-009,WT,0,0.693,5.45,210.3,0
S9-WT-NOC-washout-dish2-009,WT,0,0.193,26.16,185.9,1
S9-WT-NOC-washout-dish2-009,WT,0,0.715,5.45,151.1,0
S9-WT-NOC-washout-dish2-009,WT,0,0.249,6.54,282.7,0
S9-WT-NOC-washout-dish2-009,WT,0,0.604,23.98,158.9,1
S9-WT-NOC-washout-dish2-009,WT,0,0.286,4.36,515.9,1
S9-WT-NOC-washout-dish2-009,WT,0,0.085,6.54,128.0,0
S9-WT-NOC-washout-dish2-009,WT,0,0.289,6.54,254.9,1
S9-WT-NOC-washout-dish2-009,WT,0,0.97,5.45,215.1,0
S9-WT-NOC-washout-dish2-009,WT,0,0.901,8.72,159.3,0
S9-WT-NOC-washout-dish2-009,WT,0,0.1,18.53,89.8,0
S9-WT-NOC-washout-dish2-009,WT,0,0.594,10.9,189.3,0
S9-WT-NOC-washout-dish2-009,WT,0,0.85,5.45,265.3,1
S9-WT-NOC-washout-dish2-009,WT,0,0.504,6.54,205.7,0
S9-WT-NOC-washout-dish2-009,WT,0,0.044,10.9,218.6,0
S9-WT-NOC-washout-dish2-009,WT,0,0.421,7.63,324.0,0
S9-WT-NOC-washout-dish2-009,WT,0,0.596,13.08,166.9,1
S9-WT-NOC-washout-dish2-009,WT,0,0.119,7.63,130.7,1
S9-WT-NOC-washout-dish2-009,WT,0,0.509,9.81,202.6,0
S9-WT-NOC-washout-dish2-009,WT,0,0.706,4.36,176.5,1
S9-WT-NOC-washout-dish2-009,WT,0,0.312,9.81,174.7,0
S9-WT-NOC-washout-dish2-009,WT,0,0.15,8.72,171.6,1
S9-WT-NOC-washout-dish2-009,WT,0,0.363,7.63,142.8,0
S9-WT-NOC-washout-dish2-009,WT,0,0.857,6.54,184.7,0
S9-WT-NOC-washout-dish2-009,WT,0,0.574,5.45,164.7,1
S9-WT-NOC-washout-dish2-009,WT,0,0.899,5.45,298.4,0
S9-WT-NOC-washout-dish2-009,WT,0,0.261,4.36,250.6,0
S9-WT-NOC-washout-dish3-001,WT,0,0.182,5.45,447.1,0
S9-WT-NOC-washout-dish3-001,WT,0,0.334,34.88,119.3,1
S9-WT-NOC-washout-dish3-001,WT,0,0.825,28.34,123.1,1
S9-WT-NOC-washout-dish3-001,WT,0,0.318,33.79,119.1,0
S9-WT-NOC-washout-dish3-001,WT,0,0.471,5.45,216.9,0
S9-WT-NOC-washout-dish3-001,WT,0,0.333,10.9,284.2,0
S9-WT-NOC-washout-dish3-001,WT,0,0.86,11.99,164.7,1
S9-WT-NOC-washout-dish3-001,WT,0,0.215,19.62,233.6,0
S9-WT-NOC-washout-dish3-001,WT,0,0.583,4.36,295.2,0
S9-WT-NOC-washout-dish3-001,WT,0,0.853,14.17,288.4,1
S9-WT-NOC-washout-dish3-001,WT,0,0.255,20.71,284.3,1
S9-WT-NOC-washout-dish3-001,WT,0,0.541,65.4,131.0,0
S9-WT-NOC-washout-dish3-001,WT,0,0.685,45.78,213.8,0
S9-WT-NOC-washout-dish3-001,WT,0,0.642,58.86,131.5,0
S9-WT-NOC-washout-dish3-001,WT,0,0.062,11.99,211.3,1
S9-WT-NOC-washout-dish3-001,WT,0,0.786,5.45,287.3,0
S9-WT-NOC-washout-dish3-001,WT,0,0.278,6.54,254.7,1
S9-WT-NOC-washout-dish3-001,WT,0,0.086,4.36,272.2,1
S9-WT-NOC-washout-dish3-001,WT,0,0.697,25.07,254.4,1
S9-WT-NOC-washout-dish3-001,WT,0,0.201,7.63,151.7,1
S9-WT-NOC-washout-dish3-001,WT,0,0.775,5.45,357.8,0
S9-WT-NOC-washout-dish3-001,WT,0,0.868,4.36,355.5,0
S9-WT-NOC-washout-dish3-001,WT,0,0.46,9.81,324.6,0
S9-WT-NOC-washout-dish3-001,WT,0,0.625,11.99,218.6,1
S9-WT-NOC-washout-dish3-001,WT,0,0.36,7.63,208.7,1
S9-WT-NOC-washout-dish3-001,WT,0,0.925,4.36,190.4,0
S9-WT-NOC-washout-dish3-001,WT,0,0.584,5.45,167.9,1
S9-WT-NOC-washout-dish3-001,WT,0,0.165,13.08,167.9,0
S9-WT-NOC-washout-dish3-001,WT,0,0.636,4.36,239.4,1
S9-WT-NOC-washout-dish3-001,WT,0,0.659,7.63,82.8,0
S9-WT-NOC-washout-dish3-001,WT,0,0.354,23.98,161.2,0
S9-WT-NOC-washout-dish3-001,WT,0,0.303,19.62,178.1,0
S9-WT-NOC-washout-dish3-001,WT,0,0.285,7.63,166.7,0
S9-WT-NOC-washout-dish3-001,WT,0,0.407,18.53,197.3,1
S9-WT-NOC-washout-dish3-001,WT,0,0.184,20.71,81.9,0
S9-WT-NOC-washout-dish3-001,WT,0,0.274,4.36,223.7,0
S9-WT-NOC-washout-dish3-001,WT,0,0.932,10.9,143.6,0
S9-WT-NOC-washout-dish3-001,WT,0,0.633,5.45,228.3,0
S9-WT-NOC-washout-dish3-001,WT,0,0.207,4.36,216.5,1
S9-WT-NOC-washout-dish3-002,WT,0,0.831,30.52,152.3,0
S9-WT-NOC-washout-dish3-002,WT,0,0.501,5.45,131.1,0
S9-WT-NOC-washout-dish3-002,WT,0,0.782,21.8,155.9,0
S9-WT-NOC-washout-dish3-002,WT,0,0.357,11.99,190.6,1
S9-WT-NOC-washout-dish3-002,WT,0,0.772,51.23,113.5,0
S9-WT-NOC-washout-dish3-002,WT,0,0.524,18.53,201.9,0
S9-WT-NOC-washout-dish3-002,WT,0,0.339,15.26,150.5,0
S9-WT-NOC-washout-dish3-002,WT,0,0.387,52.32,122.5,1
S9-WT-NOC-washout-dish3-002,WT,0,0.174,16.35,189.8,1
S9-WT-NOC-washout-dish3-002,WT,0,0.648,37.06,151.3,0
S9-WT-NOC-washout-dish3-002,WT,0,0.208,16.35,151.4,0
S9-WT-NOC-washout-dish3-002,WT,0,0.053,38.15,191.5,0
S9-WT-NOC-washout-dish3-002,WT,0,0.927,11.99,292.4,1
S9-WT-NOC-washout-dish3-002,WT,0,0.258,6.54,277.4,1
S9-WT-NOC-washout-dish3-002,WT,0,0.333,10.9,291.8,0
S9-WT-NOC-washout-dish3-002,WT,0,0.585,5.45,130.4,0
S9-WT-NOC-washout-dish3-002,WT,0,0.586,10.9,307.3,1
S9-WT-NOC-washout-dish3-002,WT,0,0.353,7.63,150.1,1
S9-WT-NOC-washout-dish3-002,WT,0,0.133,20.71,182.7,0
S9-WT-NOC-washout-dish3-002,WT,0,0.941,13.08,166.7,1
S9-WT-NOC-washout-dish3-002,WT,0,0.483,22.89,226.9,0
S9-WT-NOC-washout-dish3-002,WT,0,0.938,4.36,190.6,1
S9-WT-NOC-washout-dish3-002,WT,0,0.948,11.99,180.9,1
S9-WT-NOC-washout-dish3-002,WT,0,0.596,11.99,135.9,0
S9-WT-NOC-washout-dish3-002,WT,0,0.976,6.54,160.2,1
S9-WT-NOC-washout-dish3-002,WT,0,0.874,31.61,131.6,0
S9-WT-NOC-washout-dish3-002,WT,0,0.776,8.72,249.4,0
S9-WT-NOC-washout-dish3-002,WT,0,0.708,21.8,177.0,1
S9-WT-NOC-washout-dish3-002,WT,0,0.379,13.08,93.5,0
S9-WT-NOC-washout-dish3-002,WT,0,0.387,74.12,205.0,0
S9-WT-NOC-washout-dish3-002,WT,0,0.951,6.54,179.7,1
S9-WT-NOC-washout-dish3-002,WT,0,0.166,25.07,201.3,1
S9-WT-NOC-washout-dish3-002,WT,0,0.771,18.53,192.5,0
S9-WT-NOC-washout-dish3-002,WT,0,0.642,31.61,218.5,0
S9-WT-NOC-washout-dish3-002,WT,0,0.62,10.9,159.8,1
S9-WT-NOC-washout-dish3-002,WT,0,0.234,7.63,193.4,0
S9-WT-NOC-washout-dish3-002,WT,0,0.868,4.36,114.1,0
S9-WT-NOC-washout-dish3-002,WT,0,0.761,22.89,173.7,1
S9-WT-NOC-washout-dish3-002,WT,0,0.669,16.35,181.1,0
S9-WT-NOC-washout-dish3-002,WT,0,0.022,9.81,157.3,0
S9-WT-NOC-washout-dish3-002,WT,0,0.632,41.42,209.0,0
S9-WT-NOC-washout-dish3-002,WT,0,0.561,5.45,397.3,0
S9-WT-NOC-washout-dish3-002,WT,0,0.178,6.54,312.0,0
S9-WT-NOC-washout-dish3-002,WT,0,0.287,21.8,182.1,0
S9-WT-NOC-washout-dish3-002,WT,0,0.057,4.36,228.1,0
S9-WT-NOC-washout-dish3-002,WT,0,0.469,20.71,210.4,0
S9-WT-NOC-washout-dish3-002,WT,0,0.772,6.54,252.1,1
S9-WT-NOC-washout-dish3-002,WT,0,0.698,62.13,146.7,0
S9-WT-NOC-washout-dish3-002,WT,0,0.619,16.35,124.4,0
S9-WT-NOC-washout-dish3-002,WT,0,0.077,4.36,189.0,0
S9-WT-NOC-washout-dish3-002,WT,0,0.115,13.08,217.6,1
S9-WT-NOC-washout-dish3-002,WT,0,0.627,6.54,191.8,0
S9-WT-NOC-washout-dish3-002,WT,0,0.731,21.8,118.7,1
S9-WT-NOC-washout-dish3-002,WT,0,0.105,7.63,292.6,1
S9-WT-NOC-washout-dish3-002,WT,0,0.506,6.54,210.3,0
S9-WT-NOC-washout-dish3-002,WT,0,0.366,10.9,123.5,0
S9-WT-NOC-washout-dish3-002,WT,0,0.971,9.81,167.7,0
S9-WT-NOC-washout-dish3-002,WT,0,0.628,19.62,107.7,0
S9-WT-NOC-washout-dish3-002,WT,0,0.761,9.81,240.1,0
S9-WT-NOC-washout-dish3-002,WT,0,0.616,4.36,428.9,0
S9-WT-NOC-washout-dish3-002,WT,0,0.098,5.45,182.1,1
S9-WT-NOC-washout-dish3-002,WT,0,0.072,4.36,134.1,0
S9-WT-NOC-washout-dish3-002,WT,0,0.451,18.53,155.4,0
S9-WT-NOC-washout-dish3-002,WT,0,0.09,35.97,210.8,0
S9-WT-NOC-washout-dish3-002,WT,0,0.73,38.15,154.1,0
S9-WT-NOC-washout-dish3-002,WT,0,0.565,6.54,363.7,1
S9-WT-NOC-washout-dish3-002,WT,0,0.573,8.72,236.9,0
S9-WT-NOC-washout-dish3-002,WT,0,0.487,6.54,221.4,0
S9-WT-NOC-washout-dish3-002,WT,0,0.779,5.45,200.7,0
S9-WT-NOC-washout-dish3-002,WT,0,0.621,20.71,207.9,1
S9-WT-NOC-washout-dish3-002,WT,0,0.39,6.54,158.1,0
S9-WT-NOC-washout-dish3-002,WT,0,0.302,9.81,95.6,0
S9-WT-NOC-washout-dish3-002,WT,0,0.384,14.17,175.6,0
S9-WT-NOC-washout-dish3-002,WT,0,0.72,9.81,125.8,0
S9-WT-NOC-washout-dish3-002,WT,0,0.752,5.45,196.5,1
S9-WT-NOC-washout-dish3-002,WT,0,0.922,11.99,160.3,0
S9-WT-NOC-washout-dish3-002,WT,0,0.885,16.35,107.8,0
S9-WT-NOC-washout-dish3-002,WT,0,0.83,9.81,104.9,0
S9-WT-NOC-washout-dish3-002,WT,0,0.325,5.45,203.2,0
S9-WT-NOC-washout-dish3-002,WT,0,0.616,8.72,179.2,0
S9-WT-NOC-washout-dish3-004,WT,0,0.153,8.72,200.4,0
S9-WT-NOC-washout-dish3-004,WT,0,0.249,31.61,179.2,0
S9-WT-NOC-washout-dish3-004,WT,0,0.592,14.17,122.0,1
S9-WT-NOC-washout-dish3-004,WT,0,0.917,66.49,150.8,1
S9-WT-NOC-washout-dish3-004,WT,0,0.641,32.7,133.4,1
S9-WT-NOC-washout-dish3-004,WT,0,0.64,11.99,190.5,0
S9-WT-NOC-washout-dish3-004,WT,0,0.469,4.36,228.3,0
S9-WT-NOC-washout-dish3-004,WT,0,0.493,7.63,182.6,1
S9-WT-NOC-washout-dish3-004,WT,0,0.333,5.45,228.8,0
S9-WT-NOC-washout-dish3-004,WT,0,0.601,6.54,228.5,1
S9-WT-NOC-washout-dish3-004,WT,0,0.551,11.99,163.6,0
S9-WT-NOC-washout-dish3-004,WT,0,0.395,17.44,164.3,0
S9-WT-NOC-washout-dish3-004,WT,0,0.809,31.61,165.9,0
S9-WT-NOC-washout-dish3-004,WT,0,0.357,5.45,115.0,1
S9-WT-NOC-washout-dish3-004,WT,0,0.487,8.72,160.1,0
S9-WT-NOC-washout-dish3-004,WT,0,0.63,20.71,174.4,1
S9-WT-NOC-washout-dish3-004,WT,0,0.851,9.81,273.3,0
S9-WT-NOC-washout-dish3-004,WT,0,0.707,4.36,175.7,0
S9-WT-NOC-washout-dish3-004,WT,0,0.745,11.99,172.4,0
S9-WT-NOC-washout-dish3-004,WT,0,0.478,8.72,243.2,0
S9-WT-NOC-washout-dish3-004,WT,0,0.916,16.35,112.4,0
S9-WT-NOC-washout-dish3-004,WT,0,0.587,32.7,102.5,1
S9-WT-NOC-washout-dish3-004,WT,0,0.264,5.45,130.7,1
S9-WT-NOC-washout-dish3-004,WT,0,0.749,6.54,235.6,0
S9-WT-NOC-washout-dish3-004,WT,0,0.654,20.71,208.7,0
S9-WT-NOC-washout-dish3-004,WT,0,0.486,6.54,399.3,1
S9-WT-NOC-washout-dish3-004,WT,0,0.284,4.36,184.3,0
S9-WT-NOC-washout-dish3-004,WT,0,0.974,4.36,246.6,1
S9-WT-NOC-washout-dish3-004,WT,1,0.319,4.36,258.6,0
S9-WT-NOC-washout-dish3-004,WT,1,0.309,18.53,288.5,1
S9-WT-NOC-washout-dish3-004,WT,1,0.179,17.44,198.0,0
S9-WT-NOC-washout-dish3-004,WT,1,0.829,8.72,204.8,0
S9-WT-NOC-washout-dish3-004,WT,1,0.658,4.36,228.3,0
S9-WT-NOC-washout-dish3-004,WT,1,0.413,52.32,140.1,1
S9-WT-NOC-washout-dish3-004,WT,1,0.584,14.17,128.0,0
S9-WT-NOC-washout-dish3-004,WT,1,0.217,19.62,212.7,0
S9-WT-NOC-washout-dish3-004,WT,1,0.09,15.26,204.9,1
S9-WT-NOC-washout-dish3-004,WT,1,0.275,7.63,165.8,0
S9-WT-NOC-washout-dish3-004,WT,1,0.821,26.16,181.2,1
S9-WT-NOC-washout-dish3-004,WT,1,0.632,5.45,143.6,1
S9-WT-NOC-washout-dish3-004,WT,1,0.283,5.45,219.8,0
S9-WT-NOC-washout-dish3-004,WT,1,0.544,4.36,234.5,1
S9-WT-NOC-washout-dish3-004,WT,1,0.805,8.72,262.0,1
S9-WT-NOC-washout-dish3-004,WT,1,0.275,4.36,309.1,0
S9-WT-NOC-washout-dish3-004,WT,1,0.833,17.44,103.3,0
S9-WT-NOC-washout-dish3-004,WT,1,0.852,63.22,163.9,1
S9-WT-NOC-washout-dish3-004,WT,1,0.427,15.26,245.5,1
S9-WT-NOC-washout-dish3-004,WT,1,0.174,6.54,255.2,0
S9-WT-NOC-washout-dish3-004,WT,1,0.582,7.63,200.8,0
S9-WT-NOC-washout-dish3-004,WT,1,0.738,4.36,406.9,1
S9-WT-NOC-washout-dish3-004,WT,1,0.636,6.54,244.5,0
S9-WT-NOC-washout-dish3-004,WT,1,0.814,4.36,310.3,1
S9-WT-NOC-washout-dish3-004,WT,1,0.54,4.36,344.4,0
S9-WT-NOC-washout-dish3-004,WT,1,0.075,7.63,132.0,0
S9-WT-NOC-washout-dish3-004,WT,1,0.403,4.36,414.2,0
S9-WT-NOC-washout-dish3-004,WT,1,0.607,7.63,265.6,0
S9-WT-NOC-washout-dish3-004,WT,1,0.228,4.36,229.9,0
S9-WT-NOC-washout-dish3-004,WT,1,0.541,6.54,205.0,0
S9-WT-NOC-washout-dish3-004,WT,1,0.518,4.36,313.5,0
S9-WT-NOC-washout-dish3-004,WT,1,0.137,10.9,208.2,1
S9-WT-NOC-washout-dish3-004,WT,1,0.275,10.9,177.7,1
S9-WT-NOC-washout-dish3-004,WT,1,0.643,4.36,224.4,1
S9-WT-NOC-washout-dish3-009,WT,0,0.215,21.8,159.4,1
S9-WT-NOC-washout-dish3-009,WT,0,0.516,9.81,169.2,0
S9-WT-NOC-washout-dish3-009,WT,0,0.845,15.26,239.7,1
S9-WT-NOC-washout-dish3-009,WT,0,0.531,10.9,211.4,0
S9-WT-NOC-washout-dish3-009,WT,0,0.157,4.36,357.3,1
S9-WT-NOC-washout-dish3-009,WT,0,0.715,11.99,169.4,1
S9-WT-NOC-washout-dish3-009,WT,0,0.073,4.36,360.5,0
S9-WT-NOC-washout-dish3-009,WT,0,0.761,20.71,273.4,1
S9-WT-NOC-washout-dish3-009,WT,0,0.613,22.89,281.3,1
S9-WT-NOC-washout-dish3-009,WT,0,0.431,7.63,323.2,1
S9-WT-NOC-washout-dish3-009,WT,0,0.234,9.81,206.1,0
S9-WT-NOC-washout-dish3-009,WT,0,0.916,33.79,180.8,0
S9-WT-NOC-washout-dish3-009,WT,0,0.62,13.08,251.6,0
S9-WT-NOC-washout-dish3-009,WT,0,0.883,42.51,188.8,1
S9-WT-NOC-washout-dish3-009,WT,0,0.518,19.62,120.0,1
S9-WT-NOC-washout-dish3-009,WT,0,0.119,6.54,304.2,0
S9-WT-NOC-washout-dish3-009,WT,0,0.351,4.36,176.3,1
S9-WT-NOC-washout-dish3-009,WT,0,0.31,4.36,281.2,1
S9-WT-NOC-washout-dish3-009,WT,0,0.565,15.26,235.7,1
S9-WT-NOC-washout-dish3-009,WT,0,0.461,11.99,277.3,0
S9-WT-NOC-washout-dish3-009,WT,0,0.051,6.54,122.7,1
S9-WT-NOC-washout-dish3-009,WT,0,0.454,4.36,381.5,0
S9-WT-NOC-washout-dish3-009,WT,0,0.51,18.53,272.9,1
S9-WT-NOC-washout-dish3-009,WT,0,0.485,8.72,221.2,0
S9-WT-NOC-washout-dish3-009,WT,0,0.498,26.16,239.3,1
S9-WT-NOC-washout-dish3-009,WT,0,0.087,10.9,253.3,1
S9-WT-NOC-washout-dish3-009,WT,0,0.349,8.72,172.7,1
S9-WT-NOC-washout-dish3-009,WT,0,0.578,18.53,218.0,0
S9-WT-NOC-washout-dish3-009,WT,0,0.297,38.15,235.4,0
S9-WT-NOC-washout-dish3-009,WT,0,0.971,10.9,204.3,0
S9-WT-NOC-washout-dish3-009,WT,0,0.455,18.53,276.1,0
S9-WT-NOC-washout-dish3-009,WT,0,0.887,4.36,401.0,1
S9-WT-NOC-washout-dish3-009,WT,0,0.647,21.8,249.1,0
S9-WT-NOC-washout-dish3-009,WT,0,0.679,22.89,221.2,1
S9-WT-NOC-washout-dish3-009,WT,0,0.53,4.36,333.8,1
S9-WT-NOC-washout-dish3-009,WT,0,0.373,10.9,246.7,1
S9-WT-NOC-washout-dish3-009,WT,0,0.76,19.62,226.1,1
S9-WT-NOC-washout-dish3-009,WT,0,0.581,17.44,198.0,1
S9-WT-NOC-washout-dish3-009,WT,0,0.85,4.36,192.1,0
S9-WT-NOC-washout-dish3-009,WT,0,0.826,8.72,255.9,0
S9-WT-NOC-washout-dish3-009,WT,0,0.47,4.36,218.3,1
S9-WT-NOC-washout-dish3-009,WT,0,0.456,38.15,273.6,1
S9-WT-NOC-washout-dish3-009,WT,0,0.109,9.81,196.1,0
S9-WT-NOC-washout-dish3-009,WT,0,0.594,9.81,318.6,1
S9-WT-NOC-washout-dish3-009,WT,0,0.316,5.45,351.2,0
S9-WT-NOC-washout-dish3-009,WT,0,0.646,41.42,193.8,0
S9-WT-NOC-washout-dish3-009,WT,0,0.846,42.51,153.3,0
S9-WT-NOC-washout-dish3-009,WT,0,0.779,11.99,204.5,0
S9-WT-NOC-washout-dish3-009,WT,0,0.259,13.08,231.1,1
S9-WT-NOC-washout-dish3-009,WT,0,0.925,19.62,245.7,0
S9-WT-NOC-washout-dish3-009,WT,0,0.531,13.08,252.3,0
S9-WT-NOC-washout-dish3-009,WT,0,0.545,11.99,199.7,0
S9-WT-NOC-washout-dish3-009,WT,0,0.163,5.45,264.1,1
S9-WT-NOC-washout-dish3-009,WT,0,0.221,8.72,301.9,1
S9-WT-NOC-washout-dish3-009,WT,0,0.511,6.54,266.8,0
S9-WT-NOC-washout-dish3-009,WT,0,0.535,4.36,280.4,1
S9-WT-NOC-washout-dish3-009,WT,0,0.794,6.54,191.8,0
S9-WT-NOC-washout-dish3-009,WT,0,0.329,28.34,248.3,0
S9-WT-NOC-washout-dish3-009,WT,0,0.464,14.17,190.7,0
S9-WT-NOC-washout-dish3-009,WT,0,0.363,20.71,254.2,0
S9-WT-NOC-washout-dish3-009,WT,0,0.467,8.72,252.2,1
S9-WT-NOC-washout-dish3-009,WT,0,0.412,6.54,411.2,1
S9-WT-NOC-washout-dish3-009,WT,0,0.253,27.25,139.0,1
S9-WT-NOC-washout-dish3-009,WT,0,0.638,5.45,137.9,1
S9-WT-NOC-washout-dish3-009,WT,0,0.516,8.72,224.9,0
S9-WT-NOC-washout-dish3-009,WT,0,0.846,15.26,269.4,1
S9-WT-NOC-washout-dish3-009,WT,0,0.2,4.36,290.9,0
S9-WT-NOC-washout-dish3-009,WT,0,0.886,29.43,208.6,0
S9-WT-NOC-washout-dish3-009,WT,0,0.34,15.26,221.6,1
S9-WT-NOC-washout-dish3-009,WT,0,0.717,21.8,231.7,0
S9-WT-NOC-washout-dish3-009,WT,0,0.462,6.54,224.9,1
S9-WT-NOC-washout-dish3-009,WT,0,0.595,17.44,192.7,0
S9-WT-NOC-washout-dish3-009,WT,0,0.157,8.72,353.9,1
S9-WT-NOC-washout-dish3-009,WT,0,0.244,20.71,228.2,1
S9-WT-NOC-washout-dish3-009,WT,0,0.205,5.45,181.8,0
S9-WT-NOC-washout-dish3-009,WT,0,0.62,5.45,214.9,0
S9-WT-NOC-washout-dish3-009,WT,0,0.383,6.54,202.8,0
S9-WT-NOC-washout-dish3-009,WT,0,0.536,9.81,261.7,0
S9-WT-NOC-washout-dish3-009,WT,0,0.763,11.99,175.9,0
S9-WT-NOC-washout-dish3-009,WT,0,0.275,15.26,186.3,0
S9-WT-NOC-washout-dish3-009,WT,0,0.137,9.81,196.8,1
S9-WT-NOC-washout-dish3-009,WT,0,0.9,14.17,281.4,1
S9-WT-NOC-washout-dish3-009,WT,0,0.329,11.99,350.1,1
S9-WT-NOC-washout-dish3-009,WT,0,0.604,11.99,319.2,0
S9-WT-NOC-washout-dish3-009,WT,0,0.269,9.81,208.3,0
S9-WT-NOC-washout-dish3-009,WT,0,0.605,4.36,146.7,1
S9-WT-NOC-washout-dish3-009,WT,0,0.166,6.54,234.5,0
S9-WT-NOC-washout-dish3-009,WT,1,0.163,10.9,181.1,1
S9-WT-NOC-washout-dish3-009,WT,1,0.976,27.25,190.2,0
S9-WT-NOC-washout-dish3-009,WT,1,0.679,45.78,225.1,0
S9-WT-NOC-washout-dish3-009,WT,1,0.596,45.78,160.1,1
S9-WT-NOC-washout-dish3-009,WT,1,0.492,7.63,274.4,0
S9-WT-NOC-washout-dish3-009,WT,1,0.224,9.81,283.3,0
S9-WT-NOC-washout-dish3-009,WT,1,0.529,20.71,179.8,0
S9-WT-NOC-washout-dish3-009,WT,1,0.452,85.02,177.5,0
S9-WT-NOC-washout-dish3-009,WT,1,0.665,7.63,346.1,0
S9-WT-NOC-washout-dish3-009,WT,1,0.403,18.53,297.6,0
S9-WT-NOC-washout-dish3-009,WT,1,0.404,9.81,204.2,0
S9-WT-NOC-washout-dish3-009,WT,1,0.355,23.98,272.8,1
S9-WT-NOC-washout-dish3-009,WT,1,0.63,10.9,282.2,0
S9-WT-NOC-washout-dish3-009,WT,1,0.713,30.52,137.5,0
S9-WT-NOC-washout-dish3-009,WT,1,0.678,20.71,229.1,1
S9-WT-NOC-washout-dish3-009,WT,1,0.673,9.81,145.6,0
S9-WT-NOC-washout-dish3-009,WT,1,0.637,21.8,208.2,1
S9-WT-NOC-washout-dish3-009,WT,1,0.709,7.63,360.7,0
S9-WT-NOC-washout-dish3-009,WT,1,0.664,4.36,251.8,0
S9-WT-NOC-washout-dish3-009,WT,1,0.191,16.35,213.8,1
S9-WT-NOC-washout-dish3-009,WT,1,0.628,21.8,214.8,0
S9-WT-NOC-washout-dish3-009,WT,1,0.507,17.44,189.6,0
S9-WT-NOC-washout-dish3-009,WT,1,0.55,19.62,214.7,1
S9-WT-NOC-washout-dish3-009,WT,1,0.889,16.35,111.8,0
S9-WT-NOC-washout-dish3-009,WT,1,0.312,21.8,189.3,1
S9-WT-NOC-washout-dish3-009,WT,1,0.15,10.9,212.9,0
S9-WT-NOC-washout-dish3-009,WT,1,0.466,4.36,250.0,0
S9-WT-NOC-washout-dish3-009,WT,1,0.777,87.2,183.7,0
S9-WT-NOC-washout-dish3-009,WT,1,0.526,11.99,207.2,0
S9-WT-NOC-washout-dish3-009,WT,1,0.467,7.63,227.2,1
S9-WT-NOC-washout-dish3-009,WT,1,0.237,7.63,153.6,1
S9-WT-NOC-washout-dish3-009,WT,1,0.391,19.62,165.1,1
S9-WT-NOC-washout-dish3-009,WT,1,0.55,7.63,107.0,0
S9-WT-NOC-washout-dish3-009,WT,1,0.595,13.08,196.9,1
S9-WT-NOC-washout-dish3-009,WT,1,0.546,16.35,272.3,0
S9-WT-NOC-washout-dish3-009,WT,1,0.054,8.72,137.2,0
S9-WT-NOC-washout-dish3-009,WT,1,0.886,15.26,297.2,0
S9-WT-NOC-washout-dish3-009,WT,1,0.249,9.81,276.2,0
S9-WT-NOC-washout-dish3-009,WT,1,0.572,6.54,288.2,0
S9-WT-NOC-washout-dish3-009,WT,1,0.165,6.54,265.1,1
S9-WT-NOC-washout-dish3-009,WT,1,0.522,7.63,256.8,0
S9-WT-NOC-washout-dish3-009,WT,1,0.329,27.25,190.4,0
S9-WT-NOC-washout-dish3-009,WT,1,0.764,22.89,192.9,0
S9-WT-NOC-washout-dish3-009,WT,1,0.621,10.9,307.7,0
S9-WT-NOC-washout-dish3-009,WT,1,0.534,11.99,328.6,0
S9-WT-NOC-washout-dish3-009,WT,1,0.247,14.17,286.7,0
S9-WT-NOC-washout-dish3-009,WT,1,0.714,5.45,240.4,1
S9-WT-NOC-washout-dish3-009,WT,1,0.356,4.36,343.8,0
S9-WT-NOC-washout-dish3-009,WT,1,0.356,4.36,335.5,1
S9-WT-NOC-washout-dish3-009,WT,1,0.773,6.54,210.9,1
S9-WT-NOC-washout-dish3-009,WT,1,0.629,74.12,199.7,0
S9-WT-NOC-washout-dish3-009,WT,1,0.469,15.26,284.7,0
S9-WT-NOC-washout-dish3-009,WT,1,0.058,9.81,248.7,0
S9-WT-NOC-washout-dish3-009,WT,1,0.422,13.08,247.5,1
S9-WT-NOC-washout-dish3-009,WT,1,0.521,51.23,135.9,1
S9-WT-NOC-washout-dish3-009,WT,1,0.522,9.81,204.2,1
S9-WT-NOC-washout-dish3-009,WT,1,0.535,8.72,226.0,0
S9-WT-NOC-washout-dish3-009,WT,1,0.39,21.8,270.5,1
S9-WT-NOC-washout-dish3-009,WT,1,0.186,7.63,374.4,0
S9-WT-NOC-washout-dish3-009,WT,1,0.396,26.16,241.4,1
S9-WT-NOC-washout-dish3-009,WT,1,0.577,14.17,238.0,1
S9-WT-NOC-washout-dish3-009,WT,1,0.765,9.81,268.6,0
S9-WT-NOC-washout-dish3-009,WT,1,0.785,9.81,199.4,1
S9-WT-NOC-washout-dish3-009,WT,1,0.68,5.45,348.4,1
S9-WT-NOC-washout-dish3-009,WT,1,0.774,5.45,331.0,1
S9-WT-NOC-washout-dish3-009,WT,1,0.581,7.63,268.4,0
S9-WT-NOC-washout-dish3-009,WT,1,0.446,5.45,222.2,0
S9-WT-NOC-washout-dish3-009,WT,1,0.847,32.7,274.0,1
S9-WT-NOC-washout-dish3-009,WT,1,0.443,7.63,237.0,1
S9-WT-NOC-washout-dish3-009,WT,1,0.509,13.08,244.2,0
S9-WT-NOC-washout-dish3-009,WT,1,0.611,32.7,290.6,1
S9-WT-NOC-washout-dish3-009,WT,1,0.784,5.45,179.8,1
S9-WT-NOC-washout-dish3-009,WT,1,0.517,9.81,278.8,0
S9-WT-NOC-washout-dish3-009,WT,1,0.362,17.44,279.0,0
S9-WT-NOC-washout-dish3-009,WT,1,0.504,56.68,219.8,1
S9-WT-NOC-washout-dish3-009,WT,1,0.052,4.36,134.6,0
S9-WT-NOC-washout-dish3-009,WT,1,0.536,4.36,251.6,0
S9-WT-NOC-washout-dish3-009,WT,1,0.757,5.45,329.9,1
S9-WT-NOC-washout-dish3-009,WT,1,0.991,16.35,210.8,0
S9-WT-NOC-washout-dish3-009,WT,1,0.233,7.63,175.1,0
S9-WT-NOC-washout-dish3-009,WT,1,0.281,9.81,252.5,1
S9-WT-NOC-washout-dish3-009,WT,1,0.57,9.81,356.4,1
S9-WT-NOC-washout-dish3-009,WT,1,0.347,8.72,206.8,0
S9-WT-NOC-washout-dish3-009,WT,1,0.385,22.89,238.7,0
S9-WT-NOC-washout-dish3-009,WT,1,0.532,5.45,390.0,0
S9-WT-NOC-washout-dish3-009,WT,1,0.037,8.72,227.5,0
S9-WT-NOC-washout-dish3-009,WT,1,0.924,14.17,187.6,1
S9-WT-NOC-washout-dish3-009,WT,1,0.87,11.99,297.6,1
S9-WT-NOC-washout-dish3-009,WT,1,0.603,18.53,215.6,1
S9-WT-NOC-washout-dish3-009,WT,1,0.542,10.9,249.4,0
S9-WT-NOC-washout-dish3-009,WT,1,0.337,4.36,288.4,0
S9-WT-NOC-washout-dish3-009,WT,1,0.872,28.34,284.5,1
S9-WT-NOC-washout-dish3-009,WT,1,0.365,35.97,132.3,0
S9-WT-NOC-washout-dish3-009,WT,1,0.675,5.45,385.3,0
S9-WT-NOC-washout-dish3-009,WT,1,0.38,10.9,254.8,0
S9-WT-NOC-washout-dish3-009,WT,1,0.33,11.99,174.6,1
S9-WT-NOC-washout-dish3-009,WT,1,0.512,11.99,292.6,0
S9-WT-NOC-washout-dish3-009,WT,1,0.512,17.44,323.1,0
S9-WT-NOC-washout-dish3-009,WT,1,0.629,17.44,231.3,1
S9-WT-NOC-washout-dish3-009,WT,1,0.499,8.72,214.7,1
S9-WT-NOC-washout-dish3-009,WT,1,0.473,25.07,257.1,1
S9-WT-NOC-washout-dish3-009,WT,1,0.703,13.08,237.3,0
S9-WT-NOC-washout-dish3-009,WT,1,0.324,6.54,211.9,0
S9-WT-NOC-washout-dish3-009,WT,1,0.925,11.99,215.2,0
S9-WT-NOC-washout-dish3-009,WT,1,0.771,31.61,172.1,1
S9-WT-NOC-washout-dish3-009,WT,1,0.955,16.35,266.8,0
S9-WT-NOC-washout-dish3-009,WT,1,0.476,29.43,145.7,1
S9-WT-NOC-washout-dish3-009,WT,1,0.725,11.99,242.0,0
S9-WT-NOC-washout-dish3-009,WT,1,0.466,25.07,233.0,0
S9-WT-NOC-washout-dish3-009,WT,1,0.568,7.63,220.0,0
S9-WT-NOC-washout-dish3-009,WT,1,0.536,7.63,251.6,0
S9-WT-NOC-washout-dish3-009,WT,1,0.853,11.99,238.5,0
S9-WT-NOC-washout-dish3-009,WT,1,0.517,25.07,171.8,0
S9-WT-NOC-washout-dish3-009,WT,1,0.806,19.62,241.5,1
S9-WT-NOC-washout-dish3-009,WT,1,0.83,7.63,227.1,0
S9-WT-NOC-washout-dish3-009,WT,1,0.593,4.36,217.5,0
S9-WT-NOC-washout-dish3-009,WT,1,0.647,5.45,303.7,0
S9-WT-NOC-washout-dish3-009,WT,1,0.731,15.26,264.5,0
S9-WT-NOC-washout-dish3-009,WT,1,0.587,5.45,182.5,1
S9-WT-NOC-washout-dish3-009,WT,1,0.745,11.99,202.4,0
S9-WT-NOC-washout-dish3-009,WT,1,0.116,7.63,203.6,1
S9-WT-NOC-washout-dish3-009,WT,1,0.492,14.17,227.9,0
S9-WT-NOC-washout-dish3-009,WT,1,0.846,13.08,162.8,0
S9-WT-NOC-washout-dish3-009,WT,1,0.355,5.45,212.6,0
S9-WT-NOC-washout-dish3-009,WT,1,0.752,7.63,213.1,0
S9-WT-NOC-washout-dish3-009,WT,1,0.697,10.9,190.5,1
S9-WT-NOC-washout-dish3-009,WT,1,0.539,9.81,212.1,0
S9-WT-NOC-washout-dish3-009,WT,1,0.367,5.45,258.8,0
S9-WT-NOC-washout-dish3-009,WT,1,0.201,9.81,238.1,0
S9-WT-NOC-washout-dish3-009,WT,1,0.592,4.36,194.7,0
S9-WT-NOC-washout-dish3-009,WT,1,0.544,10.9,269.1,1
S9-WT-NOC-washout-dish3-009,WT,1,0.311,7.63,248.2,1
S9-WT-NOC-washout-dish3-009,WT,1,0.922,7.63,345.6,1
S9-WT-NOC-washout-dish3-009,WT,1,0.564,4.36,424.9,0
S9-WT-NOC-washout-dish3-009,WT,1,0.588,6.54,301.3,0
S9-WT-NOC-washout-dish3-009,WT,1,0.45,7.63,150.7,0
S9-WT-NOC-washout-dish3-010,WT,0,0.467,7.63,228.2,0
S9-WT-NOC-washout-dish3-010,WT,0,0.168,25.07,198.7,0
S9-WT-NOC-washout-dish3-010,WT,0,0.535,40.33,139.5,1
S9-WT-NOC-washout-dish3-010,WT,0,0.926,23.98,105.1,0
S9-WT-NOC-washout-dish3-010,WT,0,0.708,53.41,181.9,1
S9-WT-NOC-washout-dish3-010,WT,0,0.656,10.9,227.3,0
S9-WT-NOC-washout-dish3-010,WT,0,0.529,6.54,175.0,0
S9-WT-NOC-washout-dish3-010,WT,0,0.908,5.45,175.1,1
S9-WT-NOC-washout-dish3-010,WT,0,0.872,16.35,254.3,0
S9-WT-NOC-washout-dish3-010,WT,0,0.425,9.81,225.0,1
S9-WT-NOC-washout-dish3-010,WT,0,0.759,49.05,181.5,0
S9-WT-NOC-washout-dish3-010,WT,0,0.256,22.89,210.2,1
S9-WT-NOC-washout-dish3-010,WT,0,0.885,46.87,106.1,0
S9-WT-NOC-washout-dish3-010,WT,0,0.35,14.17,139.0,0
S9-WT-NOC-washout-dish3-010,WT,0,0.347,13.08,149.7,0
S9-WT-NOC-washout-dish3-010,WT,0,0.848,4.36,138.5,0
S9-WT-NOC-washout-dish3-010,WT,0,0.78,13.08,184.1,1
S9-WT-NOC-washout-dish3-010,WT,0,0.532,4.36,194.7,1
S9-WT-NOC-washout-dish3-010,WT,0,0.581,5.45,235.7,0
S9-WT-NOC-washout-dish3-010,WT,0,0.949,29.43,181.8,1
S9-WT-NOC-washout-dish3-010,WT,0,0.769,6.54,398.1,0
S9-WT-NOC-washout-dish3-010,WT,0,0.482,37.06,198.4,1
S9-WT-NOC-washout-dish3-010,WT,0,0.484,5.45,292.9,0
S9-WT-NOC-washout-dish3-010,WT,0,0.708,5.45,215.1,0
S9-WT-NOC-washout-dish3-010,WT,0,0.555,6.54,344.5,0
S9-WT-NOC-washout-dish3-010,WT,0,0.586,9.81,180.1,0
S9-WT-NOC-washout-dish3-010,WT,0,0.563,21.8,288.1,0
S9-WT-NOC-washout-dish3-010,WT,0,0.428,9.81,194.4,1
S9-WT-NOC-washout-dish3-010,WT,0,0.875,31.61,164.0,0
S9-WT-NOC-washout-dish3-010,WT,0,0.667,6.54,263.9,0
S9-WT-NOC-washout-dish3-010,WT,0,0.652,9.81,239.0,0
S9-WT-NOC-washout-dish3-010,WT,0,0.398,40.33,186.2,0
S9-WT-NOC-washout-dish3-010,WT,0,0.777,17.44,274.2,1
S9-WT-NOC-washout-dish3-010,WT,0,0.522,4.36,269.9,0
S9-WT-NOC-washout-dish3-010,WT,0,0.821,7.63,219.1,0
S9-WT-NOC-washout-dish3-010,WT,0,0.436,6.54,242.9,0
S9-WT-NOC-washout-dish3-010,WT,0,0.418,6.54,219.2,0
S9-WT-NOC-washout-dish3-010,WT,0,0.616,25.07,111.6,0
S9-WT-NOC-washout-dish3-010,WT,0,0.58,9.81,158.1,0
S9-WT-NOC-washout-dish3-010,WT,0,0.236,28.34,139.7,1
S9-WT-NOC-washout-dish3-010,WT,0,0.893,20.71,254.3,1
S9-WT-NOC-washout-dish3-010,WT,0,0.399,20.71,229.4,0
S9-WT-NOC-washout-dish3-010,WT,0,0.678,11.99,273.6,0
S9-WT-NOC-washout-dish3-010,WT,0,0.862,26.16,174.0,1
S9-WT-NOC-washout-dish3-010,WT,0,0.557,5.45,250.8,1
S9-WT-NOC-washout-dish3-010,WT,0,0.56,9.81,214.6,1
S9-WT-NOC-washout-dish3-010,WT,0,0.553,13.08,262.2,1
S9-WT-NOC-washout-dish3-010,WT,0,0.555,22.89,251.5,0
S9-WT-NOC-washout-dish3-010,WT,0,0.697,9.81,242.8,0
S9-WT-NOC-washout-dish3-010,WT,0,0.889,53.41,182.3,0
S9-WT-NOC-washout-dish3-010,WT,0,0.724,20.71,196.6,1
S9-WT-NOC-washout-dish3-010,WT,0,0.262,19.62,300.8,0
S9-WT-NOC-washout-dish3-010,WT,0,0.974,67.58,93.5,0
S9-WT-NOC-washout-dish3-010,WT,0,0.637,22.89,240.2,1
S9-WT-NOC-washout-dish3-010,WT,0,0.977,31.61,180.8,0
S9-WT-NOC-washout-dish3-010,WT,0,0.485,5.45,323.5,0
S9-WT-NOC-washout-dish3-010,WT,0,0.731,4.36,169.0,0
S9-WT-NOC-washout-dish3-010,WT,0,0.518,13.08,175.7,1
S9-WT-NOC-washout-dish3-010,WT,0,0.505,47.96,132.5,0
S9-WT-NOC-washout-dish3-010,WT,0,0.652,11.99,213.6,1
S9-WT-NOC-washout-dish3-010,WT,0,0.605,39.24,131.8,0
S9-WT-NOC-washout-dish3-010,WT,0,0.501,22.89,174.4,0
S9-WT-NOC-washout-dish3-010,WT,0,0.88,13.08,165.4,0
S9-WT-NOC-washout-dish3-010,WT,0,0.72,19.62,232.1,0
S9-WT-NOC-washout-dish3-010,WT,0,0.725,55.59,140.1,1
S9-WT-NOC-washout-dish3-010,WT,0,0.872,15.26,252.4,1
S9-WT-NOC-washout-dish3-010,WT,0,0.22,21.8,186.2,0
S9-WT-NOC-washout-dish3-010,WT,0,0.466,17.44,263.0,1
S9-WT-NOC-washout-dish3-010,WT,0,0.557,28.34,185.0,1
S9-WT-NOC-washout-dish3-010,WT,0,0.51,5.45,317.6,0
S9-WT-NOC-washout-dish3-010,WT,0,0.089,6.54,366.4,1
S9-WT-NOC-washout-dish3-010,WT,0,0.286,41.42,175.8,0
S9-WT-NOC-washout-dish3-010,WT,0,0.288,17.44,264.7,1
S9-WT-NOC-washout-dish3-010,WT,0,0.476,44.69,201.0,0
S9-WT-NOC-washout-dish3-010,WT,0,0.862,44.69,112.1,1
S9-WT-NOC-washout-dish3-010,WT,0,0.791,7.63,263.7,1
S9-WT-NOC-washout-dish3-010,WT,0,0.458,6.54,225.5,1
S9-WT-NOC-washout-dish3-010,WT,0,0.796,9.81,214.7,0
S9-WT-NOC-washout-dish3-010,WT,0,0.565,9.81,203.1,0
S9-WT-NOC-washout-dish3-010,WT,0,0.436,10.9,266.9,0
S9-WT-NOC-washout-dish3-010,WT,0,0.796,30.52,219.7,0
S9-WT-NOC-washout-dish3-010,WT,0,0.668,4.36,313.7,1
S9-WT-NOC-washout-dish3-010,WT,0,0.84,8.72,221.3,1
S9-WT-NOC-washout-dish3-010,WT,0,0.616,11.99,146.1,0
S9-WT-NOC-washout-dish3-010,WT,0,0.771,30.52,168.7,0
S9-WT-NOC-washout-dish3-010,WT,0,0.161,26.16,145.0,0
S9-WT-NOC-washout-dish3-010,WT,0,0.269,4.36,302.9,1
S9-WT-NOC-washout-dish3-010,WT,0,0.564,11.99,167.4,0
S9-WT-NOC-washout-dish3-010,WT,0,0.987,8.72,188.7,0
S9-WT-NOC-washout-dish3-010,WT,0,0.557,4.36,243.8,1
S9-WT-NOC-washout-dish3-010,WT,0,0.525,6.54,180.7,1
S9-WT-NOC-washout-dish3-010,WT,0,0.472,4.36,475.2,0
S9-WT-NOC-washout-dish3-010,WT,0,0.575,9.81,248.3,0
S9-WT-NOC-washout-dish3-010,WT,0,0.671,5.45,317.0,1
S9-WT-NOC-washout-dish3-010,WT,0,0.623,10.9,167.4,1
S9-WT-NOC-washout-dish3-010,WT,0,0.841,8.72,183.4,0
S9-WT-NOC-washout-dish3-010,WT,0,0.359,4.36,416.2,1
S9-WT-NOC-washout-dish3-010,WT,0,0.573,7.63,262.3,0
S9-WT-NOC-washout-dish3-010,WT,0,0.571,4.36,402.3,1
S9-WT-NOC-washout-dish3-010,WT,0,0.667,4.36,301.0,1
S9-WT-NOC-washout-dish3-010,WT,0,0.763,5.45,300.2,0
S9-WT-NOC-washout-dish3-010,WT,0,0.553,4.36,299.5,1
S9-WT-NOC-washout-dish3-010,WT,1,0.318,15.26,246.3,1
S9-WT-NOC-washout-dish3-010,WT,1,0.271,7.63,153.8,0
S9-WT-NOC-washout-dish3-010,WT,1,0.932,16.35,216.0,0
S9-WT-NOC-washout-dish3-010,WT,1,0.453,25.07,187.3,0
S9-WT-NOC-washout-dish3-010,WT,1,0.959,4.36,237.2,0
S9-WT-NOC-washout-dish3-010,WT,1,0.475,11.99,118.9,0
S9-WT-NOC-washout-dish3-010,WT,1,0.807,45.78,180.0,0
S9-WT-NOC-washout-dish3-010,WT,1,0.411,7.63,233.8,0
S9-WT-NOC-washout-dish3-010,WT,1,0.699,5.45,263.8,0
S9-WT-NOC-washout-dish3-010,WT,1,0.412,17.44,221.7,0
S9-WT-NOC-washout-dish3-010,WT,1,0.819,10.9,284.9,0
S9-WT-NOC-washout-dish3-010,WT,1,0.513,4.36,196.2,0
S9-WT-NOC-washout-dish3-010,WT,1,0.739,58.86,204.9,1
S9-WT-NOC-washout-dish3-010,WT,1,0.636,7.63,178.7,0
S9-WT-NOC-washout-dish3-010,WT,1,0.296,4.36,332.4,0
S9-WT-NOC-washout-dish3-010,WT,1,0.374,10.9,329.8,0
S9-WT-NOC-washout-dish3-010,WT,1,0.711,34.88,167.0,1
S9-WT-NOC-washout-dish3-010,WT,1,0.709,9.81,234.4,1
S9-WT-NOC-washout-dish3-010,WT,1,0.89,56.68,175.0,1
S9-WT-NOC-washout-dish3-010,WT,1,0.41,5.45,180.5,1
S9-WT-NOC-washout-dish3-010,WT,1,0.247,6.54,369.6,1
S9-WT-NOC-washout-dish3-010,WT,1,0.504,4.36,172.9,0
S9-WT-NOC-washout-dish3-010,WT,1,0.17,21.8,219.3,0
S9-WT-NOC-washout-dish3-010,WT,1,0.322,5.45,326.6,0
S9-WT-NOC-washout-dish3-010,WT,1,0.524,47.96,167.0,1
S9-WT-NOC-washout-dish3-010,WT,1,0.375,6.54,331.6,0
S9-WT-NOC-washout-dish3-010,WT,1,0.598,6.54,159.5,1
S9-WT-NOC-washout-dish3-010,WT,1,0.465,6.54,215.8,0
S9-WT-NOC-washout-dish3-010,WT,1,0.733,8.72,245.4,0
S9-WT-NOC-washout-dish3-010,WT,1,0.454,10.9,225.4,1
S9-WT-NOC-washout-dish3-010,WT,1,0.416,23.98,250.7,0
S9-WT-NOC-washout-dish3-010,WT,1,0.533,6.54,188.4,1
S9-WT-NOC-washout-dish3-010,WT,1,0.675,10.9,292.3,0
S9-WT-NOC-washout-dish3-010,WT,1,0.663,21.8,255.4,1
S9-WT-NOC-washout-dish3-010,WT,1,0.811,28.34,211.4,1
S9-WT-NOC-washout-dish3-010,WT,1,0.427,8.72,268.7,0
S9-WT-NOC-washout-dish3-010,WT,1,0.319,4.36,312.2,0
S9-WT-NOC-washout-dish3-010,WT,1,0.697,11.99,139.6,0
S9-WT-NOC-washout-dish3-010,WT,1,0.278,4.36,296.1,1
S9-WT-NOC-washout-dish3-010,WT,1,0.849,29.43,185.1,1
S9-WT-NOC-washout-dish3-010,WT,1,0.259,5.45,344.0,0
S9-WT-NOC-washout-dish3-010,WT,1,0.72,10.9,285.8,0
S9-WT-NOC-washout-dish3-010,WT,1,0.261,6.54,221.4,1
S9-WT-NOC-washout-dish3-010,WT,1,0.486,6.54,153.3,1
S9-WT-NOC-washout-dish3-010,WT,1,0.508,17.44,267.8,0
S9-WT-NOC-washout-dish3-010,WT,1,0.509,15.26,215.9,0
S9-WT-NOC-washout-dish3-010,WT,1,0.799,88.29,149.3,0
S9-WT-NOC-washout-dish3-010,WT,1,0.615,11.99,229.2,1
S9-WT-NOC-washout-dish3-010,WT,1,0.337,18.53,252.1,0
S9-WT-NOC-washout-dish3-010,WT,1,0.733,8.72,107.7,1
S9-WT-NOC-washout-dish3-010,WT,1,0.308,20.71,207.8,0
S9-WT-NOC-washout-dish3-010,WT,1,0.207,5.45,222.3,1
S9-WT-NOC-washout-dish3-010,WT,1,0.622,64.31,191.8,1
S9-WT-NOC-washout-dish3-010,WT,1,0.604,6.54,283.0,1
S9-WT-NOC-washout-dish3-010,WT,1,0.825,8.72,168.5,0
S9-WT-NOC-washout-dish3-010,WT,1,0.648,23.98,134.3,1
S9-WT-NOC-washout-dish3-010,WT,1,0.743,37.06,243.0,1
S9-WT-NOC-washout-dish3-010,WT,1,0.797,11.99,186.5,1
S9-WT-NOC-washout-dish3-010,WT,1,0.415,6.54,134.9,0
S9-WT-NOC-washout-dish3-010,WT,1,0.458,22.89,247.3,1
S9-WT-NOC-washout-dish3-010,WT,1,0.223,5.45,226.8,0
S9-WT-NOC-washout-dish3-010,WT,1,0.042,4.36,199.4,0
S9-WT-NOC-washout-dish3-010,WT,1,0.768,13.08,205.7,0
S9-WT-NOC-washout-dish3-010,WT,1,0.522,9.81,284.4,0
S9-WT-NOC-washout-dish3-010,WT,1,0.415,7.63,351.9,1
S9-WT-NOC-washout-dish3-010,WT,1,0.774,8.72,272.7,0
S9-WT-NOC-washout-dish3-010,WT,1,0.653,5.45,97.5,1
S9-WT-NOC-washout-dish3-010,WT,1,0.447,14.17,196.1,0
S9-WT-NOC-washout-dish3-010,WT,1,0.383,5.45,223.6,0
S9-WT-NOC-washout-dish3-010,WT,1,0.685,33.79,151.9,0
S9-WT-NOC-washout-dish3-010,WT,1,0.493,13.08,216.9,0
S9-WT-NOC-washout-dish3-010,WT,1,0.646,18.53,210.9,1
S9-WT-NOC-washout-dish3-010,WT,1,0.356,5.45,262.0,1
S9-WT-NOC-washout-dish3-010,WT,1,0.712,18.53,151.0,1
S9-WT-NOC-washout-dish3-010,WT,1,0.09,62.13,151.9,1
S9-WT-NOC-washout-dish3-010,WT,1,0.265,15.26,248.7,1
S9-WT-NOC-washout-dish3-010,WT,1,0.836,5.45,220.0,0
S9-WT-NOC-washout-dish3-010,WT,1,0.931,6.54,331.5,1
S9-WT-NOC-washout-dish3-010,WT,1,0.299,30.52,252.0,0
S9-WT-NOC-washout-dish3-010,WT,1,0.252,11.99,247.7,0
S9-WT-NOC-washout-dish3-010,WT,1,0.729,10.9,268.5,0
S9-WT-NOC-washout-dish3-010,WT,1,0.23,6.54,357.6,0
S9-WT-NOC-washout-dish3-010,WT,1,0.324,8.72,172.2,0
S9-WT-NOC-washout-dish3-010,WT,1,0.041,4.36,309.4,1
S9-WT-NOC-washout-dish3-010,WT,1,0.286,4.36,317.3,0
S9-WT-NOC-washout-dish3-010,WT,1,0.469,10.9,211.9,0
S9-WT-NOC-washout-dish3-010,WT,1,0.693,42.51,153.7,1
S9-WT-NOC-washout-dish3-010,WT,1,0.088,6.54,222.1,0
S9-WT-NOC-washout-dish3-010,WT,1,0.308,13.08,141.0,0
S9-WT-NOC-washout-dish3-010,WT,1,0.037,5.45,155.5,1
S9-WT-NOC-washout-dish3-010,WT,1,0.476,11.99,322.1,1
S9-WT-NOC-washout-dish3-010,WT,1,0.505,21.8,170.8,0
S9-WT-NOC-washout-dish3-010,WT,1,0.64,9.81,202.7,0
S9-WT-NOC-washout-dish3-010,WT,1,0.663,11.99,276.0,0
S9-WT-NOC-washout-dish3-010,WT,1,0.177,6.54,222.7,0
S9-WT-NOC-washout-dish3-010,WT,1,0.66,11.99,190.5,1
S9-WT-NOC-washout-dish3-010,WT,1,0.917,39.24,126.1,0
S9-WT-NOC-washout-dish3-010,WT,1,0.138,5.45,254.3,0
S9-WT-NOC-washout-dish3-010,WT,1,0.096,9.81,267.8,1
S9-WT-NOC-washout-dish3-010,WT,1,0.684,23.98,276.7,1
S9-WT-NOC-washout-dish3-010,WT,1,0.534,8.72,334.9,0
S9-WT-NOC-washout-dish3-010,WT,1,0.396,8.72,183.6,0
S9-WT-NOC-washout-dish3-010,WT,1,0.592,11.99,253.2,0
S9-WT-NOC-washout-dish3-010,WT,1,0.559,29.43,211.0,1
S9-WT-NOC-washout-dish3-010,WT,1,0.373,11.99,157.7,1
S9-WT-NOC-washout-dish3-010,WT,1,0.127,5.45,382.1,0
S9-WT-NOC-washout-dish3-010,WT,1,0.176,5.45,247.1,0
S9-WT-NOC-washout-dish3-010,WT,1,0.644,5.45,184.6,1
S9-WT-NOC-washout-dish3-010,WT,1,0.342,23.98,162.5,1
S9-WT-NOC-washout-dish3-010,WT,1,0.447,4.36,205.3,1
S9-WT-NOC-washout-dish3-010,WT,1,0.434,5.45,203.9,0
S9-WT-NOC-washout-dish3-010,WT,1,0.947,4.36,182.1,0
S9-WT-NOC-washout-dish3-010,WT,1,0.308,6.54,227.9,0
S9-WT-NOC-washout-dish3-010,WT,1,0.677,18.53,287.2,1
S9-WT-NOC-washout-dish3-010,WT,1,0.64,17.44,217.2,0
S9-WT-NOC-washout-dish3-010,WT,1,0.495,11.99,255.0,0
S9-WT-NOC-washout-dish3-010,WT,1,0.205,6.54,315.1,0
S9-WT-NOC-washout-dish3-010,WT,1,0.389,11.99,176.1,0
S9-WT-NOC-washout-dish3-010,WT,1,0.597,4.36,243.7,1
S9-WT-NOC-washout-dish3-010,WT,1,0.092,5.45,213.0,1
S9-WT-NOC-washout-dish3-010,WT,1,0.39,4.36,224.9,0
S9-WT-NOC-washout-dish3-010,WT,1,0.15,5.45,301.3,0
S9-WT-NOC-washout-dish3-010,WT,1,0.654,5.45,349.2,0
S9-WT-NOC-washout-dish3-010,WT,1,0.656,7.63,262.5,0
S9-WT-NOC-washout-dish3-010,WT,1,0.272,4.36,279.1,1
S9-WT-NOC-washout-dish3-010,WT,1,0.716,4.36,390.6,1
S9-WT-NOC-washout-dish3-010,WT,1,0.378,4.36,425.8,0
S9-WT-NOC-washout-dish3-012,WT,0,0.214,42.51,178.3,0
S9-WT-NOC-washout-dish3-012,WT,0,0.232,10.9,115.0,0
S9-WT-NOC-washout-dish3-012,WT,0,0.852,8.72,309.1,0
S9-WT-NOC-washout-dish3-012,WT,0,0.81,25.07,202.7,0
S9-WT-NOC-washout-dish3-012,WT,0,0.155,11.99,206.1,1
S9-WT-NOC-washout-dish3-012,WT,0,0.677,27.25,138.2,0
S9-WT-NOC-washout-dish3-012,WT,0,0.483,7.63,189.3,0
S9-WT-NOC-washout-dish3-012,WT,0,0.337,5.45,204.1,1
S9-WT-NOC-washout-dish3-012,WT,0,0.664,40.33,198.1,0
S9-WT-NOC-washout-dish3-012,WT,0,0.771,10.9,260.7,0
S9-WT-NOC-washout-dish3-012,WT,0,0.147,5.45,222.4,0
S9-WT-NOC-washout-dish3-012,WT,0,0.413,6.54,218.9,0
S9-WT-NOC-washout-dish3-012,WT,0,0.291,4.36,249.6,0
S9-WT-NOC-washout-dish3-012,WT,0,0.302,15.26,160.1,0
S9-WT-NOC-washout-dish3-012,WT,0,0.633,43.6,170.1,1
S9-WT-NOC-washout-dish3-012,WT,0,0.836,33.79,182.2,0
S9-WT-NOC-washout-dish3-012,WT,0,0.726,47.96,215.4,0
S9-WT-NOC-washout-dish3-012,WT,0,0.409,9.81,187.1,1
S9-WT-NOC-washout-dish3-012,WT,0,0.528,21.8,154.0,0
S9-WT-NOC-washout-dish3-012,WT,0,0.117,15.26,125.9,0
S9-WT-NOC-washout-dish3-012,WT,0,0.263,8.72,224.4,1
S9-WT-NOC-washout-dish3-012,WT,0,0.352,4.36,245.0,0
S9-WT-NOC-washout-dish3-012,WT,0,0.649,58.86,186.5,0
S9-WT-NOC-washout-dish3-012,WT,0,0.287,4.36,316.6,0
S9-WT-NOC-washout-dish3-012,WT,0,0.486,4.36,302.0,0
S9-WT-NOC-washout-dish3-012,WT,0,0.323,7.63,400.6,0
S9-WT-NOC-washout-dish3-012,WT,0,0.069,11.99,182.6,0
S9-WT-NOC-washout-dish3-012,WT,0,0.26,6.54,114.1,1
S9-WT-NOC-washout-dish3-012,WT,0,0.657,14.17,210.1,0
S9-WT-NOC-washout-dish3-012,WT,0,0.356,7.63,254.1,1
S9-WT-NOC-washout-dish3-012,WT,0,0.67,15.26,217.9,1
S9-WT-NOC-washout-dish3-012,WT,0,0.837,13.08,244.8,0
S9-WT-NOC-washout-dish3-012,WT,0,0.589,7.63,228.9,1
S9-WT-NOC-washout-dish3-012,WT,0,0.194,4.36,370.7,1
S9-WT-NOC-washout-dish3-012,WT,0,0.232,13.08,128.9,1
S9-WT-NOC-washout-dish3-012,WT,0,0.924,6.54,143.6,1
S9-WT-NOC-washout-dish3-012,WT,0,0.462,8.72,206.9,0
S9-WT-NOC-washout-dish3-012,WT,0,0.121,14.17,230.0,0
S9-WT-NOC-washout-dish3-012,WT,0,0.784,29.43,149.8,0
S9-WT-NOC-washout-dish3-012,WT,0,0.803,14.17,188.0,0
S9-WT-NOC-washout-dish3-012,WT,0,0.832,29.43,110.7,0
S9-WT-NOC-washout-dish3-012,WT,0,0.608,10.9,147.9,1
S9-WT-NOC-washout-dish3-012,WT,0,0.569,4.36,238.0,0
S9-WT-NOC-washout-dish3-012,WT,0,0.514,4.36,363.1,0
S9-WT-NOC-washout-dish3-012,WT,0,0.203,6.54,256.2,0
S9-WT-NOC-washout-dish3-012,WT,0,0.326,13.08,115.5,0
S9-WT-NOC-washout-dish3-012,WT,0,0.084,17.44,133.8,0
S9-WT-NOC-washout-dish3-012,WT,0,0.288,5.45,160.6,0
S9-WT-NOC-washout-dish3-012,WT,0,0.1,17.44,171.1,0
S9-WT-NOC-washout-dish3-012,WT,0,0.738,13.08,191.7,0
S9-WT-NOC-washout-dish3-012,WT,0,0.208,4.36,116.5,0
S9-WT-NOC-washout-dish3-012,WT,0,0.757,4.36,293.1,0
S9-WT-NOC-washout-dish3-012,WT,1,0.223,9.81,226.6,0
S9-WT-NOC-washout-dish3-012,WT,1,0.71,55.59,169.7,0
S9-WT-NOC-washout-dish3-012,WT,1,0.857,4.36,197.6,0
S9-WT-NOC-washout-dish3-012,WT,1,0.676,119.9,98.9,1
S9-WT-NOC-washout-dish3-012,WT,1,0.223,6.54,203.4,0
S9-WT-NOC-washout-dish3-012,WT,1,0.642,49.05,208.5,1
S9-WT-NOC-washout-dish3-012,WT,1,0.348,6.54,240.3,0
S9-WT-NOC-washout-dish3-012,WT,1,0.485,10.9,278.8,0
S9-WT-NOC-washout-dish3-012,WT,1,0.406,34.88,227.2,0
S9-WT-NOC-washout-dish3-012,WT,1,0.872,6.54,151.4,0
S9-WT-NOC-washout-dish3-012,WT,1,0.491,4.36,249.0,0
S9-WT-NOC-washout-dish3-012,WT,1,0.575,7.63,284.6,0
S9-WT-NOC-washout-dish3-012,WT,1,0.465,18.53,136.9,0
S9-WT-NOC-washout-dish3-012,WT,1,0.062,9.81,165.5,0
S9-WT-NOC-washout-dish3-012,WT,1,0.507,46.87,109.2,1
S9-WT-NOC-washout-dish3-012,WT,1,0.022,9.81,172.8,0
S9-WT-NOC-washout-dish3-012,WT,1,0.459,5.45,295.2,1
S9-WT-NOC-washout-dish3-012,WT,1,0.522,6.54,170.4,0
S9-WT-NOC-washout-dish3-012,WT,1,0.267,10.9,177.7,0
S9-WT-NOC-washout-dish3-012,WT,1,0.235,64.31,145.6,1
S9-WT-NOC-washout-dish3-012,WT,1,0.947,29.43,216.8,0
S9-WT-NOC-washout-dish3-012,WT,1,0.493,8.72,199.1,1
S9-WT-NOC-washout-dish3-012,WT,1,0.775,7.63,218.4,0
S9-WT-NOC-washout-dish3-012,WT,1,0.464,14.17,210.3,0
S9-WT-NOC-washout-dish3-012,WT,1,0.812,5.45,326.1,0
S9-WT-NOC-washout-dish3-012,WT,1,0.519,14.17,220.9,0
S9-WT-NOC-washout-dish3-012,WT,1,0.657,13.08,171.6,0
S9-WT-NOC-washout-dish3-012,WT,1,0.348,6.54,237.8,0
S9-WT-NOC-washout-dish3-012,WT,1,0.193,18.53,147.9,1
S9-WT-NOC-washout-dish3-012,WT,1,0.305,8.72,171.0,1
S9-WT-NOC-washout-dish3-012,WT,1,0.026,8.72,157.3,0
S9-WT-NOC-washout-dish3-012,WT,1,0.412,15.26,184.0,1
S9-WT-NOC-washout-dish3-012,WT,1,0.208,10.9,196.4,0
S9-WT-NOC-washout-dish3-012,WT,1,0.214,8.72,206.3,0
S9-WT-NOC-washout-dish3-012,WT,1,0.426,6.54,92.9,0
S9-WT-NOC-washout-dish3-013,WT,0,0.585,14.17,225.8,0
S9-WT-NOC-washout-dish3-013,WT,0,0.065,15.26,205.0,0
S9-WT-NOC-washout-dish3-013,WT,0,0.769,7.63,179.1,1
S9-WT-NOC-washout-dish3-013,WT,0,0.505,7.63,245.6,0
S9-WT-NOC-washout-dish3-013,WT,0,0.9,19.62,153.3,0
S9-WT-NOC-washout-dish3-013,WT,0,0.634,28.34,114.5,1
S9-WT-NOC-washout-dish3-013,WT,0,0.26,7.63,271.2,0
S9-WT-NOC-washout-dish3-013,WT,0,0.771,6.54,182.8,0
S9-WT-NOC-washout-dish3-013,WT,0,0.534,23.98,170.4,0
S9-WT-NOC-washout-dish3-013,WT,0,0.634,52.32,186.6,0
S9-WT-NOC-washout-dish3-013,WT,0,0.35,38.15,155.0,0
S9-WT-NOC-washout-dish3-013,WT,0,0.49,8.72,174.4,1
S9-WT-NOC-washout-dish3-013,WT,0,0.618,41.42,160.8,0
S9-WT-NOC-washout-dish3-013,WT,0,0.587,16.35,220.7,0
S9-WT-NOC-washout-dish3-013,WT,0,0.356,30.52,148.9,1
S9-WT-NOC-washout-dish3-013,WT,0,0.984,8.72,271.2,1
S9-WT-NOC-washout-dish3-013,WT,0,0.574,7.63,176.8,1
S9-WT-NOC-washout-dish3-013,WT,0,0.621,4.36,212.9,1
S9-WT-NOC-washout-dish3-013,WT,0,0.184,27.25,144.5,1
S9-WT-NOC-washout-dish3-013,WT,0,0.691,5.45,127.2,0
S9-WT-NOC-washout-dish3-013,WT,0,0.262,4.36,402.8,1
S9-WT-NOC-washout-dish3-013,WT,0,0.903,10.9,136.6,0
S9-WT-NOC-washout-dish3-013,WT,0,0.554,7.63,306.5,0
S9-WT-NOC-washout-dish3-013,WT,0,0.595,56.68,128.9,1
S9-WT-NOC-washout-dish3-013,WT,0,0.719,9.81,326.0,1
S9-WT-NOC-washout-dish3-013,WT,0,0.436,13.08,182.5,1
S9-WT-NOC-washout-dish3-013,WT,0,0.203,6.54,157.1,0
S9-WT-NOC-washout-dish3-013,WT,0,0.481,44.69,189.0,1
S9-WT-NOC-washout-dish3-013,WT,0,0.777,41.42,206.7,0
S9-WT-NOC-washout-dish3-013,WT,0,0.623,7.63,97.9,1
S9-WT-NOC-washout-dish3-013,WT,0,0.652,5.45,384.8,1
S9-WT-NOC-washout-dish3-013,WT,0,0.164,4.36,330.6,0
S9-WT-NOC-washout-dish3-013,WT,0,0.444,25.07,150.8,1
S9-WT-NOC-washout-dish3-013,WT,0,0.632,5.45,312.8,1
S9-WT-NOC-washout-dish3-013,WT,0,0.769,55.59,146.9,0
S9-WT-NOC-washout-dish3-013,WT,0,0.336,6.54,343.1,0
S9-WT-NOC-washout-dish3-013,WT,0,0.076,6.54,193.9,1
S9-WT-NOC-washout-dish3-013,WT,0,0.492,32.7,195.6,1
S9-WT-NOC-washout-dish3-013,WT,0,0.234,6.54,275.9,0
S9-WT-NOC-washout-dish3-013,WT,0,0.467,27.25,233.1,1
S9-WT-NOC-washout-dish3-013,WT,0,0.359,15.26,268.7,0
S9-WT-NOC-washout-dish3-013,WT,0,0.316,8.72,258.9,0
S9-WT-NOC-washout-dish3-013,WT,0,0.242,5.45,160.3,1
S9-WT-NOC-washout-dish3-013,WT,0,0.35,11.99,270.3,0
S9-WT-NOC-washout-dish3-013,WT,0,0.82,55.59,184.6,0
S9-WT-NOC-washout-dish3-013,WT,0,0.397,5.45,318.8,0
S9-WT-NOC-washout-dish3-013,WT,0,0.568,18.53,197.9,0
S9-WT-NOC-washout-dish3-013,WT,0,0.885,20.71,164.8,0
S9-WT-NOC-washout-dish3-013,WT,0,0.606,18.53,221.2,0
S9-WT-NOC-washout-dish3-013,WT,0,0.148,8.72,234.0,1
S9-WT-NOC-washout-dish3-013,WT,0,0.548,7.63,320.3,1
S9-WT-NOC-washout-dish3-013,WT,0,0.867,5.45,192.1,0
S9-WT-NOC-washout-dish3-013,WT,0,0.135,38.15,183.2,0
S9-WT-NOC-washout-dish3-013,WT,0,0.648,15.26,259.8,0
S9-WT-NOC-washout-dish3-013,WT,0,0.296,29.43,173.8,1
S9-WT-NOC-washout-dish3-013,WT,0,0.264,9.81,258.6,0
S9-WT-NOC-washout-dish3-013,WT,0,0.94,4.36,162.3,0
S9-WT-NOC-washout-dish3-013,WT,0,0.693,4.36,449.8,1
S9-WT-NOC-washout-dish3-013,WT,0,0.953,62.13,138.3,0
S9-WT-NOC-washout-dish3-013,WT,0,0.497,20.71,175.0,1
S9-WT-NOC-washout-dish3-013,WT,0,0.734,5.45,283.3,0
S9-WT-NOC-washout-dish3-013,WT,0,0.856,10.9,196.1,0
S9-WT-NOC-washout-dish3-013,WT,0,0.332,41.42,182.1,0
S9-WT-NOC-washout-dish3-013,WT,0,0.515,4.36,342.4,0
S9-WT-NOC-washout-dish3-013,WT,0,0.108,17.44,225.7,0
S9-WT-NOC-washout-dish3-013,WT,0,0.927,5.45,309.2,1
S9-WT-NOC-washout-dish3-013,WT,0,0.625,9.81,320.5,0
S9-WT-NOC-washout-dish3-013,WT,0,0.614,71.94,152.1,1
S9-WT-NOC-washout-dish3-013,WT,0,0.49,29.43,177.4,1
S9-WT-NOC-washout-dish3-013,WT,0,0.219,10.9,176.9,1
S9-WT-NOC-washout-dish3-013,WT,0,0.33,25.07,245.2,1
S9-WT-NOC-washout-dish3-013,WT,0,0.92,5.45,256.5,0
S9-WT-NOC-washout-dish3-013,WT,0,0.86,27.25,208.8,0
S9-WT-NOC-washout-dish3-013,WT,0,0.761,23.98,136.4,1
S9-WT-NOC-washout-dish3-013,WT,0,0.772,14.17,173.0,1
S9-WT-NOC-washout-dish3-013,WT,0,0.284,4.36,249.5,0
S9-WT-NOC-washout-dish3-013,WT,0,0.663,31.61,162.9,0
S9-WT-NOC-washout-dish3-013,WT,0,0.222,25.07,259.4,0
S9-WT-NOC-washout-dish3-013,WT,0,0.316,10.9,290.7,0
S9-WT-NOC-washout-dish3-013,WT,0,0.628,13.08,223.9,0
S9-WT-NOC-washout-dish3-013,WT,0,0.817,5.45,231.8,0
S9-WT-NOC-washout-dish3-013,WT,0,0.219,5.45,209.8,0
S9-WT-NOC-washout-dish3-013,WT,0,0.704,8.72,349.7,1
S9-WT-NOC-washout-dish3-013,WT,0,0.596,7.63,186.8,0
S9-WT-NOC-washout-dish3-013,WT,0,0.853,9.81,217.3,0
S9-WT-NOC-washout-dish3-013,WT,0,0.393,6.54,312.0,1
S9-WT-NOC-washout-dish3-013,WT,0,0.324,30.52,207.0,0
S9-WT-NOC-washout-dish3-013,WT,0,0.603,18.53,279.5,0
S9-WT-NOC-washout-dish3-013,WT,0,0.988,4.36,268.9,0
S9-WT-NOC-washout-dish3-013,WT,0,0.277,7.63,228.7,1
S9-WT-NOC-washout-dish3-013,WT,0,0.556,13.08,254.1,1
S9-WT-NOC-washout-dish3-013,WT,0,0.435,15.26,210.1,1
S9-WT-NOC-washout-dish3-013,WT,0,0.149,8.72,328.9,1
S9-WT-NOC-washout-dish3-013,WT,0,0.535,5.45,117.2,0
S9-WT-NOC-washout-dish3-013,WT,0,0.261,7.63,248.6,1
S9-WT-NOC-washout-dish3-013,WT,0,0.22,6.54,420.6,1
S9-WT-NOC-washout-dish3-013,WT,0,0.242,46.87,114.0,0
S9-WT-NOC-washout-dish3-013,WT,0,0.755,8.72,364.6,1
S9-WT-NOC-washout-dish3-013,WT,0,0.227,19.62,248.3,0
S9-WT-NOC-washout-dish3-013,WT,0,0.191,4.36,364.7,1
S9-WT-NOC-washout-dish3-013,WT,0,0.822,9.81,257.7,0
S9-WT-NOC-washout-dish3-013,WT,0,0.773,30.52,263.3,0
S9-WT-NOC-washout-dish3-013,WT,0,0.236,6.54,229.3,0
S9-WT-NOC-washout-dish3-013,WT,0,0.379,22.89,174.2,0
S9-WT-NOC-washout-dish3-013,WT,0,0.857,22.89,168.8,1
S9-WT-NOC-washout-dish3-013,WT,0,0.163,8.72,167.0,1
S9-WT-NOC-washout-dish3-013,WT,0,0.748,11.99,307.8,1
S9-WT-NOC-washout-dish3-013,WT,0,0.2,8.72,172.4,0
S9-WT-NOC-washout-dish3-013,WT,0,0.654,15.26,222.7,0
S9-WT-NOC-washout-dish3-013,WT,0,0.986,15.26,201.3,0
S9-WT-NOC-washout-dish3-013,WT,0,0.696,7.63,247.5,1
S9-WT-NOC-washout-dish3-013,WT,0,0.337,5.45,196.7,0
S9-WT-NOC-washout-dish3-013,WT,0,0.626,25.07,163.6,1
S9-WT-NOC-washout-dish3-013,WT,0,0.629,8.72,182.6,1
S9-WT-NOC-washout-dish3-013,WT,0,0.789,4.36,260.6,0
S9-WT-NOC-washout-dish3-013,WT,0,0.099,9.81,334.6,0
S9-WT-NOC-washout-dish3-013,WT,0,0.294,17.44,247.6,0
S9-WT-NOC-washout-dish3-013,WT,0,0.692,4.36,266.0,0
S9-WT-NOC-washout-dish3-013,WT,0,0.423,17.44,167.6,1
S9-WT-NOC-washout-dish3-013,WT,0,0.834,5.45,81.9,0
S9-WT-NOC-washout-dish3-013,WT,0,0.692,30.52,174.6,1
S9-WT-NOC-washout-dish3-013,WT,0,0.536,30.52,164.7,0
S9-WT-NOC-washout-dish3-013,WT,0,0.764,10.9,435.6,1
S9-WT-NOC-washout-dish3-013,WT,0,0.611,9.81,208.5,0
S9-WT-NOC-washout-dish3-013,WT,0,0.18,11.99,213.8,0
S9-WT-NOC-washout-dish3-013,WT,0,0.608,9.81,274.3,0
S9-WT-NOC-washout-dish3-013,WT,0,0.018,8.72,309.3,0
S9-WT-NOC-washout-dish3-013,WT,0,0.411,10.9,170.0,0
S9-WT-NOC-washout-dish3-013,WT,0,0.868,4.36,506.0,0
S9-WT-NOC-washout-dish3-013,WT,0,0.555,9.81,305.2,1
S9-WT-NOC-washout-dish3-013,WT,0,0.509,10.9,229.4,0
S9-WT-NOC-washout-dish3-013,WT,0,0.571,14.17,212.4,0
S9-WT-NOC-washout-dish3-013,WT,0,0.735,9.81,201.2,1
S9-WT-NOC-washout-dish3-013,WT,0,0.796,6.54,267.1,0
S9-WT-NOC-washout-dish3-013,WT,0,0.32,32.7,150.3,0
S9-WT-NOC-washout-dish3-013,WT,0,0.433,5.45,243.6,1
S9-WT-NOC-washout-dish3-013,WT,0,0.24,4.36,259.7,0
S9-WT-NOC-washout-dish3-013,WT,0,0.718,5.45,269.7,1
S9-WT-NOC-washout-dish3-013,WT,0,0.743,40.33,233.0,0
S9-WT-NOC-washout-dish3-013,WT,0,0.506,10.9,279.9,0
S9-WT-NOC-washout-dish3-013,WT,0,0.473,28.34,234.6,1
S9-WT-NOC-washout-dish3-013,WT,0,0.196,5.45,308.5,0
S9-WT-NOC-washout-dish3-013,WT,0,0.585,5.45,281.4,1
S9-WT-NOC-washout-dish3-013,WT,0,0.092,6.54,118.4,0
S9-WT-NOC-washout-dish3-013,WT,0,0.709,11.99,285.3,1
S9-WT-NOC-washout-dish3-013,WT,0,0.629,6.54,345.5,0
S9-WT-NOC-washout-dish3-013,WT,0,0.523,4.36,164.2,0
S9-WT-NOC-washout-dish3-013,WT,0,0.55,17.44,196.8,1
S9-WT-NOC-washout-dish3-013,WT,0,0.731,7.63,367.4,0
S9-WT-NOC-washout-dish3-013,WT,0,0.933,5.45,246.1,0
S9-WT-NOC-washout-dish3-013,WT,0,0.698,22.89,202.5,1
S9-WT-NOC-washout-dish3-013,WT,0,0.395,5.45,185.4,0
S9-WT-NOC-washout-dish3-013,WT,0,0.662,15.26,221.9,0
S9-WT-NOC-washout-dish3-013,WT,0,0.691,13.08,337.6,1
S9-WT-NOC-washout-dish3-013,WT,0,0.773,10.9,142.9,0
S9-WT-NOC-washout-dish3-013,WT,0,0.806,30.52,97.9,1
S9-WT-NOC-washout-dish3-013,WT,0,0.561,11.99,233.1,1
S9-WT-NOC-washout-dish3-013,WT,0,0.079,16.35,261.4,0
S9-WT-NOC-washout-dish3-013,WT,0,0.555,5.45,213.3,1
S9-WT-NOC-washout-dish3-013,WT,0,0.415,27.25,183.5,1
S9-WT-NOC-washout-dish3-013,WT,0,0.593,28.34,214.9,0
S9-WT-NOC-washout-dish3-013,WT,0,0.915,4.36,306.2,0
S9-WT-NOC-washout-dish3-013,WT,0,0.803,40.33,193.0,0
S9-WT-NOC-washout-dish3-013,WT,0,0.257,10.9,240.8,0
S9-WT-NOC-washout-dish3-013,WT,0,0.639,21.8,254.2,1
S9-WT-NOC-washout-dish3-013,WT,0,0.896,4.36,472.1,0
S9-WT-NOC-washout-dish3-013,WT,0,0.22,4.36,305.1,0
S9-WT-NOC-washout-dish3-013,WT,0,0.178,8.72,255.3,1
S9-WT-NOC-washout-dish3-013,WT,0,0.408,16.35,166.6,0
S9-WT-NOC-washout-dish3-013,WT,0,0.359,6.54,259.4,0
S9-WT-NOC-washout-dish3-013,WT,0,0.701,5.45,306.5,0
S9-WT-NOC-washout-dish3-013,WT,0,0.726,19.62,208.5,0
S9-WT-NOC-washout-dish3-013,WT,0,0.58,11.99,338.2,0
S9-WT-NOC-washout-dish3-013,WT,0,0.881,4.36,219.6,0
S9-WT-NOC-washout-dish3-013,WT,0,0.506,25.07,232.0,1
S9-WT-NOC-washout-dish3-013,WT,0,0.722,11.99,279.8,0
S9-WT-NOC-washout-dish3-013,WT,0,0.808,5.45,243.3,1
S9-WT-NOC-washout-dish3-013,WT,0,0.816,4.36,382.6,0
S9-WT-NOC-washout-dish3-013,WT,0,0.716,7.63,168.3,1
S9-WT-NOC-washout-dish3-013,WT,0,0.079,11.99,176.0,0
S9-WT-NOC-washout-dish3-013,WT,0,0.742,13.08,168.8,0
S9-WT-NOC-washout-dish3-013,WT,0,0.696,19.62,174.8,1
S9-WT-NOC-washout-dish3-013,WT,0,0.407,46.87,134.1,0
S9-WT-NOC-washout-dish3-013,WT,0,0.673,22.89,193.7,1
S9-WT-NOC-washout-dish3-013,WT,0,0.596,7.63,226.4,1
S9-WT-NOC-washout-dish3-013,WT,0,0.237,4.36,434.1,1
S9-WT-NOC-washout-dish3-013,WT,0,0.719,10.9,348.4,1
S9-WT-NOC-washout-dish3-013,WT,0,0.867,22.89,138.8,1
S9-WT-NOC-washout-dish3-013,WT,0,0.894,8.72,355.6,0
S9-WT-NOC-washout-dish3-013,WT,0,0.492,13.08,185.5,1
S9-WT-NOC-washout-dish3-013,WT,0,0.545,38.15,186.9,0
S9-WT-NOC-washout-dish3-013,WT,0,0.636,9.81,276.9,1
S9-WT-NOC-washout-dish3-013,WT,0,0.848,39.24,134.7,0
S9-WT-NOC-washout-dish3-013,WT,0,0.608,4.36,363.6,0
S9-WT-NOC-washout-dish3-013,WT,0,0.601,9.81,195.4,1
S9-WT-NOC-washout-dish3-013,WT,0,0.234,54.5,153.3,0
S9-WT-NOC-washout-dish3-013,WT,0,0.611,7.63,208.9,1
S9-WT-NOC-washout-dish3-013,WT,0,0.394,5.45,213.3,0
S9-WT-NOC-washout-dish3-013,WT,0,0.835,4.36,450.5,0
S9-WT-NOC-washout-dish3-013,WT,0,0.569,8.72,228.1,1
S9-WT-NOC-washout-dish3-013,WT,0,0.809,5.45,377.3,1
S9-WT-NOC-washout-dish3-013,WT,0,0.902,9.81,242.4,1
S9-WT-NOC-washout-dish3-013,WT,0,0.242,9.81,327.4,1
S9-WT-NOC-washout-dish3-013,WT,0,0.961,10.9,195.8,0
S9-WT-NOC-washout-dish3-013,WT,0,0.346,55.59,140.0,1
S9-WT-NOC-washout-dish3-013,WT,0,0.599,28.34,122.5,0
S9-WT-NOC-washout-dish3-013,WT,0,0.621,5.45,239.6,0
S9-WT-NOC-washout-dish3-013,WT,0,0.631,18.53,267.1,0
S9-WT-NOC-washout-dish3-013,WT,0,0.659,54.5,111.2,0
S9-WT-NOC-washout-dish3-013,WT,0,0.403,8.72,321.9,1
S9-WT-NOC-washout-dish3-013,WT,0,0.521,49.05,156.6,0
S9-WT-NOC-washout-dish3-013,WT,0,0.495,4.36,213.7,0
S9-WT-NOC-washout-dish3-013,WT,0,0.374,6.54,244.8,0
S9-WT-NOC-washout-dish3-013,WT,0,0.468,5.45,241.6,0
S9-WT-NOC-washout-dish3-013,WT,0,0.242,5.45,196.8,0
S9-WT-NOC-washout-dish3-013,WT,0,0.53,7.63,267.3,1
S9-WT-NOC-washout-dish3-013,WT,0,0.291,40.33,239.8,0
S9-WT-NOC-washout-dish3-013,WT,0,0.762,6.54,302.7,0
S9-WT-NOC-washout-dish3-013,WT,0,0.88,5.45,269.9,0
S9-WT-NOC-washout-dish3-013,WT,0,0.596,5.45,314.6,1
S9-WT-NOC-washout-dish3-013,WT,0,0.548,34.88,116.8,0
S9-WT-NOC-washout-dish3-013,WT,0,0.128,7.63,216.4,0
S9-WT-NOC-washout-dish3-013,WT,0,0.54,4.36,244.3,0
S9-WT-NOC-washout-dish3-013,WT,0,0.578,13.08,161.1,1
S9-WT-NOC-washout-dish3-013,WT,0,0.825,5.45,133.0,1
S9-WT-NOC-washout-dish3-013,WT,0,0.549,11.99,178.3,1
S9-WT-NOC-washout-dish3-013,WT,0,0.251,8.72,209.2,0
S9-WT-NOC-washout-dish3-013,WT,0,0.461,4.36,458.6,0
S9-WT-NOC-washout-dish3-013,WT,0,0.223,5.45,350.9,0
S9-WT-NOC-washout-dish3-013,WT,0,0.598,4.36,285.6,1
S9-WT-NOC-washout-dish3-013,WT,0,0.045,5.45,265.2,0
S9-WT-NOC-washout-dish3-013,WT,0,0.936,9.81,127.0,0
S9-WT-NOC-washout-dish3-013,WT,0,0.764,10.9,162.4,0
S9-WT-NOC-washout-dish3-013,WT,0,0.501,8.72,233.8,0
S9-WT-NOC-washout-dish3-013,WT,0,0.71,5.45,392.6,1
S9-WT-NOC-washout-dish3-013,WT,0,0.896,7.63,309.9,0
S9-WT-NOC-washout-dish3-013,WT,0,0.783,14.17,190.7,1
S9-WT-NOC-washout-dish3-013,WT,0,0.413,8.72,167.0,1
S9-WT-NOC-washout-dish3-013,WT,0,0.618,43.6,194.4,0
S9-WT-NOC-washout-dish3-013,WT,0,0.803,14.17,144.4,1
S9-WT-NOC-washout-dish3-013,WT,0,0.699,28.34,179.4,0
S9-WT-NOC-washout-dish3-013,WT,0,0.427,32.7,208.5,1
S9-WT-NOC-washout-dish3-013,WT,0,0.526,8.72,322.3,0
S9-WT-NOC-washout-dish3-013,WT,0,0.74,15.26,178.7,1
S9-WT-NOC-washout-dish3-013,WT,0,0.769,14.17,359.9,0
S9-WT-NOC-washout-dish3-013,WT,0,0.315,5.45,138.1,0
S9-WT-NOC-washout-dish3-013,WT,0,0.508,6.54,357.7,1
S9-WT-NOC-washout-dish3-013,WT,0,0.741,27.25,309.5,1
S9-WT-NOC-washout-dish3-013,WT,0,0.953,17.44,230.4,1
S9-WT-NOC-washout-dish3-013,WT,0,0.827,6.54,297.1,1
S9-WT-NOC-washout-dish3-013,WT,0,0.695,17.44,189.2,0
S9-WT-NOC-washout-dish3-013,WT,0,0.777,11.99,150.4,0
S9-WT-NOC-washout-dish3-013,WT,0,0.75,11.99,243.0,0
S9-WT-NOC-washout-dish3-013,WT,0,0.831,4.36,329.3,0
S9-WT-NOC-washout-dish3-013,WT,0,0.23,6.54,344.3,0
S9-WT-NOC-washout-dish3-013,WT,0,0.752,17.44,137.0,0
S9-WT-NOC-washout-dish3-013,WT,0,0.269,15.26,215.5,0
S9-WT-NOC-washout-dish3-013,WT,0,0.553,14.17,306.9,0
S9-WT-NOC-washout-dish3-013,WT,0,0.176,7.63,271.2,0
S9-WT-NOC-washout-dish3-013,WT,0,0.572,4.36,171.0,0
S9-WT-NOC-washout-dish3-013,WT,0,0.11,10.9,144.5,0
S9-WT-NOC-washout-dish3-013,WT,0,0.158,11.99,243.5,1
S9-WT-NOC-washout-dish3-013,WT,0,0.419,7.63,166.7,0
S9-WT-NOC-washout-dish3-013,WT,0,0.243,5.45,183.6,1
S9-WT-NOC-washout-dish3-013,WT,0,0.901,17.44,255.4,0
S9-WT-NOC-washout-dish3-013,WT,0,0.622,18.53,220.6,0
S9-WT-NOC-washout-dish3-013,WT,0,0.78,6.54,338.2,1
S9-WT-NOC-washout-dish3-013,WT,0,0.802,6.54,434.7,1
S9-WT-NOC-washout-dish3-013,WT,0,0.314,15.26,289.6,1
S9-WT-NOC-washout-dish3-013,WT,0,0.551,9.81,274.7,1
S9-WT-NOC-washout-dish3-013,WT,0,0.937,11.99,205.6,1
S9-WT-NOC-washout-dish3-013,WT,0,0.682,9.81,302.5,0
S9-WT-NOC-washout-dish3-013,WT,0,0.76,15.26,188.4,1
S9-WT-NOC-washout-dish3-013,WT,0,0.6,7.63,263.9,0
S9-WT-NOC-washout-dish3-013,WT,0,0.654,6.54,221.4,0
S9-WT-NOC-washout-dish3-013,WT,0,0.494,8.72,265.3,0
S9-WT-NOC-washout-dish3-013,WT,0,0.447,7.63,153.6,1
S9-WT-NOC-washout-dish3-013,WT,0,0.812,5.45,298.8,0
S9-WT-NOC-washout-dish3-013,WT,0,0.732,27.25,173.9,1
S9-WT-NOC-washout-dish3-013,WT,0,0.043,18.53,127.5,1
S9-WT-NOC-washout-dish3-013,WT,0,0.625,4.36,436.9,1
S9-WT-NOC-washout-dish3-013,WT,0,0.511,25.07,189.5,1
S9-WT-NOC-washout-dish3-013,WT,0,0.702,11.99,294.9,0
S9-WT-NOC-washout-dish3-013,WT,0,0.525,10.9,247.1,0
S9-WT-NOC-washout-dish3-013,WT,0,0.407,26.16,137.1,0
S9-WT-NOC-washout-dish3-013,WT,0,0.498,5.45,355.0,1
S9-WT-NOC-washout-dish3-013,WT,0,0.786,27.25,173.6,0
S9-WT-NOC-washout-dish3-013,WT,0,0.869,6.54,209.7,1
S9-WT-NOC-washout-dish3-013,WT,0,0.604,4.36,290.2,0
S9-WT-NOC-washout-dish3-013,WT,0,0.436,7.63,229.4,0
S9-WT-NOC-washout-dish3-013,WT,0,0.755,17.44,169.3,1
S9-WT-NOC-washout-dish3-013,WT,0,0.526,6.54,390.0,0
S9-WT-NOC-washout-dish3-013,WT,0,0.146,13.08,278.7,0
S9-WT-NOC-washout-dish3-013,WT,0,0.999,9.81,165.0,1
S9-WT-NOC-washout-dish3-013,WT,0,0.825,7.63,295.9,0
S9-WT-NOC-washout-dish3-013,WT,0,0.257,17.44,115.9,1
S9-WT-NOC-washout-dish3-013,WT,0,0.493,11.99,242.9,0
S9-WT-NOC-washout-dish3-013,WT,0,0.776,4.36,356.2,1
S9-WT-NOC-washout-dish3-013,WT,0,0.575,22.89,213.4,0
S9-WT-NOC-washout-dish3-013,WT,0,0.759,20.71,217.5,0
S9-WT-NOC-washout-dish3-013,WT,0,0.432,4.36,127.7,1
S9-WT-NOC-washout-dish3-013,WT,0,0.568,14.17,212.6,0
S9-WT-NOC-washout-dish3-013,WT,0,0.478,16.35,186.3,0
S9-WT-NOC-washout-dish3-013,WT,0,0.482,8.72,232.7,0
S9-WT-NOC-washout-dish3-013,WT,0,0.389,5.45,241.5,0
S9-WT-NOC-washout-dish3-013,WT,0,0.674,9.81,263.4,1
S9-WT-NOC-washout-dish3-013,WT,0,0.577,17.44,200.4,1
S9-WT-NOC-washout-dish3-013,WT,0,0.901,6.54,135.7,0
S9-WT-NOC-washout-dish3-013,WT,0,0.929,9.81,228.3,0
S9-WT-NOC-washout-dish3-013,WT,0,0.51,5.45,323.7,0
S9-WT-NOC-washout-dish3-013,WT,0,0.279,16.35,151.1,0
S9-WT-NOC-washout-dish3-013,WT,0,0.11,15.26,197.6,0
S9-WT-NOC-washout-dish3-013,WT,0,0.548,4.36,389.4,0
S9-WT-NOC-washout-dish3-013,WT,0,0.842,4.36,287.0,0
S9-WT-NOC-washout-dish3-013,WT,0,0.839,11.99,142.5,0
S9-WT-NOC-washout-dish3-013,WT,0,0.795,9.81,252.3,0
S9-WT-NOC-washout-dish3-013,WT,0,0.154,7.63,300.5,1
S9-WT-NOC-washout-dish3-013,WT,0,0.068,5.45,158.5,1
S9-WT-NOC-washout-dish3-013,WT,0,0.528,13.08,134.5,0
S9-WT-NOC-washout-dish3-013,WT,0,0.795,10.9,186.5,0
S9-WT-NOC-washout-dish3-013,WT,0,0.629,7.63,197.8,1
S9-WT-NOC-washout-dish3-013,WT,0,0.489,5.45,245.3,1
S9-WT-NOC-washout-dish3-013,WT,0,0.803,4.36,163.6,1
S9-WT-NOC-washout-dish3-013,WT,0,0.862,7.63,409.8,0
S9-WT-NOC-washout-dish3-013,WT,0,0.479,10.9,86.5,0
S9-WT-NOC-washout-dish3-013,WT,0,0.827,8.72,263.7,1
S9-WT-NOC-washout-dish3-013,WT,0,0.936,4.36,247.8,1
S9-WT-NOC-washout-dish3-013,WT,0,0.71,6.54,349.0,1
S9-WT-NOC-washout-dish3-013,WT,0,0.964,8.72,224.7,0
S9-WT-NOC-washout-dish3-013,WT,0,0.406,9.81,175.5,1
S9-WT-NOC-washout-dish3-013,WT,0,0.751,7.63,186.2,0
S9-WT-NOC-washout-dish3-013,WT,0,0.777,6.54,307.3,0
S9-WT-NOC-washout-dish3-013,WT,0,0.037,4.36,374.3,0
S9-WT-NOC-washout-dish3-013,WT,0,0.444,5.45,188.4,0
S9-WT-NOC-washout-dish3-013,WT,0,0.759,4.36,200.2,1
